inventoryId,seriesId,podcastSeries,entityId,entityType,episodeNumber,episodeTitle,publicationDate,originalField,originalFieldIndex,originalLabel,originalUrl,normalizedUrl,canonicalUrlKey,platform,destinationType,mediaType,official,existingVerificationStatus,existingApprovalState,existingPreferredRank,existingPreferred,retiredDomainIndicator,reviewRequirement,inventoryTimestamp,inventoryGeneratorVersion,duplicateGroup,duplicateStatus,validationJobId
inv-00001,somewhere-in-the-skies-podcast,Somewhere in the Skies,2017-somewhere-in-the-skies-bonus-episode-movie-review-edition-justice-league,podcast_episode,,Somewhere in the Skies Special — BONUS EPISODE - Movie Review Edition: Justice League,2017-12-06,officialMedia,0,Browse Apple Podcasts Series Archive,https://podcasts.apple.com/us/podcast/somewhere-in-the-skies/id1227858637,https://podcasts.apple.com/us/podcast/somewhere-in-the-skies/id1227858637,1e6fb60da53fd5035e63,Apple Podcasts,series,audio,True,verified,approved,6,False,False,network_check_pending,2026-07-28T00:00:00Z,23.5C.1-1.0.0,dup-00001,authoritative,media-audit-303a3cc2642801aa
inv-00002,somewhere-in-the-skies-podcast,Somewhere in the Skies,2017-somewhere-in-the-skies-bonus-episode-movie-review-edition-justice-league,podcast_episode,,Somewhere in the Skies Special — BONUS EPISODE - Movie Review Edition: Justice League,2017-12-06,mediaLinks,0,Browse the official Apple Podcasts archive,https://podcasts.apple.com/us/podcast/somewhere-in-the-skies/id1227858637,https://podcasts.apple.com/us/podcast/somewhere-in-the-skies/id1227858637,1e6fb60da53fd5035e63,Apple Podcasts,series,audio,True,live_verified_fallback,approved,,False,False,network_check_pending,2026-07-28T00:00:00Z,23.5C.1-1.0.0,dup-00001,duplicate,media-audit-303a3cc2642801aa
inv-00003,somewhere-in-the-skies-podcast,Somewhere in the Skies,2017-somewhere-in-the-skies-bonus-episode-movie-review-edition-justice-league,podcast_episode,,Somewhere in the Skies Special — BONUS EPISODE - Movie Review Edition: Justice League,2017-12-06,referenceSources,0,Official Apple Podcasts series archive (episode-specific page unavailable),https://podcasts.apple.com/us/podcast/somewhere-in-the-skies/id1227858637,https://podcasts.apple.com/us/podcast/somewhere-in-the-skies/id1227858637,1e6fb60da53fd5035e63,Apple Podcasts,episode,audio,False,live_verified_fallback,approved,,False,False,network_check_pending,2026-07-28T00:00:00Z,23.5C.1-1.0.0,dup-00001,duplicate,media-audit-303a3cc2642801aa
inv-00004,somewhere-in-the-skies-podcast,Somewhere in the Skies,2017-somewhere-in-the-skies-bonus-episode-movie-review-edition-the-last-jedi,podcast_episode,,Somewhere in the Skies Special — BONUS EPISODE: Movie Review Edition: The Last Jedi,2017-12-21,officialMedia,0,Listen on Apple Podcasts,https://podcasts.apple.com/us/podcast/bonus-episode-movie-review-edition-the-last-jedi/id1227858637?i=1000398008703,https://podcasts.apple.com/us/podcast/bonus-episode-movie-review-edition-the-last-jedi/id1227858637?i=1000398008703,ed1662024ef563030e0a,Apple Podcasts,episode,audio,True,verified,approved,3,False,False,network_check_pending,2026-07-28T00:00:00Z,23.5C.1-1.0.0,dup-00002,authoritative,media-audit-21a820461110a43c
inv-00005,somewhere-in-the-skies-podcast,Somewhere in the Skies,2017-somewhere-in-the-skies-bonus-episode-movie-review-edition-the-last-jedi,podcast_episode,,Somewhere in the Skies Special — BONUS EPISODE: Movie Review Edition: The Last Jedi,2017-12-21,mediaLinks,0,Open exact episode on Apple Podcasts,https://podcasts.apple.com/us/podcast/bonus-episode-movie-review-edition-the-last-jedi/id1227858637?i=1000398008703,https://podcasts.apple.com/us/podcast/bonus-episode-movie-review-edition-the-last-jedi/id1227858637?i=1000398008703,ed1662024ef563030e0a,Apple Podcasts,episode,audio,True,live_verified,approved,,False,False,network_check_pending,2026-07-28T00:00:00Z,23.5C.1-1.0.0,dup-00002,duplicate,media-audit-21a820461110a43c
inv-00006,somewhere-in-the-skies-podcast,Somewhere in the Skies,2017-somewhere-in-the-skies-bonus-episode-movie-review-edition-the-last-jedi,podcast_episode,,Somewhere in the Skies Special — BONUS EPISODE: Movie Review Edition: The Last Jedi,2017-12-21,referenceSources,0,Exact Apple Podcasts episode page,https://podcasts.apple.com/us/podcast/bonus-episode-movie-review-edition-the-last-jedi/id1227858637?i=1000398008703,https://podcasts.apple.com/us/podcast/bonus-episode-movie-review-edition-the-last-jedi/id1227858637?i=1000398008703,ed1662024ef563030e0a,Apple Podcasts,episode,audio,False,live_verified,approved,,False,False,network_check_pending,2026-07-28T00:00:00Z,23.5C.1-1.0.0,dup-00002,duplicate,media-audit-21a820461110a43c
inv-00007,somewhere-in-the-skies-podcast,Somewhere in the Skies,2017-somewhere-in-the-skies-bonus-episode-reviewing-it-with-andrew-sanford,podcast_episode,,"Somewhere in the Skies Special — BONUS EPISODE : Reviewing ""IT"" with Andrew Sanford",2017-09-10,officialMedia,0,Browse Apple Podcasts Series Archive,https://podcasts.apple.com/us/podcast/somewhere-in-the-skies/id1227858637,https://podcasts.apple.com/us/podcast/somewhere-in-the-skies/id1227858637,1e6fb60da53fd5035e63,Apple Podcasts,series,audio,True,verified,approved,6,False,False,network_check_pending,2026-07-28T00:00:00Z,23.5C.1-1.0.0,dup-00003,authoritative,media-audit-927634c74292f011
inv-00008,somewhere-in-the-skies-podcast,Somewhere in the Skies,2017-somewhere-in-the-skies-bonus-episode-reviewing-it-with-andrew-sanford,podcast_episode,,"Somewhere in the Skies Special — BONUS EPISODE : Reviewing ""IT"" with Andrew Sanford",2017-09-10,mediaLinks,0,Browse the official Apple Podcasts archive,https://podcasts.apple.com/us/podcast/somewhere-in-the-skies/id1227858637,https://podcasts.apple.com/us/podcast/somewhere-in-the-skies/id1227858637,1e6fb60da53fd5035e63,Apple Podcasts,series,audio,True,live_verified_fallback,approved,,False,False,network_check_pending,2026-07-28T00:00:00Z,23.5C.1-1.0.0,dup-00003,duplicate,media-audit-927634c74292f011
inv-00009,somewhere-in-the-skies-podcast,Somewhere in the Skies,2017-somewhere-in-the-skies-bonus-episode-reviewing-it-with-andrew-sanford,podcast_episode,,"Somewhere in the Skies Special — BONUS EPISODE : Reviewing ""IT"" with Andrew Sanford",2017-09-10,referenceSources,0,Official Apple Podcasts series archive (episode-specific page unavailable),https://podcasts.apple.com/us/podcast/somewhere-in-the-skies/id1227858637,https://podcasts.apple.com/us/podcast/somewhere-in-the-skies/id1227858637,1e6fb60da53fd5035e63,Apple Podcasts,episode,audio,False,live_verified_fallback,approved,,False,False,network_check_pending,2026-07-28T00:00:00Z,23.5C.1-1.0.0,dup-00003,duplicate,media-audit-927634c74292f011
inv-00010,somewhere-in-the-skies-podcast,Somewhere in the Skies,2017-somewhere-in-the-skies-episode-1,podcast_episode,1,Somewhere in the Skies Episode #1 — Richard Dolan: Media Bias in UFO Coverage,2017-04-17,officialMedia,0,Browse Apple Podcasts Series Archive,https://podcasts.apple.com/us/podcast/somewhere-in-the-skies/id1227858637,https://podcasts.apple.com/us/podcast/somewhere-in-the-skies/id1227858637,1e6fb60da53fd5035e63,Apple Podcasts,series,audio,True,verified,approved,6,False,False,network_check_pending,2026-07-28T00:00:00Z,23.5C.1-1.0.0,dup-00004,authoritative,media-audit-d19327af089ad6f1
inv-00011,somewhere-in-the-skies-podcast,Somewhere in the Skies,2017-somewhere-in-the-skies-episode-1,podcast_episode,1,Somewhere in the Skies Episode #1 — Richard Dolan: Media Bias in UFO Coverage,2017-04-17,mediaLinks,0,Browse the official Apple Podcasts archive,https://podcasts.apple.com/us/podcast/somewhere-in-the-skies/id1227858637,https://podcasts.apple.com/us/podcast/somewhere-in-the-skies/id1227858637,1e6fb60da53fd5035e63,Apple Podcasts,series,audio,True,live_verified_fallback,approved,,False,False,network_check_pending,2026-07-28T00:00:00Z,23.5C.1-1.0.0,dup-00004,duplicate,media-audit-d19327af089ad6f1
inv-00012,somewhere-in-the-skies-podcast,Somewhere in the Skies,2017-somewhere-in-the-skies-episode-1,podcast_episode,1,Somewhere in the Skies Episode #1 — Richard Dolan: Media Bias in UFO Coverage,2017-04-17,referenceSources,0,Official Apple Podcasts series archive (episode-specific page unavailable),https://podcasts.apple.com/us/podcast/somewhere-in-the-skies/id1227858637,https://podcasts.apple.com/us/podcast/somewhere-in-the-skies/id1227858637,1e6fb60da53fd5035e63,Apple Podcasts,episode,audio,False,live_verified_fallback,approved,,False,False,network_check_pending,2026-07-28T00:00:00Z,23.5C.1-1.0.0,dup-00004,duplicate,media-audit-d19327af089ad6f1
inv-00013,somewhere-in-the-skies-podcast,Somewhere in the Skies,2017-somewhere-in-the-skies-episode-10,podcast_episode,10,Somewhere in the Skies Episode #10 — Mark O'Connell: The Close Encounters Man,2017-06-19,officialMedia,0,Browse Apple Podcasts Series Archive,https://podcasts.apple.com/us/podcast/somewhere-in-the-skies/id1227858637,https://podcasts.apple.com/us/podcast/somewhere-in-the-skies/id1227858637,1e6fb60da53fd5035e63,Apple Podcasts,series,audio,True,verified,approved,6,False,False,network_check_pending,2026-07-28T00:00:00Z,23.5C.1-1.0.0,dup-00005,authoritative,media-audit-580aacf4625951d6
inv-00014,somewhere-in-the-skies-podcast,Somewhere in the Skies,2017-somewhere-in-the-skies-episode-10,podcast_episode,10,Somewhere in the Skies Episode #10 — Mark O'Connell: The Close Encounters Man,2017-06-19,mediaLinks,0,Browse the official Apple Podcasts archive,https://podcasts.apple.com/us/podcast/somewhere-in-the-skies/id1227858637,https://podcasts.apple.com/us/podcast/somewhere-in-the-skies/id1227858637,1e6fb60da53fd5035e63,Apple Podcasts,series,audio,True,live_verified_fallback,approved,,False,False,network_check_pending,2026-07-28T00:00:00Z,23.5C.1-1.0.0,dup-00005,duplicate,media-audit-580aacf4625951d6
inv-00015,somewhere-in-the-skies-podcast,Somewhere in the Skies,2017-somewhere-in-the-skies-episode-10,podcast_episode,10,Somewhere in the Skies Episode #10 — Mark O'Connell: The Close Encounters Man,2017-06-19,referenceSources,0,Official Apple Podcasts series archive (episode-specific page unavailable),https://podcasts.apple.com/us/podcast/somewhere-in-the-skies/id1227858637,https://podcasts.apple.com/us/podcast/somewhere-in-the-skies/id1227858637,1e6fb60da53fd5035e63,Apple Podcasts,episode,audio,False,live_verified_fallback,approved,,False,False,network_check_pending,2026-07-28T00:00:00Z,23.5C.1-1.0.0,dup-00005,duplicate,media-audit-580aacf4625951d6
inv-00016,somewhere-in-the-skies-podcast,Somewhere in the Skies,2017-somewhere-in-the-skies-episode-11,podcast_episode,11,"Somewhere in the Skies Episode #11 — Erica Lukes: Dugway, Skinwalker Ranch, and UFOs over Utah",2017-06-26,officialMedia,0,Browse Apple Podcasts Series Archive,https://podcasts.apple.com/us/podcast/somewhere-in-the-skies/id1227858637,https://podcasts.apple.com/us/podcast/somewhere-in-the-skies/id1227858637,1e6fb60da53fd5035e63,Apple Podcasts,series,audio,True,verified,approved,6,False,False,network_check_pending,2026-07-28T00:00:00Z,23.5C.1-1.0.0,dup-00006,authoritative,media-audit-0bbfc497d51b1758
inv-00017,somewhere-in-the-skies-podcast,Somewhere in the Skies,2017-somewhere-in-the-skies-episode-11,podcast_episode,11,"Somewhere in the Skies Episode #11 — Erica Lukes: Dugway, Skinwalker Ranch, and UFOs over Utah",2017-06-26,mediaLinks,0,Browse the official Apple Podcasts archive,https://podcasts.apple.com/us/podcast/somewhere-in-the-skies/id1227858637,https://podcasts.apple.com/us/podcast/somewhere-in-the-skies/id1227858637,1e6fb60da53fd5035e63,Apple Podcasts,series,audio,True,live_verified_fallback,approved,,False,False,network_check_pending,2026-07-28T00:00:00Z,23.5C.1-1.0.0,dup-00006,duplicate,media-audit-0bbfc497d51b1758
inv-00018,somewhere-in-the-skies-podcast,Somewhere in the Skies,2017-somewhere-in-the-skies-episode-11,podcast_episode,11,"Somewhere in the Skies Episode #11 — Erica Lukes: Dugway, Skinwalker Ranch, and UFOs over Utah",2017-06-26,referenceSources,0,Official Apple Podcasts series archive (episode-specific page unavailable),https://podcasts.apple.com/us/podcast/somewhere-in-the-skies/id1227858637,https://podcasts.apple.com/us/podcast/somewhere-in-the-skies/id1227858637,1e6fb60da53fd5035e63,Apple Podcasts,episode,audio,False,live_verified_fallback,approved,,False,False,network_check_pending,2026-07-28T00:00:00Z,23.5C.1-1.0.0,dup-00006,duplicate,media-audit-0bbfc497d51b1758
inv-00019,somewhere-in-the-skies-podcast,Somewhere in the Skies,2017-somewhere-in-the-skies-episode-12,podcast_episode,12,Somewhere in the Skies Episode #12 — Simon Sharman: Cosmic Whistleblowers,2017-07-03,officialMedia,0,Browse Apple Podcasts Series Archive,https://podcasts.apple.com/us/podcast/somewhere-in-the-skies/id1227858637,https://podcasts.apple.com/us/podcast/somewhere-in-the-skies/id1227858637,1e6fb60da53fd5035e63,Apple Podcasts,series,audio,True,verified,approved,6,False,False,network_check_pending,2026-07-28T00:00:00Z,23.5C.1-1.0.0,dup-00007,authoritative,media-audit-d2fcee724e8cff7f
inv-00020,somewhere-in-the-skies-podcast,Somewhere in the Skies,2017-somewhere-in-the-skies-episode-12,podcast_episode,12,Somewhere in the Skies Episode #12 — Simon Sharman: Cosmic Whistleblowers,2017-07-03,mediaLinks,0,Browse the official Apple Podcasts archive,https://podcasts.apple.com/us/podcast/somewhere-in-the-skies/id1227858637,https://podcasts.apple.com/us/podcast/somewhere-in-the-skies/id1227858637,1e6fb60da53fd5035e63,Apple Podcasts,series,audio,True,live_verified_fallback,approved,,False,False,network_check_pending,2026-07-28T00:00:00Z,23.5C.1-1.0.0,dup-00007,duplicate,media-audit-d2fcee724e8cff7f
inv-00021,somewhere-in-the-skies-podcast,Somewhere in the Skies,2017-somewhere-in-the-skies-episode-12,podcast_episode,12,Somewhere in the Skies Episode #12 — Simon Sharman: Cosmic Whistleblowers,2017-07-03,referenceSources,0,Official Apple Podcasts series archive (episode-specific page unavailable),https://podcasts.apple.com/us/podcast/somewhere-in-the-skies/id1227858637,https://podcasts.apple.com/us/podcast/somewhere-in-the-skies/id1227858637,1e6fb60da53fd5035e63,Apple Podcasts,episode,audio,False,live_verified_fallback,approved,,False,False,network_check_pending,2026-07-28T00:00:00Z,23.5C.1-1.0.0,dup-00007,duplicate,media-audit-d2fcee724e8cff7f
inv-00022,somewhere-in-the-skies-podcast,Somewhere in the Skies,2017-somewhere-in-the-skies-episode-13,podcast_episode,13,Somewhere in the Skies Episode #13 — Mike Damante: Punk Rock and UFOs,2017-07-10,officialMedia,0,Browse Apple Podcasts Series Archive,https://podcasts.apple.com/us/podcast/somewhere-in-the-skies/id1227858637,https://podcasts.apple.com/us/podcast/somewhere-in-the-skies/id1227858637,1e6fb60da53fd5035e63,Apple Podcasts,series,audio,True,verified,approved,6,False,False,network_check_pending,2026-07-28T00:00:00Z,23.5C.1-1.0.0,dup-00008,authoritative,media-audit-a02bd6971c737259
inv-00023,somewhere-in-the-skies-podcast,Somewhere in the Skies,2017-somewhere-in-the-skies-episode-13,podcast_episode,13,Somewhere in the Skies Episode #13 — Mike Damante: Punk Rock and UFOs,2017-07-10,mediaLinks,0,Browse the official Apple Podcasts archive,https://podcasts.apple.com/us/podcast/somewhere-in-the-skies/id1227858637,https://podcasts.apple.com/us/podcast/somewhere-in-the-skies/id1227858637,1e6fb60da53fd5035e63,Apple Podcasts,series,audio,True,live_verified_fallback,approved,,False,False,network_check_pending,2026-07-28T00:00:00Z,23.5C.1-1.0.0,dup-00008,duplicate,media-audit-a02bd6971c737259
inv-00024,somewhere-in-the-skies-podcast,Somewhere in the Skies,2017-somewhere-in-the-skies-episode-13,podcast_episode,13,Somewhere in the Skies Episode #13 — Mike Damante: Punk Rock and UFOs,2017-07-10,referenceSources,0,Official Apple Podcasts series archive (episode-specific page unavailable),https://podcasts.apple.com/us/podcast/somewhere-in-the-skies/id1227858637,https://podcasts.apple.com/us/podcast/somewhere-in-the-skies/id1227858637,1e6fb60da53fd5035e63,Apple Podcasts,episode,audio,False,live_verified_fallback,approved,,False,False,network_check_pending,2026-07-28T00:00:00Z,23.5C.1-1.0.0,dup-00008,duplicate,media-audit-a02bd6971c737259
inv-00025,somewhere-in-the-skies-podcast,Somewhere in the Skies,2017-somewhere-in-the-skies-episode-14,podcast_episode,14,Somewhere in the Skies Episode #14 — Jeremy Corbell: UFOs as a Clockwork Orange,2017-07-17,officialMedia,0,Browse Apple Podcasts Series Archive,https://podcasts.apple.com/us/podcast/somewhere-in-the-skies/id1227858637,https://podcasts.apple.com/us/podcast/somewhere-in-the-skies/id1227858637,1e6fb60da53fd5035e63,Apple Podcasts,series,audio,True,verified,approved,6,False,False,network_check_pending,2026-07-28T00:00:00Z,23.5C.1-1.0.0,dup-00009,authoritative,media-audit-c2aa8b1ea8918151
inv-00026,somewhere-in-the-skies-podcast,Somewhere in the Skies,2017-somewhere-in-the-skies-episode-14,podcast_episode,14,Somewhere in the Skies Episode #14 — Jeremy Corbell: UFOs as a Clockwork Orange,2017-07-17,mediaLinks,0,Browse the official Apple Podcasts archive,https://podcasts.apple.com/us/podcast/somewhere-in-the-skies/id1227858637,https://podcasts.apple.com/us/podcast/somewhere-in-the-skies/id1227858637,1e6fb60da53fd5035e63,Apple Podcasts,series,audio,True,live_verified_fallback,approved,,False,False,network_check_pending,2026-07-28T00:00:00Z,23.5C.1-1.0.0,dup-00009,duplicate,media-audit-c2aa8b1ea8918151
inv-00027,somewhere-in-the-skies-podcast,Somewhere in the Skies,2017-somewhere-in-the-skies-episode-14,podcast_episode,14,Somewhere in the Skies Episode #14 — Jeremy Corbell: UFOs as a Clockwork Orange,2017-07-17,referenceSources,0,Official Apple Podcasts series archive (episode-specific page unavailable),https://podcasts.apple.com/us/podcast/somewhere-in-the-skies/id1227858637,https://podcasts.apple.com/us/podcast/somewhere-in-the-skies/id1227858637,1e6fb60da53fd5035e63,Apple Podcasts,episode,audio,False,live_verified_fallback,approved,,False,False,network_check_pending,2026-07-28T00:00:00Z,23.5C.1-1.0.0,dup-00009,duplicate,media-audit-c2aa8b1ea8918151
inv-00028,somewhere-in-the-skies-podcast,Somewhere in the Skies,2017-somewhere-in-the-skies-episode-15,podcast_episode,15,Somewhere in the Skies Episode #15 — David Jenkins: People of Earth,2017-07-24,officialMedia,0,Listen on Apple Podcasts,https://podcasts.apple.com/us/podcast/david-jenkins-people-of-earth/id1227858637?i=1000390228455,https://podcasts.apple.com/us/podcast/david-jenkins-people-of-earth/id1227858637?i=1000390228455,a7fd7c469279813bec92,Apple Podcasts,episode,audio,True,verified,approved,3,False,False,network_check_pending,2026-07-28T00:00:00Z,23.5C.1-1.0.0,dup-00010,authoritative,media-audit-8f66302789ade064
inv-00029,somewhere-in-the-skies-podcast,Somewhere in the Skies,2017-somewhere-in-the-skies-episode-15,podcast_episode,15,Somewhere in the Skies Episode #15 — David Jenkins: People of Earth,2017-07-24,mediaLinks,0,Open exact episode on Apple Podcasts,https://podcasts.apple.com/us/podcast/david-jenkins-people-of-earth/id1227858637?i=1000390228455,https://podcasts.apple.com/us/podcast/david-jenkins-people-of-earth/id1227858637?i=1000390228455,a7fd7c469279813bec92,Apple Podcasts,episode,audio,True,live_verified,approved,,False,False,network_check_pending,2026-07-28T00:00:00Z,23.5C.1-1.0.0,dup-00010,duplicate,media-audit-8f66302789ade064
inv-00030,somewhere-in-the-skies-podcast,Somewhere in the Skies,2017-somewhere-in-the-skies-episode-15,podcast_episode,15,Somewhere in the Skies Episode #15 — David Jenkins: People of Earth,2017-07-24,referenceSources,0,Exact Apple Podcasts episode page,https://podcasts.apple.com/us/podcast/david-jenkins-people-of-earth/id1227858637?i=1000390228455,https://podcasts.apple.com/us/podcast/david-jenkins-people-of-earth/id1227858637?i=1000390228455,a7fd7c469279813bec92,Apple Podcasts,episode,audio,False,live_verified,approved,,False,False,network_check_pending,2026-07-28T00:00:00Z,23.5C.1-1.0.0,dup-00010,duplicate,media-audit-8f66302789ade064
inv-00031,somewhere-in-the-skies-podcast,Somewhere in the Skies,2017-somewhere-in-the-skies-episode-16,podcast_episode,16,Somewhere in the Skies Episode #16 — Sammy Waisanen: The Howl Horror Program and Fire in the Sky,2017-07-31,officialMedia,0,Browse Apple Podcasts Series Archive,https://podcasts.apple.com/us/podcast/somewhere-in-the-skies/id1227858637,https://podcasts.apple.com/us/podcast/somewhere-in-the-skies/id1227858637,1e6fb60da53fd5035e63,Apple Podcasts,series,audio,True,verified,approved,6,False,False,network_check_pending,2026-07-28T00:00:00Z,23.5C.1-1.0.0,dup-00011,authoritative,media-audit-19a7e26233df2a10
inv-00032,somewhere-in-the-skies-podcast,Somewhere in the Skies,2017-somewhere-in-the-skies-episode-16,podcast_episode,16,Somewhere in the Skies Episode #16 — Sammy Waisanen: The Howl Horror Program and Fire in the Sky,2017-07-31,mediaLinks,0,Browse the official Apple Podcasts archive,https://podcasts.apple.com/us/podcast/somewhere-in-the-skies/id1227858637,https://podcasts.apple.com/us/podcast/somewhere-in-the-skies/id1227858637,1e6fb60da53fd5035e63,Apple Podcasts,series,audio,True,live_verified_fallback,approved,,False,False,network_check_pending,2026-07-28T00:00:00Z,23.5C.1-1.0.0,dup-00011,duplicate,media-audit-19a7e26233df2a10
inv-00033,somewhere-in-the-skies-podcast,Somewhere in the Skies,2017-somewhere-in-the-skies-episode-16,podcast_episode,16,Somewhere in the Skies Episode #16 — Sammy Waisanen: The Howl Horror Program and Fire in the Sky,2017-07-31,referenceSources,0,Official Apple Podcasts series archive (episode-specific page unavailable),https://podcasts.apple.com/us/podcast/somewhere-in-the-skies/id1227858637,https://podcasts.apple.com/us/podcast/somewhere-in-the-skies/id1227858637,1e6fb60da53fd5035e63,Apple Podcasts,episode,audio,False,live_verified_fallback,approved,,False,False,network_check_pending,2026-07-28T00:00:00Z,23.5C.1-1.0.0,dup-00011,duplicate,media-audit-19a7e26233df2a10
inv-00034,somewhere-in-the-skies-podcast,Somewhere in the Skies,2017-somewhere-in-the-skies-episode-17,podcast_episode,17,"Somewhere in the Skies Episode #17 — Peter Robbins: Imagery, Reality, and UFOs: Sorting Truth From Fiction",2017-08-07,officialMedia,0,Browse Apple Podcasts Series Archive,https://podcasts.apple.com/us/podcast/somewhere-in-the-skies/id1227858637,https://podcasts.apple.com/us/podcast/somewhere-in-the-skies/id1227858637,1e6fb60da53fd5035e63,Apple Podcasts,series,audio,True,verified,approved,6,False,False,network_check_pending,2026-07-28T00:00:00Z,23.5C.1-1.0.0,dup-00012,authoritative,media-audit-9995b283785e0113
inv-00035,somewhere-in-the-skies-podcast,Somewhere in the Skies,2017-somewhere-in-the-skies-episode-17,podcast_episode,17,"Somewhere in the Skies Episode #17 — Peter Robbins: Imagery, Reality, and UFOs: Sorting Truth From Fiction",2017-08-07,mediaLinks,0,Browse the official Apple Podcasts archive,https://podcasts.apple.com/us/podcast/somewhere-in-the-skies/id1227858637,https://podcasts.apple.com/us/podcast/somewhere-in-the-skies/id1227858637,1e6fb60da53fd5035e63,Apple Podcasts,series,audio,True,live_verified_fallback,approved,,False,False,network_check_pending,2026-07-28T00:00:00Z,23.5C.1-1.0.0,dup-00012,duplicate,media-audit-9995b283785e0113
inv-00036,somewhere-in-the-skies-podcast,Somewhere in the Skies,2017-somewhere-in-the-skies-episode-17,podcast_episode,17,"Somewhere in the Skies Episode #17 — Peter Robbins: Imagery, Reality, and UFOs: Sorting Truth From Fiction",2017-08-07,referenceSources,0,Official Apple Podcasts series archive (episode-specific page unavailable),https://podcasts.apple.com/us/podcast/somewhere-in-the-skies/id1227858637,https://podcasts.apple.com/us/podcast/somewhere-in-the-skies/id1227858637,1e6fb60da53fd5035e63,Apple Podcasts,episode,audio,False,live_verified_fallback,approved,,False,False,network_check_pending,2026-07-28T00:00:00Z,23.5C.1-1.0.0,dup-00012,duplicate,media-audit-9995b283785e0113
inv-00037,somewhere-in-the-skies-podcast,Somewhere in the Skies,2017-somewhere-in-the-skies-episode-18,podcast_episode,18,"Somewhere in the Skies Episode #18 — MJ Banias: Whiskey, UFOs, and Shaking the ET Hypothesis",2017-08-14,officialMedia,0,Browse Apple Podcasts Series Archive,https://podcasts.apple.com/us/podcast/somewhere-in-the-skies/id1227858637,https://podcasts.apple.com/us/podcast/somewhere-in-the-skies/id1227858637,1e6fb60da53fd5035e63,Apple Podcasts,series,audio,True,verified,approved,6,False,False,network_check_pending,2026-07-28T00:00:00Z,23.5C.1-1.0.0,dup-00013,authoritative,media-audit-30265b51c3562680
inv-00038,somewhere-in-the-skies-podcast,Somewhere in the Skies,2017-somewhere-in-the-skies-episode-18,podcast_episode,18,"Somewhere in the Skies Episode #18 — MJ Banias: Whiskey, UFOs, and Shaking the ET Hypothesis",2017-08-14,mediaLinks,0,Browse the official Apple Podcasts archive,https://podcasts.apple.com/us/podcast/somewhere-in-the-skies/id1227858637,https://podcasts.apple.com/us/podcast/somewhere-in-the-skies/id1227858637,1e6fb60da53fd5035e63,Apple Podcasts,series,audio,True,live_verified_fallback,approved,,False,False,network_check_pending,2026-07-28T00:00:00Z,23.5C.1-1.0.0,dup-00013,duplicate,media-audit-30265b51c3562680
inv-00039,somewhere-in-the-skies-podcast,Somewhere in the Skies,2017-somewhere-in-the-skies-episode-18,podcast_episode,18,"Somewhere in the Skies Episode #18 — MJ Banias: Whiskey, UFOs, and Shaking the ET Hypothesis",2017-08-14,referenceSources,0,Official Apple Podcasts series archive (episode-specific page unavailable),https://podcasts.apple.com/us/podcast/somewhere-in-the-skies/id1227858637,https://podcasts.apple.com/us/podcast/somewhere-in-the-skies/id1227858637,1e6fb60da53fd5035e63,Apple Podcasts,episode,audio,False,live_verified_fallback,approved,,False,False,network_check_pending,2026-07-28T00:00:00Z,23.5C.1-1.0.0,dup-00013,duplicate,media-audit-30265b51c3562680
inv-00040,somewhere-in-the-skies-podcast,Somewhere in the Skies,2017-somewhere-in-the-skies-episode-19,podcast_episode,19,Somewhere in the Skies Episode #19 — Ben Mezrich: The 37th Parallel,2017-08-20,officialMedia,0,Browse Apple Podcasts Series Archive,https://podcasts.apple.com/us/podcast/somewhere-in-the-skies/id1227858637,https://podcasts.apple.com/us/podcast/somewhere-in-the-skies/id1227858637,1e6fb60da53fd5035e63,Apple Podcasts,series,audio,True,verified,approved,6,False,False,network_check_pending,2026-07-28T00:00:00Z,23.5C.1-1.0.0,dup-00014,authoritative,media-audit-df550ebf021f4543
inv-00041,somewhere-in-the-skies-podcast,Somewhere in the Skies,2017-somewhere-in-the-skies-episode-19,podcast_episode,19,Somewhere in the Skies Episode #19 — Ben Mezrich: The 37th Parallel,2017-08-20,mediaLinks,0,Browse the official Apple Podcasts archive,https://podcasts.apple.com/us/podcast/somewhere-in-the-skies/id1227858637,https://podcasts.apple.com/us/podcast/somewhere-in-the-skies/id1227858637,1e6fb60da53fd5035e63,Apple Podcasts,series,audio,True,live_verified_fallback,approved,,False,False,network_check_pending,2026-07-28T00:00:00Z,23.5C.1-1.0.0,dup-00014,duplicate,media-audit-df550ebf021f4543
inv-00042,somewhere-in-the-skies-podcast,Somewhere in the Skies,2017-somewhere-in-the-skies-episode-19,podcast_episode,19,Somewhere in the Skies Episode #19 — Ben Mezrich: The 37th Parallel,2017-08-20,referenceSources,0,Official Apple Podcasts series archive (episode-specific page unavailable),https://podcasts.apple.com/us/podcast/somewhere-in-the-skies/id1227858637,https://podcasts.apple.com/us/podcast/somewhere-in-the-skies/id1227858637,1e6fb60da53fd5035e63,Apple Podcasts,episode,audio,False,live_verified_fallback,approved,,False,False,network_check_pending,2026-07-28T00:00:00Z,23.5C.1-1.0.0,dup-00014,duplicate,media-audit-df550ebf021f4543
inv-00043,somewhere-in-the-skies-podcast,Somewhere in the Skies,2017-somewhere-in-the-skies-episode-2,podcast_episode,2,"Somewhere in the Skies Episode #2 — Micah Hanks: Building a Better UFOlogy | Truth, Myths & the Future of UAP Research",2017-04-24,officialMedia,0,Listen on Apple Podcasts,https://podcasts.apple.com/us/podcast/micah-hanks-toward-a-better-ufology/id1227858637?i=1000384707651,https://podcasts.apple.com/us/podcast/micah-hanks-toward-a-better-ufology/id1227858637?i=1000384707651,5550b565e51b67a8db1e,Apple Podcasts,episode,audio,True,verified,approved,3,False,False,network_check_pending,2026-07-28T00:00:00Z,23.5C.1-1.0.0,dup-00015,authoritative,media-audit-54c0cd7c1598f4fd
inv-00044,somewhere-in-the-skies-podcast,Somewhere in the Skies,2017-somewhere-in-the-skies-episode-2,podcast_episode,2,"Somewhere in the Skies Episode #2 — Micah Hanks: Building a Better UFOlogy | Truth, Myths & the Future of UAP Research",2017-04-24,mediaLinks,0,Open exact episode on Apple Podcasts,https://podcasts.apple.com/us/podcast/micah-hanks-toward-a-better-ufology/id1227858637?i=1000384707651,https://podcasts.apple.com/us/podcast/micah-hanks-toward-a-better-ufology/id1227858637?i=1000384707651,5550b565e51b67a8db1e,Apple Podcasts,episode,audio,True,live_verified,approved,,False,False,network_check_pending,2026-07-28T00:00:00Z,23.5C.1-1.0.0,dup-00015,duplicate,media-audit-54c0cd7c1598f4fd
inv-00045,somewhere-in-the-skies-podcast,Somewhere in the Skies,2017-somewhere-in-the-skies-episode-2,podcast_episode,2,"Somewhere in the Skies Episode #2 — Micah Hanks: Building a Better UFOlogy | Truth, Myths & the Future of UAP Research",2017-04-24,referenceSources,0,Exact Apple Podcasts episode page,https://podcasts.apple.com/us/podcast/micah-hanks-toward-a-better-ufology/id1227858637?i=1000384707651,https://podcasts.apple.com/us/podcast/micah-hanks-toward-a-better-ufology/id1227858637?i=1000384707651,5550b565e51b67a8db1e,Apple Podcasts,episode,audio,False,live_verified,approved,,False,False,network_check_pending,2026-07-28T00:00:00Z,23.5C.1-1.0.0,dup-00015,duplicate,media-audit-54c0cd7c1598f4fd
inv-00046,somewhere-in-the-skies-podcast,Somewhere in the Skies,2017-somewhere-in-the-skies-episode-20,podcast_episode,20,Somewhere in the Skies Episode #20 — Spooked in Nova Scotia: A Paranormal Roundtable,2017-08-28,officialMedia,0,Browse Apple Podcasts Series Archive,https://podcasts.apple.com/us/podcast/somewhere-in-the-skies/id1227858637,https://podcasts.apple.com/us/podcast/somewhere-in-the-skies/id1227858637,1e6fb60da53fd5035e63,Apple Podcasts,series,audio,True,verified,approved,6,False,False,network_check_pending,2026-07-28T00:00:00Z,23.5C.1-1.0.0,dup-00016,authoritative,media-audit-4090f1bd5e5515c0
inv-00047,somewhere-in-the-skies-podcast,Somewhere in the Skies,2017-somewhere-in-the-skies-episode-20,podcast_episode,20,Somewhere in the Skies Episode #20 — Spooked in Nova Scotia: A Paranormal Roundtable,2017-08-28,mediaLinks,0,Browse the official Apple Podcasts archive,https://podcasts.apple.com/us/podcast/somewhere-in-the-skies/id1227858637,https://podcasts.apple.com/us/podcast/somewhere-in-the-skies/id1227858637,1e6fb60da53fd5035e63,Apple Podcasts,series,audio,True,live_verified_fallback,approved,,False,False,network_check_pending,2026-07-28T00:00:00Z,23.5C.1-1.0.0,dup-00016,duplicate,media-audit-4090f1bd5e5515c0
inv-00048,somewhere-in-the-skies-podcast,Somewhere in the Skies,2017-somewhere-in-the-skies-episode-20,podcast_episode,20,Somewhere in the Skies Episode #20 — Spooked in Nova Scotia: A Paranormal Roundtable,2017-08-28,referenceSources,0,Official Apple Podcasts series archive (episode-specific page unavailable),https://podcasts.apple.com/us/podcast/somewhere-in-the-skies/id1227858637,https://podcasts.apple.com/us/podcast/somewhere-in-the-skies/id1227858637,1e6fb60da53fd5035e63,Apple Podcasts,episode,audio,False,live_verified_fallback,approved,,False,False,network_check_pending,2026-07-28T00:00:00Z,23.5C.1-1.0.0,dup-00016,duplicate,media-audit-4090f1bd5e5515c0
inv-00049,somewhere-in-the-skies-podcast,Somewhere in the Skies,2017-somewhere-in-the-skies-episode-21,podcast_episode,21,"Somewhere in the Skies Episode #21 — Jason McClellan: Beers, Ghosts, and UFOs",2017-09-04,officialMedia,0,Browse Apple Podcasts Series Archive,https://podcasts.apple.com/us/podcast/somewhere-in-the-skies/id1227858637,https://podcasts.apple.com/us/podcast/somewhere-in-the-skies/id1227858637,1e6fb60da53fd5035e63,Apple Podcasts,series,audio,True,verified,approved,6,False,False,network_check_pending,2026-07-28T00:00:00Z,23.5C.1-1.0.0,dup-00017,authoritative,media-audit-a623ed003ad0e239
inv-00050,somewhere-in-the-skies-podcast,Somewhere in the Skies,2017-somewhere-in-the-skies-episode-21,podcast_episode,21,"Somewhere in the Skies Episode #21 — Jason McClellan: Beers, Ghosts, and UFOs",2017-09-04,mediaLinks,0,Browse the official Apple Podcasts archive,https://podcasts.apple.com/us/podcast/somewhere-in-the-skies/id1227858637,https://podcasts.apple.com/us/podcast/somewhere-in-the-skies/id1227858637,1e6fb60da53fd5035e63,Apple Podcasts,series,audio,True,live_verified_fallback,approved,,False,False,network_check_pending,2026-07-28T00:00:00Z,23.5C.1-1.0.0,dup-00017,duplicate,media-audit-a623ed003ad0e239
inv-00051,somewhere-in-the-skies-podcast,Somewhere in the Skies,2017-somewhere-in-the-skies-episode-21,podcast_episode,21,"Somewhere in the Skies Episode #21 — Jason McClellan: Beers, Ghosts, and UFOs",2017-09-04,referenceSources,0,Official Apple Podcasts series archive (episode-specific page unavailable),https://podcasts.apple.com/us/podcast/somewhere-in-the-skies/id1227858637,https://podcasts.apple.com/us/podcast/somewhere-in-the-skies/id1227858637,1e6fb60da53fd5035e63,Apple Podcasts,episode,audio,False,live_verified_fallback,approved,,False,False,network_check_pending,2026-07-28T00:00:00Z,23.5C.1-1.0.0,dup-00017,duplicate,media-audit-a623ed003ad0e239
inv-00052,somewhere-in-the-skies-podcast,Somewhere in the Skies,2017-somewhere-in-the-skies-episode-22,podcast_episode,22,Somewhere in the Skies Episode #22 — Mike Clelland: The Messengers,2017-09-11,officialMedia,0,Browse Apple Podcasts Series Archive,https://podcasts.apple.com/us/podcast/somewhere-in-the-skies/id1227858637,https://podcasts.apple.com/us/podcast/somewhere-in-the-skies/id1227858637,1e6fb60da53fd5035e63,Apple Podcasts,series,audio,True,verified,approved,6,False,False,network_check_pending,2026-07-28T00:00:00Z,23.5C.1-1.0.0,dup-00018,authoritative,media-audit-855996eeda137855
inv-00053,somewhere-in-the-skies-podcast,Somewhere in the Skies,2017-somewhere-in-the-skies-episode-22,podcast_episode,22,Somewhere in the Skies Episode #22 — Mike Clelland: The Messengers,2017-09-11,mediaLinks,0,Browse the official Apple Podcasts archive,https://podcasts.apple.com/us/podcast/somewhere-in-the-skies/id1227858637,https://podcasts.apple.com/us/podcast/somewhere-in-the-skies/id1227858637,1e6fb60da53fd5035e63,Apple Podcasts,series,audio,True,live_verified_fallback,approved,,False,False,network_check_pending,2026-07-28T00:00:00Z,23.5C.1-1.0.0,dup-00018,duplicate,media-audit-855996eeda137855
inv-00054,somewhere-in-the-skies-podcast,Somewhere in the Skies,2017-somewhere-in-the-skies-episode-22,podcast_episode,22,Somewhere in the Skies Episode #22 — Mike Clelland: The Messengers,2017-09-11,referenceSources,0,Official Apple Podcasts series archive (episode-specific page unavailable),https://podcasts.apple.com/us/podcast/somewhere-in-the-skies/id1227858637,https://podcasts.apple.com/us/podcast/somewhere-in-the-skies/id1227858637,1e6fb60da53fd5035e63,Apple Podcasts,episode,audio,False,live_verified_fallback,approved,,False,False,network_check_pending,2026-07-28T00:00:00Z,23.5C.1-1.0.0,dup-00018,duplicate,media-audit-855996eeda137855
inv-00055,somewhere-in-the-skies-podcast,Somewhere in the Skies,2017-somewhere-in-the-skies-episode-23,podcast_episode,23,Somewhere in the Skies Episode #23 — The Truth Is Out There with the Guilty Pleasure Podcast,2017-09-18,officialMedia,0,Browse Apple Podcasts Series Archive,https://podcasts.apple.com/us/podcast/somewhere-in-the-skies/id1227858637,https://podcasts.apple.com/us/podcast/somewhere-in-the-skies/id1227858637,1e6fb60da53fd5035e63,Apple Podcasts,series,audio,True,verified,approved,6,False,False,network_check_pending,2026-07-28T00:00:00Z,23.5C.1-1.0.0,dup-00019,authoritative,media-audit-c58af02a1001d834
inv-00056,somewhere-in-the-skies-podcast,Somewhere in the Skies,2017-somewhere-in-the-skies-episode-23,podcast_episode,23,Somewhere in the Skies Episode #23 — The Truth Is Out There with the Guilty Pleasure Podcast,2017-09-18,mediaLinks,0,Browse the official Apple Podcasts archive,https://podcasts.apple.com/us/podcast/somewhere-in-the-skies/id1227858637,https://podcasts.apple.com/us/podcast/somewhere-in-the-skies/id1227858637,1e6fb60da53fd5035e63,Apple Podcasts,series,audio,True,live_verified_fallback,approved,,False,False,network_check_pending,2026-07-28T00:00:00Z,23.5C.1-1.0.0,dup-00019,duplicate,media-audit-c58af02a1001d834
inv-00057,somewhere-in-the-skies-podcast,Somewhere in the Skies,2017-somewhere-in-the-skies-episode-23,podcast_episode,23,Somewhere in the Skies Episode #23 — The Truth Is Out There with the Guilty Pleasure Podcast,2017-09-18,referenceSources,0,Official Apple Podcasts series archive (episode-specific page unavailable),https://podcasts.apple.com/us/podcast/somewhere-in-the-skies/id1227858637,https://podcasts.apple.com/us/podcast/somewhere-in-the-skies/id1227858637,1e6fb60da53fd5035e63,Apple Podcasts,episode,audio,False,live_verified_fallback,approved,,False,False,network_check_pending,2026-07-28T00:00:00Z,23.5C.1-1.0.0,dup-00019,duplicate,media-audit-c58af02a1001d834
inv-00058,somewhere-in-the-skies-podcast,Somewhere in the Skies,2017-somewhere-in-the-skies-episode-24,podcast_episode,24,Somewhere in the Skies Episode #24 — Chris Garetano: Dark Files and the Montauk Project,2017-09-25,officialMedia,0,Browse Apple Podcasts Series Archive,https://podcasts.apple.com/us/podcast/somewhere-in-the-skies/id1227858637,https://podcasts.apple.com/us/podcast/somewhere-in-the-skies/id1227858637,1e6fb60da53fd5035e63,Apple Podcasts,series,audio,True,verified,approved,6,False,False,network_check_pending,2026-07-28T00:00:00Z,23.5C.1-1.0.0,dup-00020,authoritative,media-audit-732c5fcf170bbabf
inv-00059,somewhere-in-the-skies-podcast,Somewhere in the Skies,2017-somewhere-in-the-skies-episode-24,podcast_episode,24,Somewhere in the Skies Episode #24 — Chris Garetano: Dark Files and the Montauk Project,2017-09-25,mediaLinks,0,Browse the official Apple Podcasts archive,https://podcasts.apple.com/us/podcast/somewhere-in-the-skies/id1227858637,https://podcasts.apple.com/us/podcast/somewhere-in-the-skies/id1227858637,1e6fb60da53fd5035e63,Apple Podcasts,series,audio,True,live_verified_fallback,approved,,False,False,network_check_pending,2026-07-28T00:00:00Z,23.5C.1-1.0.0,dup-00020,duplicate,media-audit-732c5fcf170bbabf
inv-00060,somewhere-in-the-skies-podcast,Somewhere in the Skies,2017-somewhere-in-the-skies-episode-24,podcast_episode,24,Somewhere in the Skies Episode #24 — Chris Garetano: Dark Files and the Montauk Project,2017-09-25,referenceSources,0,Official Apple Podcasts series archive (episode-specific page unavailable),https://podcasts.apple.com/us/podcast/somewhere-in-the-skies/id1227858637,https://podcasts.apple.com/us/podcast/somewhere-in-the-skies/id1227858637,1e6fb60da53fd5035e63,Apple Podcasts,episode,audio,False,live_verified_fallback,approved,,False,False,network_check_pending,2026-07-28T00:00:00Z,23.5C.1-1.0.0,dup-00020,duplicate,media-audit-732c5fcf170bbabf
inv-00061,somewhere-in-the-skies-podcast,Somewhere in the Skies,2017-somewhere-in-the-skies-episode-25,podcast_episode,25,Somewhere in the Skies Episode #25 — Seth Breedlove: Invasion on Chestnut Ridge,2017-10-02,officialMedia,0,Browse Apple Podcasts Series Archive,https://podcasts.apple.com/us/podcast/somewhere-in-the-skies/id1227858637,https://podcasts.apple.com/us/podcast/somewhere-in-the-skies/id1227858637,1e6fb60da53fd5035e63,Apple Podcasts,series,audio,True,verified,approved,6,False,False,network_check_pending,2026-07-28T00:00:00Z,23.5C.1-1.0.0,dup-00021,authoritative,media-audit-392777bce937e7b5
inv-00062,somewhere-in-the-skies-podcast,Somewhere in the Skies,2017-somewhere-in-the-skies-episode-25,podcast_episode,25,Somewhere in the Skies Episode #25 — Seth Breedlove: Invasion on Chestnut Ridge,2017-10-02,mediaLinks,0,Browse the official Apple Podcasts archive,https://podcasts.apple.com/us/podcast/somewhere-in-the-skies/id1227858637,https://podcasts.apple.com/us/podcast/somewhere-in-the-skies/id1227858637,1e6fb60da53fd5035e63,Apple Podcasts,series,audio,True,live_verified_fallback,approved,,False,False,network_check_pending,2026-07-28T00:00:00Z,23.5C.1-1.0.0,dup-00021,duplicate,media-audit-392777bce937e7b5
inv-00063,somewhere-in-the-skies-podcast,Somewhere in the Skies,2017-somewhere-in-the-skies-episode-25,podcast_episode,25,Somewhere in the Skies Episode #25 — Seth Breedlove: Invasion on Chestnut Ridge,2017-10-02,referenceSources,0,Official Apple Podcasts series archive (episode-specific page unavailable),https://podcasts.apple.com/us/podcast/somewhere-in-the-skies/id1227858637,https://podcasts.apple.com/us/podcast/somewhere-in-the-skies/id1227858637,1e6fb60da53fd5035e63,Apple Podcasts,episode,audio,False,live_verified_fallback,approved,,False,False,network_check_pending,2026-07-28T00:00:00Z,23.5C.1-1.0.0,dup-00021,duplicate,media-audit-392777bce937e7b5
inv-00064,somewhere-in-the-skies-podcast,Somewhere in the Skies,2017-somewhere-in-the-skies-episode-26,podcast_episode,26,Somewhere in the Skies Episode #26 — Karl Pfeiffer: The Science and Philosophy of the Paranormal,2017-10-08,officialMedia,0,Browse Apple Podcasts Series Archive,https://podcasts.apple.com/us/podcast/somewhere-in-the-skies/id1227858637,https://podcasts.apple.com/us/podcast/somewhere-in-the-skies/id1227858637,1e6fb60da53fd5035e63,Apple Podcasts,series,audio,True,verified,approved,6,False,False,network_check_pending,2026-07-28T00:00:00Z,23.5C.1-1.0.0,dup-00022,authoritative,media-audit-5f3c7d40ed5566a1
inv-00065,somewhere-in-the-skies-podcast,Somewhere in the Skies,2017-somewhere-in-the-skies-episode-26,podcast_episode,26,Somewhere in the Skies Episode #26 — Karl Pfeiffer: The Science and Philosophy of the Paranormal,2017-10-08,mediaLinks,0,Browse the official Apple Podcasts archive,https://podcasts.apple.com/us/podcast/somewhere-in-the-skies/id1227858637,https://podcasts.apple.com/us/podcast/somewhere-in-the-skies/id1227858637,1e6fb60da53fd5035e63,Apple Podcasts,series,audio,True,live_verified_fallback,approved,,False,False,network_check_pending,2026-07-28T00:00:00Z,23.5C.1-1.0.0,dup-00022,duplicate,media-audit-5f3c7d40ed5566a1
inv-00066,somewhere-in-the-skies-podcast,Somewhere in the Skies,2017-somewhere-in-the-skies-episode-26,podcast_episode,26,Somewhere in the Skies Episode #26 — Karl Pfeiffer: The Science and Philosophy of the Paranormal,2017-10-08,referenceSources,0,Official Apple Podcasts series archive (episode-specific page unavailable),https://podcasts.apple.com/us/podcast/somewhere-in-the-skies/id1227858637,https://podcasts.apple.com/us/podcast/somewhere-in-the-skies/id1227858637,1e6fb60da53fd5035e63,Apple Podcasts,episode,audio,False,live_verified_fallback,approved,,False,False,network_check_pending,2026-07-28T00:00:00Z,23.5C.1-1.0.0,dup-00022,duplicate,media-audit-5f3c7d40ed5566a1
inv-00067,somewhere-in-the-skies-podcast,Somewhere in the Skies,2017-somewhere-in-the-skies-episode-27,podcast_episode,27,Somewhere in the Skies Episode #27 — Aaron Mahnke: The Story Behind LORE,2017-10-15,officialMedia,0,Browse Apple Podcasts Series Archive,https://podcasts.apple.com/us/podcast/somewhere-in-the-skies/id1227858637,https://podcasts.apple.com/us/podcast/somewhere-in-the-skies/id1227858637,1e6fb60da53fd5035e63,Apple Podcasts,series,audio,True,verified,approved,6,False,False,network_check_pending,2026-07-28T00:00:00Z,23.5C.1-1.0.0,dup-00023,authoritative,media-audit-5cbd078dd42cc3e1
inv-00068,somewhere-in-the-skies-podcast,Somewhere in the Skies,2017-somewhere-in-the-skies-episode-27,podcast_episode,27,Somewhere in the Skies Episode #27 — Aaron Mahnke: The Story Behind LORE,2017-10-15,mediaLinks,0,Browse the official Apple Podcasts archive,https://podcasts.apple.com/us/podcast/somewhere-in-the-skies/id1227858637,https://podcasts.apple.com/us/podcast/somewhere-in-the-skies/id1227858637,1e6fb60da53fd5035e63,Apple Podcasts,series,audio,True,live_verified_fallback,approved,,False,False,network_check_pending,2026-07-28T00:00:00Z,23.5C.1-1.0.0,dup-00023,duplicate,media-audit-5cbd078dd42cc3e1
inv-00069,somewhere-in-the-skies-podcast,Somewhere in the Skies,2017-somewhere-in-the-skies-episode-27,podcast_episode,27,Somewhere in the Skies Episode #27 — Aaron Mahnke: The Story Behind LORE,2017-10-15,referenceSources,0,Official Apple Podcasts series archive (episode-specific page unavailable),https://podcasts.apple.com/us/podcast/somewhere-in-the-skies/id1227858637,https://podcasts.apple.com/us/podcast/somewhere-in-the-skies/id1227858637,1e6fb60da53fd5035e63,Apple Podcasts,episode,audio,False,live_verified_fallback,approved,,False,False,network_check_pending,2026-07-28T00:00:00Z,23.5C.1-1.0.0,dup-00023,duplicate,media-audit-5cbd078dd42cc3e1
inv-00070,somewhere-in-the-skies-podcast,Somewhere in the Skies,2017-somewhere-in-the-skies-episode-28,podcast_episode,28,Somewhere in the Skies Episode #28 — Shannon LeGro: Into the Fray,2017-10-22,officialMedia,0,Browse Apple Podcasts Series Archive,https://podcasts.apple.com/us/podcast/somewhere-in-the-skies/id1227858637,https://podcasts.apple.com/us/podcast/somewhere-in-the-skies/id1227858637,1e6fb60da53fd5035e63,Apple Podcasts,series,audio,True,verified,approved,6,False,False,network_check_pending,2026-07-28T00:00:00Z,23.5C.1-1.0.0,dup-00024,authoritative,media-audit-b18ca953f52511af
inv-00071,somewhere-in-the-skies-podcast,Somewhere in the Skies,2017-somewhere-in-the-skies-episode-28,podcast_episode,28,Somewhere in the Skies Episode #28 — Shannon LeGro: Into the Fray,2017-10-22,mediaLinks,0,Browse the official Apple Podcasts archive,https://podcasts.apple.com/us/podcast/somewhere-in-the-skies/id1227858637,https://podcasts.apple.com/us/podcast/somewhere-in-the-skies/id1227858637,1e6fb60da53fd5035e63,Apple Podcasts,series,audio,True,live_verified_fallback,approved,,False,False,network_check_pending,2026-07-28T00:00:00Z,23.5C.1-1.0.0,dup-00024,duplicate,media-audit-b18ca953f52511af
inv-00072,somewhere-in-the-skies-podcast,Somewhere in the Skies,2017-somewhere-in-the-skies-episode-28,podcast_episode,28,Somewhere in the Skies Episode #28 — Shannon LeGro: Into the Fray,2017-10-22,referenceSources,0,Official Apple Podcasts series archive (episode-specific page unavailable),https://podcasts.apple.com/us/podcast/somewhere-in-the-skies/id1227858637,https://podcasts.apple.com/us/podcast/somewhere-in-the-skies/id1227858637,1e6fb60da53fd5035e63,Apple Podcasts,episode,audio,False,live_verified_fallback,approved,,False,False,network_check_pending,2026-07-28T00:00:00Z,23.5C.1-1.0.0,dup-00024,duplicate,media-audit-b18ca953f52511af
inv-00073,somewhere-in-the-skies-podcast,Somewhere in the Skies,2017-somewhere-in-the-skies-episode-29,podcast_episode,29,Somewhere in the Skies Episode #29 — Brian Bethel: Black Eyed Kid Phenomenon,2017-10-29,officialMedia,0,Browse Apple Podcasts Series Archive,https://podcasts.apple.com/us/podcast/somewhere-in-the-skies/id1227858637,https://podcasts.apple.com/us/podcast/somewhere-in-the-skies/id1227858637,1e6fb60da53fd5035e63,Apple Podcasts,series,audio,True,verified,approved,6,False,False,network_check_pending,2026-07-28T00:00:00Z,23.5C.1-1.0.0,dup-00025,authoritative,media-audit-efd693cc0024a0d0
inv-00074,somewhere-in-the-skies-podcast,Somewhere in the Skies,2017-somewhere-in-the-skies-episode-29,podcast_episode,29,Somewhere in the Skies Episode #29 — Brian Bethel: Black Eyed Kid Phenomenon,2017-10-29,mediaLinks,0,Browse the official Apple Podcasts archive,https://podcasts.apple.com/us/podcast/somewhere-in-the-skies/id1227858637,https://podcasts.apple.com/us/podcast/somewhere-in-the-skies/id1227858637,1e6fb60da53fd5035e63,Apple Podcasts,series,audio,True,live_verified_fallback,approved,,False,False,network_check_pending,2026-07-28T00:00:00Z,23.5C.1-1.0.0,dup-00025,duplicate,media-audit-efd693cc0024a0d0
inv-00075,somewhere-in-the-skies-podcast,Somewhere in the Skies,2017-somewhere-in-the-skies-episode-29,podcast_episode,29,Somewhere in the Skies Episode #29 — Brian Bethel: Black Eyed Kid Phenomenon,2017-10-29,referenceSources,0,Official Apple Podcasts series archive (episode-specific page unavailable),https://podcasts.apple.com/us/podcast/somewhere-in-the-skies/id1227858637,https://podcasts.apple.com/us/podcast/somewhere-in-the-skies/id1227858637,1e6fb60da53fd5035e63,Apple Podcasts,episode,audio,False,live_verified_fallback,approved,,False,False,network_check_pending,2026-07-28T00:00:00Z,23.5C.1-1.0.0,dup-00025,duplicate,media-audit-efd693cc0024a0d0
inv-00076,somewhere-in-the-skies-podcast,Somewhere in the Skies,2017-somewhere-in-the-skies-episode-3,podcast_episode,3,Somewhere in the Skies Episode #3 — Greg Eghigian: History of a Cultural Phenomenon,2017-05-01,officialMedia,0,Browse Apple Podcasts Series Archive,https://podcasts.apple.com/us/podcast/somewhere-in-the-skies/id1227858637,https://podcasts.apple.com/us/podcast/somewhere-in-the-skies/id1227858637,1e6fb60da53fd5035e63,Apple Podcasts,series,audio,True,verified,approved,6,False,False,network_check_pending,2026-07-28T00:00:00Z,23.5C.1-1.0.0,dup-00026,authoritative,media-audit-0d8d3e959552407f
inv-00077,somewhere-in-the-skies-podcast,Somewhere in the Skies,2017-somewhere-in-the-skies-episode-3,podcast_episode,3,Somewhere in the Skies Episode #3 — Greg Eghigian: History of a Cultural Phenomenon,2017-05-01,mediaLinks,0,Browse the official Apple Podcasts archive,https://podcasts.apple.com/us/podcast/somewhere-in-the-skies/id1227858637,https://podcasts.apple.com/us/podcast/somewhere-in-the-skies/id1227858637,1e6fb60da53fd5035e63,Apple Podcasts,series,audio,True,live_verified_fallback,approved,,False,False,network_check_pending,2026-07-28T00:00:00Z,23.5C.1-1.0.0,dup-00026,duplicate,media-audit-0d8d3e959552407f
inv-00078,somewhere-in-the-skies-podcast,Somewhere in the Skies,2017-somewhere-in-the-skies-episode-3,podcast_episode,3,Somewhere in the Skies Episode #3 — Greg Eghigian: History of a Cultural Phenomenon,2017-05-01,referenceSources,0,Official Apple Podcasts series archive (episode-specific page unavailable),https://podcasts.apple.com/us/podcast/somewhere-in-the-skies/id1227858637,https://podcasts.apple.com/us/podcast/somewhere-in-the-skies/id1227858637,1e6fb60da53fd5035e63,Apple Podcasts,episode,audio,False,live_verified_fallback,approved,,False,False,network_check_pending,2026-07-28T00:00:00Z,23.5C.1-1.0.0,dup-00026,duplicate,media-audit-0d8d3e959552407f
inv-00079,somewhere-in-the-skies-podcast,Somewhere in the Skies,2017-somewhere-in-the-skies-episode-30,podcast_episode,30,Somewhere in the Skies Episode #30 — The Andreasson Abduction,2017-11-05,officialMedia,0,Browse Apple Podcasts Series Archive,https://podcasts.apple.com/us/podcast/somewhere-in-the-skies/id1227858637,https://podcasts.apple.com/us/podcast/somewhere-in-the-skies/id1227858637,1e6fb60da53fd5035e63,Apple Podcasts,series,audio,True,verified,approved,6,False,False,network_check_pending,2026-07-28T00:00:00Z,23.5C.1-1.0.0,dup-00027,authoritative,media-audit-fc41dc567c86719f
inv-00080,somewhere-in-the-skies-podcast,Somewhere in the Skies,2017-somewhere-in-the-skies-episode-30,podcast_episode,30,Somewhere in the Skies Episode #30 — The Andreasson Abduction,2017-11-05,mediaLinks,0,Browse the official Apple Podcasts archive,https://podcasts.apple.com/us/podcast/somewhere-in-the-skies/id1227858637,https://podcasts.apple.com/us/podcast/somewhere-in-the-skies/id1227858637,1e6fb60da53fd5035e63,Apple Podcasts,series,audio,True,live_verified_fallback,approved,,False,False,network_check_pending,2026-07-28T00:00:00Z,23.5C.1-1.0.0,dup-00027,duplicate,media-audit-fc41dc567c86719f
inv-00081,somewhere-in-the-skies-podcast,Somewhere in the Skies,2017-somewhere-in-the-skies-episode-30,podcast_episode,30,Somewhere in the Skies Episode #30 — The Andreasson Abduction,2017-11-05,referenceSources,0,Official Apple Podcasts series archive (episode-specific page unavailable),https://podcasts.apple.com/us/podcast/somewhere-in-the-skies/id1227858637,https://podcasts.apple.com/us/podcast/somewhere-in-the-skies/id1227858637,1e6fb60da53fd5035e63,Apple Podcasts,episode,audio,False,live_verified_fallback,approved,,False,False,network_check_pending,2026-07-28T00:00:00Z,23.5C.1-1.0.0,dup-00027,duplicate,media-audit-fc41dc567c86719f
inv-00082,somewhere-in-the-skies-podcast,Somewhere in the Skies,2017-somewhere-in-the-skies-episode-31,podcast_episode,31,Somewhere in the Skies Episode #31 — Robbie Graham: Silver Screen Saucers,2017-11-12,officialMedia,0,Browse Apple Podcasts Series Archive,https://podcasts.apple.com/us/podcast/somewhere-in-the-skies/id1227858637,https://podcasts.apple.com/us/podcast/somewhere-in-the-skies/id1227858637,1e6fb60da53fd5035e63,Apple Podcasts,series,audio,True,verified,approved,6,False,False,network_check_pending,2026-07-28T00:00:00Z,23.5C.1-1.0.0,dup-00028,authoritative,media-audit-29e2fa445de2edf7
inv-00083,somewhere-in-the-skies-podcast,Somewhere in the Skies,2017-somewhere-in-the-skies-episode-31,podcast_episode,31,Somewhere in the Skies Episode #31 — Robbie Graham: Silver Screen Saucers,2017-11-12,mediaLinks,0,Browse the official Apple Podcasts archive,https://podcasts.apple.com/us/podcast/somewhere-in-the-skies/id1227858637,https://podcasts.apple.com/us/podcast/somewhere-in-the-skies/id1227858637,1e6fb60da53fd5035e63,Apple Podcasts,series,audio,True,live_verified_fallback,approved,,False,False,network_check_pending,2026-07-28T00:00:00Z,23.5C.1-1.0.0,dup-00028,duplicate,media-audit-29e2fa445de2edf7
inv-00084,somewhere-in-the-skies-podcast,Somewhere in the Skies,2017-somewhere-in-the-skies-episode-31,podcast_episode,31,Somewhere in the Skies Episode #31 — Robbie Graham: Silver Screen Saucers,2017-11-12,referenceSources,0,Official Apple Podcasts series archive (episode-specific page unavailable),https://podcasts.apple.com/us/podcast/somewhere-in-the-skies/id1227858637,https://podcasts.apple.com/us/podcast/somewhere-in-the-skies/id1227858637,1e6fb60da53fd5035e63,Apple Podcasts,episode,audio,False,live_verified_fallback,approved,,False,False,network_check_pending,2026-07-28T00:00:00Z,23.5C.1-1.0.0,dup-00028,duplicate,media-audit-29e2fa445de2edf7
inv-00085,somewhere-in-the-skies-podcast,Somewhere in the Skies,2017-somewhere-in-the-skies-episode-32,podcast_episode,32,Somewhere in the Skies Episode #32 — Rob Kristoffersen: Men in Black,2017-11-19,officialMedia,0,Browse Apple Podcasts Series Archive,https://podcasts.apple.com/us/podcast/somewhere-in-the-skies/id1227858637,https://podcasts.apple.com/us/podcast/somewhere-in-the-skies/id1227858637,1e6fb60da53fd5035e63,Apple Podcasts,series,audio,True,verified,approved,6,False,False,network_check_pending,2026-07-28T00:00:00Z,23.5C.1-1.0.0,dup-00029,authoritative,media-audit-759eb47955f7ccb0
inv-00086,somewhere-in-the-skies-podcast,Somewhere in the Skies,2017-somewhere-in-the-skies-episode-32,podcast_episode,32,Somewhere in the Skies Episode #32 — Rob Kristoffersen: Men in Black,2017-11-19,mediaLinks,0,Browse the official Apple Podcasts archive,https://podcasts.apple.com/us/podcast/somewhere-in-the-skies/id1227858637,https://podcasts.apple.com/us/podcast/somewhere-in-the-skies/id1227858637,1e6fb60da53fd5035e63,Apple Podcasts,series,audio,True,live_verified_fallback,approved,,False,False,network_check_pending,2026-07-28T00:00:00Z,23.5C.1-1.0.0,dup-00029,duplicate,media-audit-759eb47955f7ccb0
inv-00087,somewhere-in-the-skies-podcast,Somewhere in the Skies,2017-somewhere-in-the-skies-episode-32,podcast_episode,32,Somewhere in the Skies Episode #32 — Rob Kristoffersen: Men in Black,2017-11-19,referenceSources,0,Official Apple Podcasts series archive (episode-specific page unavailable),https://podcasts.apple.com/us/podcast/somewhere-in-the-skies/id1227858637,https://podcasts.apple.com/us/podcast/somewhere-in-the-skies/id1227858637,1e6fb60da53fd5035e63,Apple Podcasts,episode,audio,False,live_verified_fallback,approved,,False,False,network_check_pending,2026-07-28T00:00:00Z,23.5C.1-1.0.0,dup-00029,duplicate,media-audit-759eb47955f7ccb0
inv-00088,somewhere-in-the-skies-podcast,Somewhere in the Skies,2017-somewhere-in-the-skies-episode-33,podcast_episode,33,Somewhere in the Skies Episode #33 — Michael Huntington: Childhood UFO Encounters,2017-11-27,officialMedia,0,Browse Apple Podcasts Series Archive,https://podcasts.apple.com/us/podcast/somewhere-in-the-skies/id1227858637,https://podcasts.apple.com/us/podcast/somewhere-in-the-skies/id1227858637,1e6fb60da53fd5035e63,Apple Podcasts,series,audio,True,verified,approved,6,False,False,network_check_pending,2026-07-28T00:00:00Z,23.5C.1-1.0.0,dup-00030,authoritative,media-audit-f345624782bd1d24
inv-00089,somewhere-in-the-skies-podcast,Somewhere in the Skies,2017-somewhere-in-the-skies-episode-33,podcast_episode,33,Somewhere in the Skies Episode #33 — Michael Huntington: Childhood UFO Encounters,2017-11-27,mediaLinks,0,Browse the official Apple Podcasts archive,https://podcasts.apple.com/us/podcast/somewhere-in-the-skies/id1227858637,https://podcasts.apple.com/us/podcast/somewhere-in-the-skies/id1227858637,1e6fb60da53fd5035e63,Apple Podcasts,series,audio,True,live_verified_fallback,approved,,False,False,network_check_pending,2026-07-28T00:00:00Z,23.5C.1-1.0.0,dup-00030,duplicate,media-audit-f345624782bd1d24
inv-00090,somewhere-in-the-skies-podcast,Somewhere in the Skies,2017-somewhere-in-the-skies-episode-33,podcast_episode,33,Somewhere in the Skies Episode #33 — Michael Huntington: Childhood UFO Encounters,2017-11-27,referenceSources,0,Official Apple Podcasts series archive (episode-specific page unavailable),https://podcasts.apple.com/us/podcast/somewhere-in-the-skies/id1227858637,https://podcasts.apple.com/us/podcast/somewhere-in-the-skies/id1227858637,1e6fb60da53fd5035e63,Apple Podcasts,episode,audio,False,live_verified_fallback,approved,,False,False,network_check_pending,2026-07-28T00:00:00Z,23.5C.1-1.0.0,dup-00030,duplicate,media-audit-f345624782bd1d24
inv-00091,somewhere-in-the-skies-podcast,Somewhere in the Skies,2017-somewhere-in-the-skies-episode-34,podcast_episode,34,Somewhere in the Skies Episode #34 — Witness Accounts: Volume One,2017-12-04,officialMedia,0,Browse Apple Podcasts Series Archive,https://podcasts.apple.com/us/podcast/somewhere-in-the-skies/id1227858637,https://podcasts.apple.com/us/podcast/somewhere-in-the-skies/id1227858637,1e6fb60da53fd5035e63,Apple Podcasts,series,audio,True,verified,approved,6,False,False,network_check_pending,2026-07-28T00:00:00Z,23.5C.1-1.0.0,dup-00031,authoritative,media-audit-d743978bb251127c
inv-00092,somewhere-in-the-skies-podcast,Somewhere in the Skies,2017-somewhere-in-the-skies-episode-34,podcast_episode,34,Somewhere in the Skies Episode #34 — Witness Accounts: Volume One,2017-12-04,mediaLinks,0,Browse the official Apple Podcasts archive,https://podcasts.apple.com/us/podcast/somewhere-in-the-skies/id1227858637,https://podcasts.apple.com/us/podcast/somewhere-in-the-skies/id1227858637,1e6fb60da53fd5035e63,Apple Podcasts,series,audio,True,live_verified_fallback,approved,,False,False,network_check_pending,2026-07-28T00:00:00Z,23.5C.1-1.0.0,dup-00031,duplicate,media-audit-d743978bb251127c
inv-00093,somewhere-in-the-skies-podcast,Somewhere in the Skies,2017-somewhere-in-the-skies-episode-34,podcast_episode,34,Somewhere in the Skies Episode #34 — Witness Accounts: Volume One,2017-12-04,referenceSources,0,Official Apple Podcasts series archive (episode-specific page unavailable),https://podcasts.apple.com/us/podcast/somewhere-in-the-skies/id1227858637,https://podcasts.apple.com/us/podcast/somewhere-in-the-skies/id1227858637,1e6fb60da53fd5035e63,Apple Podcasts,episode,audio,False,live_verified_fallback,approved,,False,False,network_check_pending,2026-07-28T00:00:00Z,23.5C.1-1.0.0,dup-00031,duplicate,media-audit-d743978bb251127c
inv-00094,somewhere-in-the-skies-podcast,Somewhere in the Skies,2017-somewhere-in-the-skies-episode-35,podcast_episode,35,Somewhere in the Skies Episode #35 — Paul Cornell: Saucer Country,2017-12-11,officialMedia,0,Listen on Spotify,https://open.spotify.com/episode/6BRMdWQlTLzIBqFhof6Wuy,https://open.spotify.com/episode/6BRMdWQlTLzIBqFhof6Wuy,6294720c12b2a7b39758,Spotify,episode,audio,True,verified,approved,4,False,False,network_check_pending,2026-07-28T00:00:00Z,23.5C.1-1.0.0,dup-00032,authoritative,media-audit-71bb2031e303817d
inv-00095,somewhere-in-the-skies-podcast,Somewhere in the Skies,2017-somewhere-in-the-skies-episode-35,podcast_episode,35,Somewhere in the Skies Episode #35 — Paul Cornell: Saucer Country,2017-12-11,mediaLinks,0,Open exact episode on Spotify,https://open.spotify.com/episode/6BRMdWQlTLzIBqFhof6Wuy,https://open.spotify.com/episode/6BRMdWQlTLzIBqFhof6Wuy,6294720c12b2a7b39758,Spotify,episode,audio,True,live_verified,approved,,False,False,network_check_pending,2026-07-28T00:00:00Z,23.5C.1-1.0.0,dup-00032,duplicate,media-audit-71bb2031e303817d
inv-00096,somewhere-in-the-skies-podcast,Somewhere in the Skies,2017-somewhere-in-the-skies-episode-35,podcast_episode,35,Somewhere in the Skies Episode #35 — Paul Cornell: Saucer Country,2017-12-11,referenceSources,0,Exact Spotify episode page,https://open.spotify.com/episode/6BRMdWQlTLzIBqFhof6Wuy,https://open.spotify.com/episode/6BRMdWQlTLzIBqFhof6Wuy,6294720c12b2a7b39758,Spotify,episode,audio,False,live_verified,approved,,False,False,network_check_pending,2026-07-28T00:00:00Z,23.5C.1-1.0.0,dup-00032,duplicate,media-audit-71bb2031e303817d
inv-00097,somewhere-in-the-skies-podcast,Somewhere in the Skies,2017-somewhere-in-the-skies-episode-36,podcast_episode,36,Somewhere in the Skies Episode #36 — UFO Roundtable: The Year In Review,2017-12-19,officialMedia,0,Browse Apple Podcasts Series Archive,https://podcasts.apple.com/us/podcast/somewhere-in-the-skies/id1227858637,https://podcasts.apple.com/us/podcast/somewhere-in-the-skies/id1227858637,1e6fb60da53fd5035e63,Apple Podcasts,series,audio,True,verified,approved,6,False,False,network_check_pending,2026-07-28T00:00:00Z,23.5C.1-1.0.0,dup-00033,authoritative,media-audit-170117141374940e
inv-00098,somewhere-in-the-skies-podcast,Somewhere in the Skies,2017-somewhere-in-the-skies-episode-36,podcast_episode,36,Somewhere in the Skies Episode #36 — UFO Roundtable: The Year In Review,2017-12-19,mediaLinks,0,Browse the official Apple Podcasts archive,https://podcasts.apple.com/us/podcast/somewhere-in-the-skies/id1227858637,https://podcasts.apple.com/us/podcast/somewhere-in-the-skies/id1227858637,1e6fb60da53fd5035e63,Apple Podcasts,series,audio,True,live_verified_fallback,approved,,False,False,network_check_pending,2026-07-28T00:00:00Z,23.5C.1-1.0.0,dup-00033,duplicate,media-audit-170117141374940e
inv-00099,somewhere-in-the-skies-podcast,Somewhere in the Skies,2017-somewhere-in-the-skies-episode-36,podcast_episode,36,Somewhere in the Skies Episode #36 — UFO Roundtable: The Year In Review,2017-12-19,referenceSources,0,Official Apple Podcasts series archive (episode-specific page unavailable),https://podcasts.apple.com/us/podcast/somewhere-in-the-skies/id1227858637,https://podcasts.apple.com/us/podcast/somewhere-in-the-skies/id1227858637,1e6fb60da53fd5035e63,Apple Podcasts,episode,audio,False,live_verified_fallback,approved,,False,False,network_check_pending,2026-07-28T00:00:00Z,23.5C.1-1.0.0,dup-00033,duplicate,media-audit-170117141374940e
inv-00100,somewhere-in-the-skies-podcast,Somewhere in the Skies,2017-somewhere-in-the-skies-episode-4,podcast_episode,4,Somewhere in the Skies Episode #4 — Annie Jacobsen: Phenomena,2017-05-08,officialMedia,0,Listen on Spotify,https://open.spotify.com/episode/5nnM6FRzSDFrGjkBD4bBDF,https://open.spotify.com/episode/5nnM6FRzSDFrGjkBD4bBDF,a0c23dce8d2011b88662,Spotify,episode,audio,True,verified,approved,4,False,False,network_check_pending,2026-07-28T00:00:00Z,23.5C.1-1.0.0,dup-00034,authoritative,media-audit-466156975452b0c7
inv-00101,somewhere-in-the-skies-podcast,Somewhere in the Skies,2017-somewhere-in-the-skies-episode-4,podcast_episode,4,Somewhere in the Skies Episode #4 — Annie Jacobsen: Phenomena,2017-05-08,mediaLinks,0,Open exact episode on Spotify,https://open.spotify.com/episode/5nnM6FRzSDFrGjkBD4bBDF,https://open.spotify.com/episode/5nnM6FRzSDFrGjkBD4bBDF,a0c23dce8d2011b88662,Spotify,episode,audio,True,live_verified,approved,,False,False,network_check_pending,2026-07-28T00:00:00Z,23.5C.1-1.0.0,dup-00034,duplicate,media-audit-466156975452b0c7
inv-00102,somewhere-in-the-skies-podcast,Somewhere in the Skies,2017-somewhere-in-the-skies-episode-4,podcast_episode,4,Somewhere in the Skies Episode #4 — Annie Jacobsen: Phenomena,2017-05-08,referenceSources,0,Exact Spotify episode page,https://open.spotify.com/episode/5nnM6FRzSDFrGjkBD4bBDF,https://open.spotify.com/episode/5nnM6FRzSDFrGjkBD4bBDF,a0c23dce8d2011b88662,Spotify,episode,audio,False,live_verified,approved,,False,False,network_check_pending,2026-07-28T00:00:00Z,23.5C.1-1.0.0,dup-00034,duplicate,media-audit-466156975452b0c7
inv-00103,somewhere-in-the-skies-podcast,Somewhere in the Skies,2017-somewhere-in-the-skies-episode-5,podcast_episode,5,Somewhere in the Skies Episode #5 — Ruben Uriarte: UFOs Over Mexico and the Southwest,2017-05-15,officialMedia,0,Browse Apple Podcasts Series Archive,https://podcasts.apple.com/us/podcast/somewhere-in-the-skies/id1227858637,https://podcasts.apple.com/us/podcast/somewhere-in-the-skies/id1227858637,1e6fb60da53fd5035e63,Apple Podcasts,series,audio,True,verified,approved,6,False,False,network_check_pending,2026-07-28T00:00:00Z,23.5C.1-1.0.0,dup-00035,authoritative,media-audit-6023658eefe71a99
inv-00104,somewhere-in-the-skies-podcast,Somewhere in the Skies,2017-somewhere-in-the-skies-episode-5,podcast_episode,5,Somewhere in the Skies Episode #5 — Ruben Uriarte: UFOs Over Mexico and the Southwest,2017-05-15,mediaLinks,0,Browse the official Apple Podcasts archive,https://podcasts.apple.com/us/podcast/somewhere-in-the-skies/id1227858637,https://podcasts.apple.com/us/podcast/somewhere-in-the-skies/id1227858637,1e6fb60da53fd5035e63,Apple Podcasts,series,audio,True,live_verified_fallback,approved,,False,False,network_check_pending,2026-07-28T00:00:00Z,23.5C.1-1.0.0,dup-00035,duplicate,media-audit-6023658eefe71a99
inv-00105,somewhere-in-the-skies-podcast,Somewhere in the Skies,2017-somewhere-in-the-skies-episode-5,podcast_episode,5,Somewhere in the Skies Episode #5 — Ruben Uriarte: UFOs Over Mexico and the Southwest,2017-05-15,referenceSources,0,Official Apple Podcasts series archive (episode-specific page unavailable),https://podcasts.apple.com/us/podcast/somewhere-in-the-skies/id1227858637,https://podcasts.apple.com/us/podcast/somewhere-in-the-skies/id1227858637,1e6fb60da53fd5035e63,Apple Podcasts,episode,audio,False,live_verified_fallback,approved,,False,False,network_check_pending,2026-07-28T00:00:00Z,23.5C.1-1.0.0,dup-00035,duplicate,media-audit-6023658eefe71a99
inv-00106,somewhere-in-the-skies-podcast,Somewhere in the Skies,2017-somewhere-in-the-skies-episode-6,podcast_episode,6,Somewhere in the Skies Episode #6 — Susan Demeter-St. Clair : UFOs and the Parapsychological,2017-05-22,officialMedia,0,Browse Apple Podcasts Series Archive,https://podcasts.apple.com/us/podcast/somewhere-in-the-skies/id1227858637,https://podcasts.apple.com/us/podcast/somewhere-in-the-skies/id1227858637,1e6fb60da53fd5035e63,Apple Podcasts,series,audio,True,verified,approved,6,False,False,network_check_pending,2026-07-28T00:00:00Z,23.5C.1-1.0.0,dup-00036,authoritative,media-audit-f8ccd909f669c323
inv-00107,somewhere-in-the-skies-podcast,Somewhere in the Skies,2017-somewhere-in-the-skies-episode-6,podcast_episode,6,Somewhere in the Skies Episode #6 — Susan Demeter-St. Clair : UFOs and the Parapsychological,2017-05-22,mediaLinks,0,Browse the official Apple Podcasts archive,https://podcasts.apple.com/us/podcast/somewhere-in-the-skies/id1227858637,https://podcasts.apple.com/us/podcast/somewhere-in-the-skies/id1227858637,1e6fb60da53fd5035e63,Apple Podcasts,series,audio,True,live_verified_fallback,approved,,False,False,network_check_pending,2026-07-28T00:00:00Z,23.5C.1-1.0.0,dup-00036,duplicate,media-audit-f8ccd909f669c323
inv-00108,somewhere-in-the-skies-podcast,Somewhere in the Skies,2017-somewhere-in-the-skies-episode-6,podcast_episode,6,Somewhere in the Skies Episode #6 — Susan Demeter-St. Clair : UFOs and the Parapsychological,2017-05-22,referenceSources,0,Official Apple Podcasts series archive (episode-specific page unavailable),https://podcasts.apple.com/us/podcast/somewhere-in-the-skies/id1227858637,https://podcasts.apple.com/us/podcast/somewhere-in-the-skies/id1227858637,1e6fb60da53fd5035e63,Apple Podcasts,episode,audio,False,live_verified_fallback,approved,,False,False,network_check_pending,2026-07-28T00:00:00Z,23.5C.1-1.0.0,dup-00036,duplicate,media-audit-f8ccd909f669c323
inv-00109,somewhere-in-the-skies-podcast,Somewhere in the Skies,2017-somewhere-in-the-skies-episode-7,podcast_episode,7,Somewhere in the Skies Episode #7 — Nick Redfern: The Roswell UFO Conspiracy,2017-05-29,officialMedia,0,Listen on Spotify,https://open.spotify.com/episode/4DKHn3la46ZaWVpnZpqdBJ,https://open.spotify.com/episode/4DKHn3la46ZaWVpnZpqdBJ,ce41aebb3e592d6cc34c,Spotify,episode,audio,True,verified,approved,4,False,False,network_check_pending,2026-07-28T00:00:00Z,23.5C.1-1.0.0,dup-00037,authoritative,media-audit-6115188471153bbe
inv-00110,somewhere-in-the-skies-podcast,Somewhere in the Skies,2017-somewhere-in-the-skies-episode-7,podcast_episode,7,Somewhere in the Skies Episode #7 — Nick Redfern: The Roswell UFO Conspiracy,2017-05-29,mediaLinks,0,Open exact episode on Spotify,https://open.spotify.com/episode/4DKHn3la46ZaWVpnZpqdBJ,https://open.spotify.com/episode/4DKHn3la46ZaWVpnZpqdBJ,ce41aebb3e592d6cc34c,Spotify,episode,audio,True,live_verified,approved,,False,False,network_check_pending,2026-07-28T00:00:00Z,23.5C.1-1.0.0,dup-00037,duplicate,media-audit-6115188471153bbe
inv-00111,somewhere-in-the-skies-podcast,Somewhere in the Skies,2017-somewhere-in-the-skies-episode-7,podcast_episode,7,Somewhere in the Skies Episode #7 — Nick Redfern: The Roswell UFO Conspiracy,2017-05-29,referenceSources,0,Exact Spotify episode page,https://open.spotify.com/episode/4DKHn3la46ZaWVpnZpqdBJ,https://open.spotify.com/episode/4DKHn3la46ZaWVpnZpqdBJ,ce41aebb3e592d6cc34c,Spotify,episode,audio,False,live_verified,approved,,False,False,network_check_pending,2026-07-28T00:00:00Z,23.5C.1-1.0.0,dup-00037,duplicate,media-audit-6115188471153bbe
inv-00112,somewhere-in-the-skies-podcast,Somewhere in the Skies,2017-somewhere-in-the-skies-episode-8,podcast_episode,8,Somewhere in the Skies Episode #8 — Jane Kyle: UFOs Over Texas,2017-06-05,officialMedia,0,Browse Apple Podcasts Series Archive,https://podcasts.apple.com/us/podcast/somewhere-in-the-skies/id1227858637,https://podcasts.apple.com/us/podcast/somewhere-in-the-skies/id1227858637,1e6fb60da53fd5035e63,Apple Podcasts,series,audio,True,verified,approved,6,False,False,network_check_pending,2026-07-28T00:00:00Z,23.5C.1-1.0.0,dup-00038,authoritative,media-audit-1ec6dc5513490364
inv-00113,somewhere-in-the-skies-podcast,Somewhere in the Skies,2017-somewhere-in-the-skies-episode-8,podcast_episode,8,Somewhere in the Skies Episode #8 — Jane Kyle: UFOs Over Texas,2017-06-05,mediaLinks,0,Browse the official Apple Podcasts archive,https://podcasts.apple.com/us/podcast/somewhere-in-the-skies/id1227858637,https://podcasts.apple.com/us/podcast/somewhere-in-the-skies/id1227858637,1e6fb60da53fd5035e63,Apple Podcasts,series,audio,True,live_verified_fallback,approved,,False,False,network_check_pending,2026-07-28T00:00:00Z,23.5C.1-1.0.0,dup-00038,duplicate,media-audit-1ec6dc5513490364
inv-00114,somewhere-in-the-skies-podcast,Somewhere in the Skies,2017-somewhere-in-the-skies-episode-8,podcast_episode,8,Somewhere in the Skies Episode #8 — Jane Kyle: UFOs Over Texas,2017-06-05,referenceSources,0,Official Apple Podcasts series archive (episode-specific page unavailable),https://podcasts.apple.com/us/podcast/somewhere-in-the-skies/id1227858637,https://podcasts.apple.com/us/podcast/somewhere-in-the-skies/id1227858637,1e6fb60da53fd5035e63,Apple Podcasts,episode,audio,False,live_verified_fallback,approved,,False,False,network_check_pending,2026-07-28T00:00:00Z,23.5C.1-1.0.0,dup-00038,duplicate,media-audit-1ec6dc5513490364
inv-00115,somewhere-in-the-skies-podcast,Somewhere in the Skies,2017-somewhere-in-the-skies-episode-9,podcast_episode,9,Somewhere in the Skies Episode #9 — Andrew Sanford: Flying Saucers v.s. The Half White Son of a Black Man,2017-06-12,officialMedia,0,Browse Apple Podcasts Series Archive,https://podcasts.apple.com/us/podcast/somewhere-in-the-skies/id1227858637,https://podcasts.apple.com/us/podcast/somewhere-in-the-skies/id1227858637,1e6fb60da53fd5035e63,Apple Podcasts,series,audio,True,verified,approved,6,False,False,network_check_pending,2026-07-28T00:00:00Z,23.5C.1-1.0.0,dup-00039,authoritative,media-audit-7b957b2a36a89c48
inv-00116,somewhere-in-the-skies-podcast,Somewhere in the Skies,2017-somewhere-in-the-skies-episode-9,podcast_episode,9,Somewhere in the Skies Episode #9 — Andrew Sanford: Flying Saucers v.s. The Half White Son of a Black Man,2017-06-12,mediaLinks,0,Browse the official Apple Podcasts archive,https://podcasts.apple.com/us/podcast/somewhere-in-the-skies/id1227858637,https://podcasts.apple.com/us/podcast/somewhere-in-the-skies/id1227858637,1e6fb60da53fd5035e63,Apple Podcasts,series,audio,True,live_verified_fallback,approved,,False,False,network_check_pending,2026-07-28T00:00:00Z,23.5C.1-1.0.0,dup-00039,duplicate,media-audit-7b957b2a36a89c48
inv-00117,somewhere-in-the-skies-podcast,Somewhere in the Skies,2017-somewhere-in-the-skies-episode-9,podcast_episode,9,Somewhere in the Skies Episode #9 — Andrew Sanford: Flying Saucers v.s. The Half White Son of a Black Man,2017-06-12,referenceSources,0,Official Apple Podcasts series archive (episode-specific page unavailable),https://podcasts.apple.com/us/podcast/somewhere-in-the-skies/id1227858637,https://podcasts.apple.com/us/podcast/somewhere-in-the-skies/id1227858637,1e6fb60da53fd5035e63,Apple Podcasts,episode,audio,False,live_verified_fallback,approved,,False,False,network_check_pending,2026-07-28T00:00:00Z,23.5C.1-1.0.0,dup-00039,duplicate,media-audit-7b957b2a36a89c48
inv-00118,somewhere-in-the-skies-podcast,Somewhere in the Skies,2017-somewhere-in-the-skies-patreon-bonus-episode-sneak-peek,podcast_episode,,Somewhere in the Skies Special — PATREON BONUS EPISODE SNEAK PEEK!,2017-09-17,officialMedia,0,Browse Apple Podcasts Series Archive,https://podcasts.apple.com/us/podcast/somewhere-in-the-skies/id1227858637,https://podcasts.apple.com/us/podcast/somewhere-in-the-skies/id1227858637,1e6fb60da53fd5035e63,Apple Podcasts,series,audio,True,verified,approved,6,False,False,network_check_pending,2026-07-28T00:00:00Z,23.5C.1-1.0.0,dup-00040,authoritative,media-audit-21bccb8eb81b6d8b
inv-00119,somewhere-in-the-skies-podcast,Somewhere in the Skies,2017-somewhere-in-the-skies-patreon-bonus-episode-sneak-peek,podcast_episode,,Somewhere in the Skies Special — PATREON BONUS EPISODE SNEAK PEEK!,2017-09-17,mediaLinks,0,Browse the official Apple Podcasts archive,https://podcasts.apple.com/us/podcast/somewhere-in-the-skies/id1227858637,https://podcasts.apple.com/us/podcast/somewhere-in-the-skies/id1227858637,1e6fb60da53fd5035e63,Apple Podcasts,series,audio,True,live_verified_fallback,approved,,False,False,network_check_pending,2026-07-28T00:00:00Z,23.5C.1-1.0.0,dup-00040,duplicate,media-audit-21bccb8eb81b6d8b
inv-00120,somewhere-in-the-skies-podcast,Somewhere in the Skies,2017-somewhere-in-the-skies-patreon-bonus-episode-sneak-peek,podcast_episode,,Somewhere in the Skies Special — PATREON BONUS EPISODE SNEAK PEEK!,2017-09-17,referenceSources,0,Official Apple Podcasts series archive (episode-specific page unavailable),https://podcasts.apple.com/us/podcast/somewhere-in-the-skies/id1227858637,https://podcasts.apple.com/us/podcast/somewhere-in-the-skies/id1227858637,1e6fb60da53fd5035e63,Apple Podcasts,episode,audio,False,live_verified_fallback,approved,,False,False,network_check_pending,2026-07-28T00:00:00Z,23.5C.1-1.0.0,dup-00040,duplicate,media-audit-21bccb8eb81b6d8b
inv-00121,need-to-know-podcast,Need to Know,2021-need-to-know-episode-1,podcast_episode,1,Need to Know Episode #1 — 2021 Top Ten,2021-12-16,officialMedia,0,Watch on YouTube,https://www.youtube.com/watch?v=rHwjvFf_VOo,https://youtube.com/watch?v=rHwjvFf_VOo,5830a926d3ce44d2e6e0,YouTube,episode,video,True,verified,approved,2,False,False,network_check_pending,2026-07-28T00:00:00Z,23.5C.1-1.0.0,dup-00042,authoritative,media-audit-ed8ef91edd3209de
inv-00122,need-to-know-podcast,Need to Know,2021-need-to-know-episode-1,podcast_episode,1,Need to Know Episode #1 — 2021 Top Ten,2021-12-16,officialMedia,1,Browse Official YouTube Playlist,https://www.youtube.com/playlist?list=PLXdU8QbJkboeMcvUNyGpb9h6FUS9cVBti,https://youtube.com/playlist?list=PLXdU8QbJkboeMcvUNyGpb9h6FUS9cVBti,24259ff69bbafb114bed,YouTube,playlist,video,True,verified,approved,6,False,False,network_check_pending,2026-07-28T00:00:00Z,23.5C.1-1.0.0,dup-00041,authoritative,media-audit-b21581dd3bdb7a86
inv-00123,need-to-know-podcast,Need to Know,2021-need-to-know-episode-1,podcast_episode,1,Need to Know Episode #1 — 2021 Top Ten,2021-12-16,mediaLinks,0,Watch Need to Know Episode #1 on YouTube,https://www.youtube.com/watch?v=rHwjvFf_VOo,https://youtube.com/watch?v=rHwjvFf_VOo,5830a926d3ce44d2e6e0,YouTube,episode,video,True,legacy_unspecified,approved,,False,False,network_check_pending,2026-07-28T00:00:00Z,23.5C.1-1.0.0,dup-00042,duplicate,media-audit-ed8ef91edd3209de
inv-00124,need-to-know-podcast,Need to Know,2021-need-to-know-episode-1,podcast_episode,1,Need to Know Episode #1 — 2021 Top Ten,2021-12-16,mediaLinks,1,Watch the official Need to Know collection,https://www.youtube.com/playlist?list=PLXdU8QbJkboeMcvUNyGpb9h6FUS9cVBti,https://youtube.com/playlist?list=PLXdU8QbJkboeMcvUNyGpb9h6FUS9cVBti,24259ff69bbafb114bed,YouTube,playlist,video,True,legacy_unspecified,approved,,False,False,network_check_pending,2026-07-28T00:00:00Z,23.5C.1-1.0.0,dup-00041,duplicate,media-audit-b21581dd3bdb7a86
inv-00125,need-to-know-podcast,Need to Know,2021-need-to-know-episode-1,podcast_episode,1,Need to Know Episode #1 — 2021 Top Ten,2021-12-16,referenceSources,0,Official Need to Know Episode 1 video — 2021 Top Ten,https://www.youtube.com/watch?v=rHwjvFf_VOo,https://youtube.com/watch?v=rHwjvFf_VOo,5830a926d3ce44d2e6e0,YouTube,episode,video,False,legacy_unspecified,approved,,False,False,network_check_pending,2026-07-28T00:00:00Z,23.5C.1-1.0.0,dup-00042,duplicate,media-audit-ed8ef91edd3209de
inv-00126,need-to-know-podcast,Need to Know,2021-need-to-know-episode-1,podcast_episode,1,Need to Know Episode #1 — 2021 Top Ten,2021-12-16,referenceSources,1,Need to Know official YouTube collection,https://www.youtube.com/playlist?list=PLXdU8QbJkboeMcvUNyGpb9h6FUS9cVBti,https://youtube.com/playlist?list=PLXdU8QbJkboeMcvUNyGpb9h6FUS9cVBti,24259ff69bbafb114bed,YouTube,playlist,video,False,legacy_unspecified,approved,,False,False,network_check_pending,2026-07-28T00:00:00Z,23.5C.1-1.0.0,dup-00041,duplicate,media-audit-b21581dd3bdb7a86
inv-00127,need-to-know-podcast,Need to Know,2021-need-to-know-episode-2,podcast_episode,2,Need to Know Episode #2 — The Year Ahead,2021-12-16,officialMedia,0,Watch on YouTube,https://www.youtube.com/watch?v=bVIZO5zTNEY,https://youtube.com/watch?v=bVIZO5zTNEY,c55b4a8009ac91b831cf,YouTube,episode,video,True,verified,approved,2,False,False,network_check_pending,2026-07-28T00:00:00Z,23.5C.1-1.0.0,dup-00044,authoritative,media-audit-6d54cae81e86ff87
inv-00128,need-to-know-podcast,Need to Know,2021-need-to-know-episode-2,podcast_episode,2,Need to Know Episode #2 — The Year Ahead,2021-12-16,officialMedia,1,Browse Official YouTube Playlist,https://www.youtube.com/playlist?list=PLXdU8QbJkboeMcvUNyGpb9h6FUS9cVBti,https://youtube.com/playlist?list=PLXdU8QbJkboeMcvUNyGpb9h6FUS9cVBti,24259ff69bbafb114bed,YouTube,playlist,video,True,verified,approved,6,False,False,network_check_pending,2026-07-28T00:00:00Z,23.5C.1-1.0.0,dup-00043,authoritative,media-audit-c84b6e2e6cb61697
inv-00129,need-to-know-podcast,Need to Know,2021-need-to-know-episode-2,podcast_episode,2,Need to Know Episode #2 — The Year Ahead,2021-12-16,mediaLinks,0,Watch Need to Know Episode #2 on YouTube,https://www.youtube.com/watch?v=bVIZO5zTNEY,https://youtube.com/watch?v=bVIZO5zTNEY,c55b4a8009ac91b831cf,YouTube,episode,video,True,legacy_unspecified,approved,,False,False,network_check_pending,2026-07-28T00:00:00Z,23.5C.1-1.0.0,dup-00044,duplicate,media-audit-6d54cae81e86ff87
inv-00130,need-to-know-podcast,Need to Know,2021-need-to-know-episode-2,podcast_episode,2,Need to Know Episode #2 — The Year Ahead,2021-12-16,mediaLinks,1,Watch the official Need to Know collection,https://www.youtube.com/playlist?list=PLXdU8QbJkboeMcvUNyGpb9h6FUS9cVBti,https://youtube.com/playlist?list=PLXdU8QbJkboeMcvUNyGpb9h6FUS9cVBti,24259ff69bbafb114bed,YouTube,playlist,video,True,legacy_unspecified,approved,,False,False,network_check_pending,2026-07-28T00:00:00Z,23.5C.1-1.0.0,dup-00043,duplicate,media-audit-c84b6e2e6cb61697
inv-00131,need-to-know-podcast,Need to Know,2021-need-to-know-episode-2,podcast_episode,2,Need to Know Episode #2 — The Year Ahead,2021-12-16,referenceSources,0,Official Need to Know Episode 2 video — The Year Ahead,https://www.youtube.com/watch?v=bVIZO5zTNEY,https://youtube.com/watch?v=bVIZO5zTNEY,c55b4a8009ac91b831cf,YouTube,episode,video,False,legacy_unspecified,approved,,False,False,network_check_pending,2026-07-28T00:00:00Z,23.5C.1-1.0.0,dup-00044,duplicate,media-audit-6d54cae81e86ff87
inv-00132,need-to-know-podcast,Need to Know,2021-need-to-know-episode-2,podcast_episode,2,Need to Know Episode #2 — The Year Ahead,2021-12-16,referenceSources,1,Need to Know official YouTube collection,https://www.youtube.com/playlist?list=PLXdU8QbJkboeMcvUNyGpb9h6FUS9cVBti,https://youtube.com/playlist?list=PLXdU8QbJkboeMcvUNyGpb9h6FUS9cVBti,24259ff69bbafb114bed,YouTube,playlist,video,False,legacy_unspecified,approved,,False,False,network_check_pending,2026-07-28T00:00:00Z,23.5C.1-1.0.0,dup-00043,duplicate,media-audit-c84b6e2e6cb61697
inv-00133,need-to-know-podcast,Need to Know,2021-need-to-know-episode-3,podcast_episode,3,Need to Know Episode #3 — Bipartisan Support for UAP Research,2021-12-27,officialMedia,0,Watch on YouTube,https://www.youtube.com/watch?v=wF_8gBlUZhY,https://youtube.com/watch?v=wF_8gBlUZhY,d69f367de1a3853f071d,YouTube,episode,video,True,verified,approved,2,False,False,network_check_pending,2026-07-28T00:00:00Z,23.5C.1-1.0.0,dup-00046,authoritative,media-audit-d2abb5d36783f6c1
inv-00134,need-to-know-podcast,Need to Know,2021-need-to-know-episode-3,podcast_episode,3,Need to Know Episode #3 — Bipartisan Support for UAP Research,2021-12-27,officialMedia,1,Browse Official YouTube Playlist,https://www.youtube.com/playlist?list=PLXdU8QbJkboeMcvUNyGpb9h6FUS9cVBti,https://youtube.com/playlist?list=PLXdU8QbJkboeMcvUNyGpb9h6FUS9cVBti,24259ff69bbafb114bed,YouTube,playlist,video,True,verified,approved,6,False,False,network_check_pending,2026-07-28T00:00:00Z,23.5C.1-1.0.0,dup-00045,authoritative,media-audit-d114c645a21f46c0
inv-00135,need-to-know-podcast,Need to Know,2021-need-to-know-episode-3,podcast_episode,3,Need to Know Episode #3 — Bipartisan Support for UAP Research,2021-12-27,mediaLinks,0,Watch Need to Know Episode #3 on YouTube,https://www.youtube.com/watch?v=wF_8gBlUZhY,https://youtube.com/watch?v=wF_8gBlUZhY,d69f367de1a3853f071d,YouTube,episode,video,True,legacy_unspecified,approved,,False,False,network_check_pending,2026-07-28T00:00:00Z,23.5C.1-1.0.0,dup-00046,duplicate,media-audit-d2abb5d36783f6c1
inv-00136,need-to-know-podcast,Need to Know,2021-need-to-know-episode-3,podcast_episode,3,Need to Know Episode #3 — Bipartisan Support for UAP Research,2021-12-27,mediaLinks,1,Watch the official Need to Know collection,https://www.youtube.com/playlist?list=PLXdU8QbJkboeMcvUNyGpb9h6FUS9cVBti,https://youtube.com/playlist?list=PLXdU8QbJkboeMcvUNyGpb9h6FUS9cVBti,24259ff69bbafb114bed,YouTube,playlist,video,True,legacy_unspecified,approved,,False,False,network_check_pending,2026-07-28T00:00:00Z,23.5C.1-1.0.0,dup-00045,duplicate,media-audit-d114c645a21f46c0
inv-00137,need-to-know-podcast,Need to Know,2021-need-to-know-episode-3,podcast_episode,3,Need to Know Episode #3 — Bipartisan Support for UAP Research,2021-12-27,referenceSources,0,Official Need to Know Episode 3 video — Bipartisan Support for UAP Research,https://www.youtube.com/watch?v=wF_8gBlUZhY,https://youtube.com/watch?v=wF_8gBlUZhY,d69f367de1a3853f071d,YouTube,episode,video,False,legacy_unspecified,approved,,False,False,network_check_pending,2026-07-28T00:00:00Z,23.5C.1-1.0.0,dup-00046,duplicate,media-audit-d2abb5d36783f6c1
inv-00138,need-to-know-podcast,Need to Know,2021-need-to-know-episode-3,podcast_episode,3,Need to Know Episode #3 — Bipartisan Support for UAP Research,2021-12-27,referenceSources,1,Need to Know official YouTube collection,https://www.youtube.com/playlist?list=PLXdU8QbJkboeMcvUNyGpb9h6FUS9cVBti,https://youtube.com/playlist?list=PLXdU8QbJkboeMcvUNyGpb9h6FUS9cVBti,24259ff69bbafb114bed,YouTube,playlist,video,False,legacy_unspecified,approved,,False,False,network_check_pending,2026-07-28T00:00:00Z,23.5C.1-1.0.0,dup-00045,duplicate,media-audit-d114c645a21f46c0
inv-00139,need-to-know-podcast,Need to Know,2022-need-to-know-episode-10,podcast_episode,10,Need to Know Episode #10 — Do No Harm,2022-04-01,officialMedia,0,Watch on YouTube,https://www.youtube.com/watch?v=AIbv1KzDNdQ,https://youtube.com/watch?v=AIbv1KzDNdQ,f678d589b65a72be06a1,YouTube,episode,video,True,verified,approved,2,False,False,network_check_pending,2026-07-28T00:00:00Z,23.5C.1-1.0.0,dup-00048,authoritative,media-audit-cd17cbcc30569849
inv-00140,need-to-know-podcast,Need to Know,2022-need-to-know-episode-10,podcast_episode,10,Need to Know Episode #10 — Do No Harm,2022-04-01,officialMedia,1,Browse Official YouTube Playlist,https://www.youtube.com/playlist?list=PLXdU8QbJkboeMcvUNyGpb9h6FUS9cVBti,https://youtube.com/playlist?list=PLXdU8QbJkboeMcvUNyGpb9h6FUS9cVBti,24259ff69bbafb114bed,YouTube,playlist,video,True,verified,approved,6,False,False,network_check_pending,2026-07-28T00:00:00Z,23.5C.1-1.0.0,dup-00047,authoritative,media-audit-1d267e159807b499
inv-00141,need-to-know-podcast,Need to Know,2022-need-to-know-episode-10,podcast_episode,10,Need to Know Episode #10 — Do No Harm,2022-04-01,mediaLinks,0,Watch Need to Know Episode #10 on YouTube,https://www.youtube.com/watch?v=AIbv1KzDNdQ,https://youtube.com/watch?v=AIbv1KzDNdQ,f678d589b65a72be06a1,YouTube,episode,video,True,legacy_unspecified,approved,,False,False,network_check_pending,2026-07-28T00:00:00Z,23.5C.1-1.0.0,dup-00048,duplicate,media-audit-cd17cbcc30569849
inv-00142,need-to-know-podcast,Need to Know,2022-need-to-know-episode-10,podcast_episode,10,Need to Know Episode #10 — Do No Harm,2022-04-01,mediaLinks,1,Watch the official Need to Know collection,https://www.youtube.com/playlist?list=PLXdU8QbJkboeMcvUNyGpb9h6FUS9cVBti,https://youtube.com/playlist?list=PLXdU8QbJkboeMcvUNyGpb9h6FUS9cVBti,24259ff69bbafb114bed,YouTube,playlist,video,True,legacy_unspecified,approved,,False,False,network_check_pending,2026-07-28T00:00:00Z,23.5C.1-1.0.0,dup-00047,duplicate,media-audit-1d267e159807b499
inv-00143,need-to-know-podcast,Need to Know,2022-need-to-know-episode-10,podcast_episode,10,Need to Know Episode #10 — Do No Harm,2022-04-01,referenceSources,0,Official Need to Know Episode 10 video — Do No Harm,https://www.youtube.com/watch?v=AIbv1KzDNdQ,https://youtube.com/watch?v=AIbv1KzDNdQ,f678d589b65a72be06a1,YouTube,episode,video,False,legacy_unspecified,approved,,False,False,network_check_pending,2026-07-28T00:00:00Z,23.5C.1-1.0.0,dup-00048,duplicate,media-audit-cd17cbcc30569849
inv-00144,need-to-know-podcast,Need to Know,2022-need-to-know-episode-10,podcast_episode,10,Need to Know Episode #10 — Do No Harm,2022-04-01,referenceSources,1,Need to Know official YouTube collection,https://www.youtube.com/playlist?list=PLXdU8QbJkboeMcvUNyGpb9h6FUS9cVBti,https://youtube.com/playlist?list=PLXdU8QbJkboeMcvUNyGpb9h6FUS9cVBti,24259ff69bbafb114bed,YouTube,playlist,video,False,legacy_unspecified,approved,,False,False,network_check_pending,2026-07-28T00:00:00Z,23.5C.1-1.0.0,dup-00047,duplicate,media-audit-1d267e159807b499
inv-00145,need-to-know-podcast,Need to Know,2022-need-to-know-episode-11,podcast_episode,11,Need to Know Episode #11 — UFOs and Rock Stars,2022-04-14,officialMedia,0,Watch on YouTube,https://www.youtube.com/watch?v=nE-GQq3Rbi8,https://youtube.com/watch?v=nE-GQq3Rbi8,859b0671118ec8b45de4,YouTube,episode,video,True,verified,approved,2,False,False,network_check_pending,2026-07-28T00:00:00Z,23.5C.1-1.0.0,dup-00050,authoritative,media-audit-8e7a8173e2a9c49a
inv-00146,need-to-know-podcast,Need to Know,2022-need-to-know-episode-11,podcast_episode,11,Need to Know Episode #11 — UFOs and Rock Stars,2022-04-14,officialMedia,1,Browse Official YouTube Playlist,https://www.youtube.com/playlist?list=PLXdU8QbJkboeMcvUNyGpb9h6FUS9cVBti,https://youtube.com/playlist?list=PLXdU8QbJkboeMcvUNyGpb9h6FUS9cVBti,24259ff69bbafb114bed,YouTube,playlist,video,True,verified,approved,6,False,False,network_check_pending,2026-07-28T00:00:00Z,23.5C.1-1.0.0,dup-00049,authoritative,media-audit-ed7b2add7c8b7ad3
inv-00147,need-to-know-podcast,Need to Know,2022-need-to-know-episode-11,podcast_episode,11,Need to Know Episode #11 — UFOs and Rock Stars,2022-04-14,mediaLinks,0,Watch Need to Know Episode #11 on YouTube,https://www.youtube.com/watch?v=nE-GQq3Rbi8,https://youtube.com/watch?v=nE-GQq3Rbi8,859b0671118ec8b45de4,YouTube,episode,video,True,legacy_unspecified,approved,,False,False,network_check_pending,2026-07-28T00:00:00Z,23.5C.1-1.0.0,dup-00050,duplicate,media-audit-8e7a8173e2a9c49a
inv-00148,need-to-know-podcast,Need to Know,2022-need-to-know-episode-11,podcast_episode,11,Need to Know Episode #11 — UFOs and Rock Stars,2022-04-14,mediaLinks,1,Watch the official Need to Know collection,https://www.youtube.com/playlist?list=PLXdU8QbJkboeMcvUNyGpb9h6FUS9cVBti,https://youtube.com/playlist?list=PLXdU8QbJkboeMcvUNyGpb9h6FUS9cVBti,24259ff69bbafb114bed,YouTube,playlist,video,True,legacy_unspecified,approved,,False,False,network_check_pending,2026-07-28T00:00:00Z,23.5C.1-1.0.0,dup-00049,duplicate,media-audit-ed7b2add7c8b7ad3
inv-00149,need-to-know-podcast,Need to Know,2022-need-to-know-episode-11,podcast_episode,11,Need to Know Episode #11 — UFOs and Rock Stars,2022-04-14,referenceSources,0,Official Need to Know Episode 11 video — UFOs and Rock Stars,https://www.youtube.com/watch?v=nE-GQq3Rbi8,https://youtube.com/watch?v=nE-GQq3Rbi8,859b0671118ec8b45de4,YouTube,episode,video,False,legacy_unspecified,approved,,False,False,network_check_pending,2026-07-28T00:00:00Z,23.5C.1-1.0.0,dup-00050,duplicate,media-audit-8e7a8173e2a9c49a
inv-00150,need-to-know-podcast,Need to Know,2022-need-to-know-episode-11,podcast_episode,11,Need to Know Episode #11 — UFOs and Rock Stars,2022-04-14,referenceSources,1,Need to Know official YouTube collection,https://www.youtube.com/playlist?list=PLXdU8QbJkboeMcvUNyGpb9h6FUS9cVBti,https://youtube.com/playlist?list=PLXdU8QbJkboeMcvUNyGpb9h6FUS9cVBti,24259ff69bbafb114bed,YouTube,playlist,video,False,legacy_unspecified,approved,,False,False,network_check_pending,2026-07-28T00:00:00Z,23.5C.1-1.0.0,dup-00049,duplicate,media-audit-ed7b2add7c8b7ad3
inv-00151,need-to-know-podcast,Need to Know,2022-need-to-know-episode-12,podcast_episode,12,Need to Know Episode #12 — Congressional UFO Hearings,2022-04-29,officialMedia,0,Watch on YouTube,https://www.youtube.com/watch?v=Ajwe2U6qhn4,https://youtube.com/watch?v=Ajwe2U6qhn4,ec6581ac7ec9ec52e3c4,YouTube,episode,video,True,verified,approved,2,False,False,network_check_pending,2026-07-28T00:00:00Z,23.5C.1-1.0.0,dup-00052,authoritative,media-audit-3a111d0961a8d53e
inv-00152,need-to-know-podcast,Need to Know,2022-need-to-know-episode-12,podcast_episode,12,Need to Know Episode #12 — Congressional UFO Hearings,2022-04-29,officialMedia,1,Browse Official YouTube Playlist,https://www.youtube.com/playlist?list=PLXdU8QbJkboeMcvUNyGpb9h6FUS9cVBti,https://youtube.com/playlist?list=PLXdU8QbJkboeMcvUNyGpb9h6FUS9cVBti,24259ff69bbafb114bed,YouTube,playlist,video,True,verified,approved,6,False,False,network_check_pending,2026-07-28T00:00:00Z,23.5C.1-1.0.0,dup-00051,authoritative,media-audit-2f1254428d8780c1
inv-00153,need-to-know-podcast,Need to Know,2022-need-to-know-episode-12,podcast_episode,12,Need to Know Episode #12 — Congressional UFO Hearings,2022-04-29,mediaLinks,0,Watch Need to Know Episode #12 on YouTube,https://www.youtube.com/watch?v=Ajwe2U6qhn4,https://youtube.com/watch?v=Ajwe2U6qhn4,ec6581ac7ec9ec52e3c4,YouTube,episode,video,True,legacy_unspecified,approved,,False,False,network_check_pending,2026-07-28T00:00:00Z,23.5C.1-1.0.0,dup-00052,duplicate,media-audit-3a111d0961a8d53e
inv-00154,need-to-know-podcast,Need to Know,2022-need-to-know-episode-12,podcast_episode,12,Need to Know Episode #12 — Congressional UFO Hearings,2022-04-29,mediaLinks,1,Watch the official Need to Know collection,https://www.youtube.com/playlist?list=PLXdU8QbJkboeMcvUNyGpb9h6FUS9cVBti,https://youtube.com/playlist?list=PLXdU8QbJkboeMcvUNyGpb9h6FUS9cVBti,24259ff69bbafb114bed,YouTube,playlist,video,True,legacy_unspecified,approved,,False,False,network_check_pending,2026-07-28T00:00:00Z,23.5C.1-1.0.0,dup-00051,duplicate,media-audit-2f1254428d8780c1
inv-00155,need-to-know-podcast,Need to Know,2022-need-to-know-episode-12,podcast_episode,12,Need to Know Episode #12 — Congressional UFO Hearings,2022-04-29,referenceSources,0,Official Need to Know Episode 12 video — Congressional UFO Hearings,https://www.youtube.com/watch?v=Ajwe2U6qhn4,https://youtube.com/watch?v=Ajwe2U6qhn4,ec6581ac7ec9ec52e3c4,YouTube,episode,video,False,legacy_unspecified,approved,,False,False,network_check_pending,2026-07-28T00:00:00Z,23.5C.1-1.0.0,dup-00052,duplicate,media-audit-3a111d0961a8d53e
inv-00156,need-to-know-podcast,Need to Know,2022-need-to-know-episode-12,podcast_episode,12,Need to Know Episode #12 — Congressional UFO Hearings,2022-04-29,referenceSources,1,Need to Know official YouTube collection,https://www.youtube.com/playlist?list=PLXdU8QbJkboeMcvUNyGpb9h6FUS9cVBti,https://youtube.com/playlist?list=PLXdU8QbJkboeMcvUNyGpb9h6FUS9cVBti,24259ff69bbafb114bed,YouTube,playlist,video,False,legacy_unspecified,approved,,False,False,network_check_pending,2026-07-28T00:00:00Z,23.5C.1-1.0.0,dup-00051,duplicate,media-audit-2f1254428d8780c1
inv-00157,need-to-know-podcast,Need to Know,2022-need-to-know-episode-13,podcast_episode,13,Need to Know Episode #13 — Bryce’s Rant,2022-04-28,officialMedia,0,Watch on YouTube,https://www.youtube.com/watch?v=HRCT_ddq39U,https://youtube.com/watch?v=HRCT_ddq39U,a104600a5d41960584a7,YouTube,episode,video,True,verified,approved,2,False,False,network_check_pending,2026-07-28T00:00:00Z,23.5C.1-1.0.0,dup-00054,authoritative,media-audit-4286fbc3c6ce2282
inv-00158,need-to-know-podcast,Need to Know,2022-need-to-know-episode-13,podcast_episode,13,Need to Know Episode #13 — Bryce’s Rant,2022-04-28,officialMedia,1,Browse Official YouTube Playlist,https://www.youtube.com/playlist?list=PLXdU8QbJkboeMcvUNyGpb9h6FUS9cVBti,https://youtube.com/playlist?list=PLXdU8QbJkboeMcvUNyGpb9h6FUS9cVBti,24259ff69bbafb114bed,YouTube,playlist,video,True,verified,approved,6,False,False,network_check_pending,2026-07-28T00:00:00Z,23.5C.1-1.0.0,dup-00053,authoritative,media-audit-f9549b9c93e405be
inv-00159,need-to-know-podcast,Need to Know,2022-need-to-know-episode-13,podcast_episode,13,Need to Know Episode #13 — Bryce’s Rant,2022-04-28,mediaLinks,0,Watch the official Bryce Zabel ufology special on YouTube,https://www.youtube.com/watch?v=HRCT_ddq39U,https://youtube.com/watch?v=HRCT_ddq39U,a104600a5d41960584a7,YouTube,episode,video,True,legacy_unspecified,approved,,False,False,network_check_pending,2026-07-28T00:00:00Z,23.5C.1-1.0.0,dup-00054,duplicate,media-audit-4286fbc3c6ce2282
inv-00160,need-to-know-podcast,Need to Know,2022-need-to-know-episode-13,podcast_episode,13,Need to Know Episode #13 — Bryce’s Rant,2022-04-28,mediaLinks,1,Watch the official Need to Know collection,https://www.youtube.com/playlist?list=PLXdU8QbJkboeMcvUNyGpb9h6FUS9cVBti,https://youtube.com/playlist?list=PLXdU8QbJkboeMcvUNyGpb9h6FUS9cVBti,24259ff69bbafb114bed,YouTube,playlist,video,True,legacy_unspecified,approved,,False,False,network_check_pending,2026-07-28T00:00:00Z,23.5C.1-1.0.0,dup-00053,duplicate,media-audit-f9549b9c93e405be
inv-00161,need-to-know-podcast,Need to Know,2022-need-to-know-episode-13,podcast_episode,13,Need to Know Episode #13 — Bryce’s Rant,2022-04-28,referenceSources,0,Official Need to Know special video — A Profane Rant about Modern Ufology,https://www.youtube.com/watch?v=HRCT_ddq39U,https://youtube.com/watch?v=HRCT_ddq39U,a104600a5d41960584a7,YouTube,episode,video,False,legacy_unspecified,approved,,False,False,network_check_pending,2026-07-28T00:00:00Z,23.5C.1-1.0.0,dup-00054,duplicate,media-audit-4286fbc3c6ce2282
inv-00162,need-to-know-podcast,Need to Know,2022-need-to-know-episode-13,podcast_episode,13,Need to Know Episode #13 — Bryce’s Rant,2022-04-28,referenceSources,1,Need to Know official YouTube collection,https://www.youtube.com/playlist?list=PLXdU8QbJkboeMcvUNyGpb9h6FUS9cVBti,https://youtube.com/playlist?list=PLXdU8QbJkboeMcvUNyGpb9h6FUS9cVBti,24259ff69bbafb114bed,YouTube,playlist,video,False,legacy_unspecified,approved,,False,False,network_check_pending,2026-07-28T00:00:00Z,23.5C.1-1.0.0,dup-00053,duplicate,media-audit-f9549b9c93e405be
inv-00163,need-to-know-podcast,Need to Know,2022-need-to-know-episode-14,podcast_episode,14,Need to Know Episode #14 — Elizondo on UAP Hearing,2022-05-17,officialMedia,0,Watch on YouTube,https://www.youtube.com/watch?v=YOjSBPfmoIM,https://youtube.com/watch?v=YOjSBPfmoIM,d184e710f1d0e978e47e,YouTube,episode,video,True,verified,approved,2,False,False,network_check_pending,2026-07-28T00:00:00Z,23.5C.1-1.0.0,dup-00056,authoritative,media-audit-1bc96c676c8b7b31
inv-00164,need-to-know-podcast,Need to Know,2022-need-to-know-episode-14,podcast_episode,14,Need to Know Episode #14 — Elizondo on UAP Hearing,2022-05-17,officialMedia,1,Browse Official YouTube Playlist,https://www.youtube.com/playlist?list=PLXdU8QbJkboeMcvUNyGpb9h6FUS9cVBti,https://youtube.com/playlist?list=PLXdU8QbJkboeMcvUNyGpb9h6FUS9cVBti,24259ff69bbafb114bed,YouTube,playlist,video,True,verified,approved,6,False,False,network_check_pending,2026-07-28T00:00:00Z,23.5C.1-1.0.0,dup-00055,authoritative,media-audit-2a5d653723b97d92
inv-00165,need-to-know-podcast,Need to Know,2022-need-to-know-episode-14,podcast_episode,14,Need to Know Episode #14 — Elizondo on UAP Hearing,2022-05-17,mediaLinks,0,Watch the official Elizondo hearing episode on YouTube (channel title NTK/13),https://www.youtube.com/watch?v=YOjSBPfmoIM,https://youtube.com/watch?v=YOjSBPfmoIM,d184e710f1d0e978e47e,YouTube,episode,video,True,legacy_unspecified,approved,,False,False,network_check_pending,2026-07-28T00:00:00Z,23.5C.1-1.0.0,dup-00056,duplicate,media-audit-1bc96c676c8b7b31
inv-00166,need-to-know-podcast,Need to Know,2022-need-to-know-episode-14,podcast_episode,14,Need to Know Episode #14 — Elizondo on UAP Hearing,2022-05-17,mediaLinks,1,Watch the official Need to Know collection,https://www.youtube.com/playlist?list=PLXdU8QbJkboeMcvUNyGpb9h6FUS9cVBti,https://youtube.com/playlist?list=PLXdU8QbJkboeMcvUNyGpb9h6FUS9cVBti,24259ff69bbafb114bed,YouTube,playlist,video,True,legacy_unspecified,approved,,False,False,network_check_pending,2026-07-28T00:00:00Z,23.5C.1-1.0.0,dup-00055,duplicate,media-audit-2a5d653723b97d92
inv-00167,need-to-know-podcast,Need to Know,2022-need-to-know-episode-14,podcast_episode,14,Need to Know Episode #14 — Elizondo on UAP Hearing,2022-05-17,referenceSources,0,Official Elizondo hearing video — YouTube NTK/13; Need to Know archive Episode #14,https://www.youtube.com/watch?v=YOjSBPfmoIM,https://youtube.com/watch?v=YOjSBPfmoIM,d184e710f1d0e978e47e,YouTube,episode,video,False,legacy_unspecified,approved,,False,False,network_check_pending,2026-07-28T00:00:00Z,23.5C.1-1.0.0,dup-00056,duplicate,media-audit-1bc96c676c8b7b31
inv-00168,need-to-know-podcast,Need to Know,2022-need-to-know-episode-14,podcast_episode,14,Need to Know Episode #14 — Elizondo on UAP Hearing,2022-05-17,referenceSources,1,Need to Know official YouTube collection,https://www.youtube.com/playlist?list=PLXdU8QbJkboeMcvUNyGpb9h6FUS9cVBti,https://youtube.com/playlist?list=PLXdU8QbJkboeMcvUNyGpb9h6FUS9cVBti,24259ff69bbafb114bed,YouTube,playlist,video,False,legacy_unspecified,approved,,False,False,network_check_pending,2026-07-28T00:00:00Z,23.5C.1-1.0.0,dup-00055,duplicate,media-audit-2a5d653723b97d92
inv-00169,need-to-know-podcast,Need to Know,2022-need-to-know-episode-15,podcast_episode,15,Need to Know Episode #15 — Estimate of the Situation,2022-06-05,officialMedia,0,Watch on YouTube,https://www.youtube.com/watch?v=W8k8yl5yLGk,https://youtube.com/watch?v=W8k8yl5yLGk,dfc3edc90b96ffc6d1e2,YouTube,episode,video,True,verified,approved,2,False,False,network_check_pending,2026-07-28T00:00:00Z,23.5C.1-1.0.0,dup-00058,authoritative,media-audit-5630b764fa50a188
inv-00170,need-to-know-podcast,Need to Know,2022-need-to-know-episode-15,podcast_episode,15,Need to Know Episode #15 — Estimate of the Situation,2022-06-05,officialMedia,1,Browse Official YouTube Playlist,https://www.youtube.com/playlist?list=PLXdU8QbJkboeMcvUNyGpb9h6FUS9cVBti,https://youtube.com/playlist?list=PLXdU8QbJkboeMcvUNyGpb9h6FUS9cVBti,24259ff69bbafb114bed,YouTube,playlist,video,True,verified,approved,6,False,False,network_check_pending,2026-07-28T00:00:00Z,23.5C.1-1.0.0,dup-00057,authoritative,media-audit-2a108a8c8941ffbb
inv-00171,need-to-know-podcast,Need to Know,2022-need-to-know-episode-15,podcast_episode,15,Need to Know Episode #15 — Estimate of the Situation,2022-06-05,mediaLinks,0,Watch Need to Know Episode #15 on YouTube,https://www.youtube.com/watch?v=W8k8yl5yLGk,https://youtube.com/watch?v=W8k8yl5yLGk,dfc3edc90b96ffc6d1e2,YouTube,episode,video,True,legacy_unspecified,approved,,False,False,network_check_pending,2026-07-28T00:00:00Z,23.5C.1-1.0.0,dup-00058,duplicate,media-audit-5630b764fa50a188
inv-00172,need-to-know-podcast,Need to Know,2022-need-to-know-episode-15,podcast_episode,15,Need to Know Episode #15 — Estimate of the Situation,2022-06-05,mediaLinks,1,Watch the official Need to Know collection,https://www.youtube.com/playlist?list=PLXdU8QbJkboeMcvUNyGpb9h6FUS9cVBti,https://youtube.com/playlist?list=PLXdU8QbJkboeMcvUNyGpb9h6FUS9cVBti,24259ff69bbafb114bed,YouTube,playlist,video,True,legacy_unspecified,approved,,False,False,network_check_pending,2026-07-28T00:00:00Z,23.5C.1-1.0.0,dup-00057,duplicate,media-audit-2a108a8c8941ffbb
inv-00173,need-to-know-podcast,Need to Know,2022-need-to-know-episode-15,podcast_episode,15,Need to Know Episode #15 — Estimate of the Situation,2022-06-05,referenceSources,0,Official Need to Know Episode 15 video — Estimate of the Situation,https://www.youtube.com/watch?v=W8k8yl5yLGk,https://youtube.com/watch?v=W8k8yl5yLGk,dfc3edc90b96ffc6d1e2,YouTube,episode,video,False,legacy_unspecified,approved,,False,False,network_check_pending,2026-07-28T00:00:00Z,23.5C.1-1.0.0,dup-00058,duplicate,media-audit-5630b764fa50a188
inv-00174,need-to-know-podcast,Need to Know,2022-need-to-know-episode-15,podcast_episode,15,Need to Know Episode #15 — Estimate of the Situation,2022-06-05,referenceSources,1,Need to Know official YouTube collection,https://www.youtube.com/playlist?list=PLXdU8QbJkboeMcvUNyGpb9h6FUS9cVBti,https://youtube.com/playlist?list=PLXdU8QbJkboeMcvUNyGpb9h6FUS9cVBti,24259ff69bbafb114bed,YouTube,playlist,video,False,legacy_unspecified,approved,,False,False,network_check_pending,2026-07-28T00:00:00Z,23.5C.1-1.0.0,dup-00057,duplicate,media-audit-2a108a8c8941ffbb
inv-00175,need-to-know-podcast,Need to Know,2022-need-to-know-episode-16,podcast_episode,16,Need to Know Episode #16 — Summer of the Saucers,2022-06-21,officialMedia,0,Watch on YouTube,https://www.youtube.com/watch?v=0dwsvzsn3ko,https://youtube.com/watch?v=0dwsvzsn3ko,3605c8b994ceb5156ba0,YouTube,episode,video,True,verified,approved,2,False,False,network_check_pending,2026-07-28T00:00:00Z,23.5C.1-1.0.0,dup-00060,authoritative,media-audit-ce21ab0c335fb201
inv-00176,need-to-know-podcast,Need to Know,2022-need-to-know-episode-16,podcast_episode,16,Need to Know Episode #16 — Summer of the Saucers,2022-06-21,officialMedia,1,Browse Official YouTube Playlist,https://www.youtube.com/playlist?list=PLXdU8QbJkboeMcvUNyGpb9h6FUS9cVBti,https://youtube.com/playlist?list=PLXdU8QbJkboeMcvUNyGpb9h6FUS9cVBti,24259ff69bbafb114bed,YouTube,playlist,video,True,verified,approved,6,False,False,network_check_pending,2026-07-28T00:00:00Z,23.5C.1-1.0.0,dup-00059,authoritative,media-audit-048dd257e35a1652
inv-00177,need-to-know-podcast,Need to Know,2022-need-to-know-episode-16,podcast_episode,16,Need to Know Episode #16 — Summer of the Saucers,2022-06-21,mediaLinks,0,Watch Need to Know Episode #16 on YouTube,https://www.youtube.com/watch?v=0dwsvzsn3ko,https://youtube.com/watch?v=0dwsvzsn3ko,3605c8b994ceb5156ba0,YouTube,episode,video,True,legacy_unspecified,approved,,False,False,network_check_pending,2026-07-28T00:00:00Z,23.5C.1-1.0.0,dup-00060,duplicate,media-audit-ce21ab0c335fb201
inv-00178,need-to-know-podcast,Need to Know,2022-need-to-know-episode-16,podcast_episode,16,Need to Know Episode #16 — Summer of the Saucers,2022-06-21,mediaLinks,1,Watch the official Need to Know collection,https://www.youtube.com/playlist?list=PLXdU8QbJkboeMcvUNyGpb9h6FUS9cVBti,https://youtube.com/playlist?list=PLXdU8QbJkboeMcvUNyGpb9h6FUS9cVBti,24259ff69bbafb114bed,YouTube,playlist,video,True,legacy_unspecified,approved,,False,False,network_check_pending,2026-07-28T00:00:00Z,23.5C.1-1.0.0,dup-00059,duplicate,media-audit-048dd257e35a1652
inv-00179,need-to-know-podcast,Need to Know,2022-need-to-know-episode-16,podcast_episode,16,Need to Know Episode #16 — Summer of the Saucers,2022-06-21,referenceSources,0,Official Need to Know Episode 16 video — Summer of the Saucers,https://www.youtube.com/watch?v=0dwsvzsn3ko,https://youtube.com/watch?v=0dwsvzsn3ko,3605c8b994ceb5156ba0,YouTube,episode,video,False,legacy_unspecified,approved,,False,False,network_check_pending,2026-07-28T00:00:00Z,23.5C.1-1.0.0,dup-00060,duplicate,media-audit-ce21ab0c335fb201
inv-00180,need-to-know-podcast,Need to Know,2022-need-to-know-episode-16,podcast_episode,16,Need to Know Episode #16 — Summer of the Saucers,2022-06-21,referenceSources,1,Need to Know official YouTube collection,https://www.youtube.com/playlist?list=PLXdU8QbJkboeMcvUNyGpb9h6FUS9cVBti,https://youtube.com/playlist?list=PLXdU8QbJkboeMcvUNyGpb9h6FUS9cVBti,24259ff69bbafb114bed,YouTube,playlist,video,False,legacy_unspecified,approved,,False,False,network_check_pending,2026-07-28T00:00:00Z,23.5C.1-1.0.0,dup-00059,duplicate,media-audit-048dd257e35a1652
inv-00181,need-to-know-podcast,Need to Know,2022-need-to-know-episode-17,podcast_episode,17,Need to Know Episode #17 — Beyond Nimitz,2022-07-14,officialMedia,0,Watch on YouTube,https://www.youtube.com/watch?v=7UzU_l6hDLk,https://youtube.com/watch?v=7UzU_l6hDLk,16f30fad0ba7ee4baac9,YouTube,episode,video,True,verified,approved,2,False,False,network_check_pending,2026-07-28T00:00:00Z,23.5C.1-1.0.0,dup-00062,authoritative,media-audit-18a183c75aa3bb86
inv-00182,need-to-know-podcast,Need to Know,2022-need-to-know-episode-17,podcast_episode,17,Need to Know Episode #17 — Beyond Nimitz,2022-07-14,officialMedia,1,Browse Official YouTube Playlist,https://www.youtube.com/playlist?list=PLXdU8QbJkboeMcvUNyGpb9h6FUS9cVBti,https://youtube.com/playlist?list=PLXdU8QbJkboeMcvUNyGpb9h6FUS9cVBti,24259ff69bbafb114bed,YouTube,playlist,video,True,verified,approved,6,False,False,network_check_pending,2026-07-28T00:00:00Z,23.5C.1-1.0.0,dup-00061,authoritative,media-audit-fc96a6a8ff3e0895
inv-00183,need-to-know-podcast,Need to Know,2022-need-to-know-episode-17,podcast_episode,17,Need to Know Episode #17 — Beyond Nimitz,2022-07-14,mediaLinks,0,Watch Need to Know Episode #17 on YouTube,https://www.youtube.com/watch?v=7UzU_l6hDLk,https://youtube.com/watch?v=7UzU_l6hDLk,16f30fad0ba7ee4baac9,YouTube,episode,video,True,legacy_unspecified,approved,,False,False,network_check_pending,2026-07-28T00:00:00Z,23.5C.1-1.0.0,dup-00062,duplicate,media-audit-18a183c75aa3bb86
inv-00184,need-to-know-podcast,Need to Know,2022-need-to-know-episode-17,podcast_episode,17,Need to Know Episode #17 — Beyond Nimitz,2022-07-14,mediaLinks,1,Watch the official Need to Know collection,https://www.youtube.com/playlist?list=PLXdU8QbJkboeMcvUNyGpb9h6FUS9cVBti,https://youtube.com/playlist?list=PLXdU8QbJkboeMcvUNyGpb9h6FUS9cVBti,24259ff69bbafb114bed,YouTube,playlist,video,True,legacy_unspecified,approved,,False,False,network_check_pending,2026-07-28T00:00:00Z,23.5C.1-1.0.0,dup-00061,duplicate,media-audit-fc96a6a8ff3e0895
inv-00185,need-to-know-podcast,Need to Know,2022-need-to-know-episode-17,podcast_episode,17,Need to Know Episode #17 — Beyond Nimitz,2022-07-14,referenceSources,0,Official Need to Know Episode 17 video — Beyond Nimitz,https://www.youtube.com/watch?v=7UzU_l6hDLk,https://youtube.com/watch?v=7UzU_l6hDLk,16f30fad0ba7ee4baac9,YouTube,episode,video,False,legacy_unspecified,approved,,False,False,network_check_pending,2026-07-28T00:00:00Z,23.5C.1-1.0.0,dup-00062,duplicate,media-audit-18a183c75aa3bb86
inv-00186,need-to-know-podcast,Need to Know,2022-need-to-know-episode-17,podcast_episode,17,Need to Know Episode #17 — Beyond Nimitz,2022-07-14,referenceSources,1,Need to Know official YouTube collection,https://www.youtube.com/playlist?list=PLXdU8QbJkboeMcvUNyGpb9h6FUS9cVBti,https://youtube.com/playlist?list=PLXdU8QbJkboeMcvUNyGpb9h6FUS9cVBti,24259ff69bbafb114bed,YouTube,playlist,video,False,legacy_unspecified,approved,,False,False,network_check_pending,2026-07-28T00:00:00Z,23.5C.1-1.0.0,dup-00061,duplicate,media-audit-fc96a6a8ff3e0895
inv-00187,need-to-know-podcast,Need to Know,2022-need-to-know-episode-18,podcast_episode,18,Need to Know Episode #18 — Real Change Ahead?,2022-08-05,officialMedia,0,Watch on YouTube,https://www.youtube.com/watch?v=zCbUiXAJbn0,https://youtube.com/watch?v=zCbUiXAJbn0,5893805bc52d0acc0ff6,YouTube,episode,video,True,verified,approved,2,False,False,network_check_pending,2026-07-28T00:00:00Z,23.5C.1-1.0.0,dup-00064,authoritative,media-audit-c6901d77315f5463
inv-00188,need-to-know-podcast,Need to Know,2022-need-to-know-episode-18,podcast_episode,18,Need to Know Episode #18 — Real Change Ahead?,2022-08-05,officialMedia,1,Browse Official YouTube Playlist,https://www.youtube.com/playlist?list=PLXdU8QbJkboeMcvUNyGpb9h6FUS9cVBti,https://youtube.com/playlist?list=PLXdU8QbJkboeMcvUNyGpb9h6FUS9cVBti,24259ff69bbafb114bed,YouTube,playlist,video,True,verified,approved,6,False,False,network_check_pending,2026-07-28T00:00:00Z,23.5C.1-1.0.0,dup-00063,authoritative,media-audit-6221549daa17894a
inv-00189,need-to-know-podcast,Need to Know,2022-need-to-know-episode-18,podcast_episode,18,Need to Know Episode #18 — Real Change Ahead?,2022-08-05,mediaLinks,0,Watch Need to Know Episode #18 on YouTube,https://www.youtube.com/watch?v=zCbUiXAJbn0,https://youtube.com/watch?v=zCbUiXAJbn0,5893805bc52d0acc0ff6,YouTube,episode,video,True,legacy_unspecified,approved,,False,False,network_check_pending,2026-07-28T00:00:00Z,23.5C.1-1.0.0,dup-00064,duplicate,media-audit-c6901d77315f5463
inv-00190,need-to-know-podcast,Need to Know,2022-need-to-know-episode-18,podcast_episode,18,Need to Know Episode #18 — Real Change Ahead?,2022-08-05,mediaLinks,1,Watch the official Need to Know collection,https://www.youtube.com/playlist?list=PLXdU8QbJkboeMcvUNyGpb9h6FUS9cVBti,https://youtube.com/playlist?list=PLXdU8QbJkboeMcvUNyGpb9h6FUS9cVBti,24259ff69bbafb114bed,YouTube,playlist,video,True,legacy_unspecified,approved,,False,False,network_check_pending,2026-07-28T00:00:00Z,23.5C.1-1.0.0,dup-00063,duplicate,media-audit-6221549daa17894a
inv-00191,need-to-know-podcast,Need to Know,2022-need-to-know-episode-18,podcast_episode,18,Need to Know Episode #18 — Real Change Ahead?,2022-08-05,referenceSources,0,Official Need to Know Episode 18 video — Real Change Ahead?,https://www.youtube.com/watch?v=zCbUiXAJbn0,https://youtube.com/watch?v=zCbUiXAJbn0,5893805bc52d0acc0ff6,YouTube,episode,video,False,legacy_unspecified,approved,,False,False,network_check_pending,2026-07-28T00:00:00Z,23.5C.1-1.0.0,dup-00064,duplicate,media-audit-c6901d77315f5463
inv-00192,need-to-know-podcast,Need to Know,2022-need-to-know-episode-18,podcast_episode,18,Need to Know Episode #18 — Real Change Ahead?,2022-08-05,referenceSources,1,Need to Know official YouTube collection,https://www.youtube.com/playlist?list=PLXdU8QbJkboeMcvUNyGpb9h6FUS9cVBti,https://youtube.com/playlist?list=PLXdU8QbJkboeMcvUNyGpb9h6FUS9cVBti,24259ff69bbafb114bed,YouTube,playlist,video,False,legacy_unspecified,approved,,False,False,network_check_pending,2026-07-28T00:00:00Z,23.5C.1-1.0.0,dup-00063,duplicate,media-audit-6221549daa17894a
inv-00193,need-to-know-podcast,Need to Know,2022-need-to-know-episode-19,podcast_episode,19,Need to Know Episode #19 — Virtual Beers,2022-08-15,officialMedia,0,Watch on YouTube,https://www.youtube.com/watch?v=A0SdTFO4GDY,https://youtube.com/watch?v=A0SdTFO4GDY,95e0e6c081caeb74d227,YouTube,episode,video,True,verified,approved,2,False,False,network_check_pending,2026-07-28T00:00:00Z,23.5C.1-1.0.0,dup-00066,authoritative,media-audit-347091fbca871a02
inv-00194,need-to-know-podcast,Need to Know,2022-need-to-know-episode-19,podcast_episode,19,Need to Know Episode #19 — Virtual Beers,2022-08-15,officialMedia,1,Browse Official YouTube Playlist,https://www.youtube.com/playlist?list=PLXdU8QbJkboeMcvUNyGpb9h6FUS9cVBti,https://youtube.com/playlist?list=PLXdU8QbJkboeMcvUNyGpb9h6FUS9cVBti,24259ff69bbafb114bed,YouTube,playlist,video,True,verified,approved,6,False,False,network_check_pending,2026-07-28T00:00:00Z,23.5C.1-1.0.0,dup-00065,authoritative,media-audit-ade0e101cac38575
inv-00195,need-to-know-podcast,Need to Know,2022-need-to-know-episode-19,podcast_episode,19,Need to Know Episode #19 — Virtual Beers,2022-08-15,mediaLinks,0,Watch Need to Know Episode #19 on YouTube,https://www.youtube.com/watch?v=A0SdTFO4GDY,https://youtube.com/watch?v=A0SdTFO4GDY,95e0e6c081caeb74d227,YouTube,episode,video,True,legacy_unspecified,approved,,False,False,network_check_pending,2026-07-28T00:00:00Z,23.5C.1-1.0.0,dup-00066,duplicate,media-audit-347091fbca871a02
inv-00196,need-to-know-podcast,Need to Know,2022-need-to-know-episode-19,podcast_episode,19,Need to Know Episode #19 — Virtual Beers,2022-08-15,mediaLinks,1,Watch the official Need to Know collection,https://www.youtube.com/playlist?list=PLXdU8QbJkboeMcvUNyGpb9h6FUS9cVBti,https://youtube.com/playlist?list=PLXdU8QbJkboeMcvUNyGpb9h6FUS9cVBti,24259ff69bbafb114bed,YouTube,playlist,video,True,legacy_unspecified,approved,,False,False,network_check_pending,2026-07-28T00:00:00Z,23.5C.1-1.0.0,dup-00065,duplicate,media-audit-ade0e101cac38575
inv-00197,need-to-know-podcast,Need to Know,2022-need-to-know-episode-19,podcast_episode,19,Need to Know Episode #19 — Virtual Beers,2022-08-15,referenceSources,0,Official Need to Know Episode 19 video — Virtual Beers,https://www.youtube.com/watch?v=A0SdTFO4GDY,https://youtube.com/watch?v=A0SdTFO4GDY,95e0e6c081caeb74d227,YouTube,episode,video,False,legacy_unspecified,approved,,False,False,network_check_pending,2026-07-28T00:00:00Z,23.5C.1-1.0.0,dup-00066,duplicate,media-audit-347091fbca871a02
inv-00198,need-to-know-podcast,Need to Know,2022-need-to-know-episode-19,podcast_episode,19,Need to Know Episode #19 — Virtual Beers,2022-08-15,referenceSources,1,Need to Know official YouTube collection,https://www.youtube.com/playlist?list=PLXdU8QbJkboeMcvUNyGpb9h6FUS9cVBti,https://youtube.com/playlist?list=PLXdU8QbJkboeMcvUNyGpb9h6FUS9cVBti,24259ff69bbafb114bed,YouTube,playlist,video,False,legacy_unspecified,approved,,False,False,network_check_pending,2026-07-28T00:00:00Z,23.5C.1-1.0.0,dup-00065,duplicate,media-audit-ade0e101cac38575
inv-00199,need-to-know-podcast,Need to Know,2022-need-to-know-episode-20,podcast_episode,20,Need to Know Episode #20 — 7NEWS Spotlight Special Edition,2022-08-25,officialMedia,0,Watch on YouTube,https://www.youtube.com/watch?v=pSZUBulON6I,https://youtube.com/watch?v=pSZUBulON6I,f37fc5a96656fbdb1a67,YouTube,episode,video,True,verified,approved,2,False,False,network_check_pending,2026-07-28T00:00:00Z,23.5C.1-1.0.0,dup-00068,authoritative,media-audit-d92eed7fe6a67553
inv-00200,need-to-know-podcast,Need to Know,2022-need-to-know-episode-20,podcast_episode,20,Need to Know Episode #20 — 7NEWS Spotlight Special Edition,2022-08-25,officialMedia,1,Browse Official YouTube Playlist,https://www.youtube.com/playlist?list=PLXdU8QbJkboeMcvUNyGpb9h6FUS9cVBti,https://youtube.com/playlist?list=PLXdU8QbJkboeMcvUNyGpb9h6FUS9cVBti,24259ff69bbafb114bed,YouTube,playlist,video,True,verified,approved,6,False,False,network_check_pending,2026-07-28T00:00:00Z,23.5C.1-1.0.0,dup-00067,authoritative,media-audit-a2f5e3180df919dd
inv-00201,need-to-know-podcast,Need to Know,2022-need-to-know-episode-20,podcast_episode,20,Need to Know Episode #20 — 7NEWS Spotlight Special Edition,2022-08-25,mediaLinks,0,Watch Need to Know Episode #20 on YouTube,https://www.youtube.com/watch?v=pSZUBulON6I,https://youtube.com/watch?v=pSZUBulON6I,f37fc5a96656fbdb1a67,YouTube,episode,video,True,legacy_unspecified,approved,,False,False,network_check_pending,2026-07-28T00:00:00Z,23.5C.1-1.0.0,dup-00068,duplicate,media-audit-d92eed7fe6a67553
inv-00202,need-to-know-podcast,Need to Know,2022-need-to-know-episode-20,podcast_episode,20,Need to Know Episode #20 — 7NEWS Spotlight Special Edition,2022-08-25,mediaLinks,1,Watch the official Need to Know collection,https://www.youtube.com/playlist?list=PLXdU8QbJkboeMcvUNyGpb9h6FUS9cVBti,https://youtube.com/playlist?list=PLXdU8QbJkboeMcvUNyGpb9h6FUS9cVBti,24259ff69bbafb114bed,YouTube,playlist,video,True,legacy_unspecified,approved,,False,False,network_check_pending,2026-07-28T00:00:00Z,23.5C.1-1.0.0,dup-00067,duplicate,media-audit-a2f5e3180df919dd
inv-00203,need-to-know-podcast,Need to Know,2022-need-to-know-episode-20,podcast_episode,20,Need to Know Episode #20 — 7NEWS Spotlight Special Edition,2022-08-25,referenceSources,0,Official Need to Know Episode 20 video — 7NEWS Spotlight Special Edition,https://www.youtube.com/watch?v=pSZUBulON6I,https://youtube.com/watch?v=pSZUBulON6I,f37fc5a96656fbdb1a67,YouTube,episode,video,False,legacy_unspecified,approved,,False,False,network_check_pending,2026-07-28T00:00:00Z,23.5C.1-1.0.0,dup-00068,duplicate,media-audit-d92eed7fe6a67553
inv-00204,need-to-know-podcast,Need to Know,2022-need-to-know-episode-20,podcast_episode,20,Need to Know Episode #20 — 7NEWS Spotlight Special Edition,2022-08-25,referenceSources,1,Need to Know official YouTube collection,https://www.youtube.com/playlist?list=PLXdU8QbJkboeMcvUNyGpb9h6FUS9cVBti,https://youtube.com/playlist?list=PLXdU8QbJkboeMcvUNyGpb9h6FUS9cVBti,24259ff69bbafb114bed,YouTube,playlist,video,False,legacy_unspecified,approved,,False,False,network_check_pending,2026-07-28T00:00:00Z,23.5C.1-1.0.0,dup-00067,duplicate,media-audit-a2f5e3180df919dd
inv-00205,need-to-know-podcast,Need to Know,2022-need-to-know-episode-21,podcast_episode,21,Need to Know Episode #21 — UFOlogy Must Die?,2022-09-14,officialMedia,0,Watch on YouTube,https://www.youtube.com/watch?v=b-_QillPBM4,https://youtube.com/watch?v=b-_QillPBM4,9b6a599d4272074e827f,YouTube,episode,video,True,verified,approved,2,False,False,network_check_pending,2026-07-28T00:00:00Z,23.5C.1-1.0.0,dup-00070,authoritative,media-audit-a4d478d507eb5e94
inv-00206,need-to-know-podcast,Need to Know,2022-need-to-know-episode-21,podcast_episode,21,Need to Know Episode #21 — UFOlogy Must Die?,2022-09-14,officialMedia,1,Browse Official YouTube Playlist,https://www.youtube.com/playlist?list=PLXdU8QbJkboeMcvUNyGpb9h6FUS9cVBti,https://youtube.com/playlist?list=PLXdU8QbJkboeMcvUNyGpb9h6FUS9cVBti,24259ff69bbafb114bed,YouTube,playlist,video,True,verified,approved,6,False,False,network_check_pending,2026-07-28T00:00:00Z,23.5C.1-1.0.0,dup-00069,authoritative,media-audit-c77966294dd64fb2
inv-00207,need-to-know-podcast,Need to Know,2022-need-to-know-episode-21,podcast_episode,21,Need to Know Episode #21 — UFOlogy Must Die?,2022-09-14,mediaLinks,0,Watch Need to Know Episode #21 on YouTube,https://www.youtube.com/watch?v=b-_QillPBM4,https://youtube.com/watch?v=b-_QillPBM4,9b6a599d4272074e827f,YouTube,episode,video,True,legacy_unspecified,approved,,False,False,network_check_pending,2026-07-28T00:00:00Z,23.5C.1-1.0.0,dup-00070,duplicate,media-audit-a4d478d507eb5e94
inv-00208,need-to-know-podcast,Need to Know,2022-need-to-know-episode-21,podcast_episode,21,Need to Know Episode #21 — UFOlogy Must Die?,2022-09-14,mediaLinks,1,Watch the official Need to Know collection,https://www.youtube.com/playlist?list=PLXdU8QbJkboeMcvUNyGpb9h6FUS9cVBti,https://youtube.com/playlist?list=PLXdU8QbJkboeMcvUNyGpb9h6FUS9cVBti,24259ff69bbafb114bed,YouTube,playlist,video,True,legacy_unspecified,approved,,False,False,network_check_pending,2026-07-28T00:00:00Z,23.5C.1-1.0.0,dup-00069,duplicate,media-audit-c77966294dd64fb2
inv-00209,need-to-know-podcast,Need to Know,2022-need-to-know-episode-21,podcast_episode,21,Need to Know Episode #21 — UFOlogy Must Die?,2022-09-14,referenceSources,0,Official Need to Know Episode 21 video — UFOlogy Must Die?,https://www.youtube.com/watch?v=b-_QillPBM4,https://youtube.com/watch?v=b-_QillPBM4,9b6a599d4272074e827f,YouTube,episode,video,False,legacy_unspecified,approved,,False,False,network_check_pending,2026-07-28T00:00:00Z,23.5C.1-1.0.0,dup-00070,duplicate,media-audit-a4d478d507eb5e94
inv-00210,need-to-know-podcast,Need to Know,2022-need-to-know-episode-21,podcast_episode,21,Need to Know Episode #21 — UFOlogy Must Die?,2022-09-14,referenceSources,1,Need to Know official YouTube collection,https://www.youtube.com/playlist?list=PLXdU8QbJkboeMcvUNyGpb9h6FUS9cVBti,https://youtube.com/playlist?list=PLXdU8QbJkboeMcvUNyGpb9h6FUS9cVBti,24259ff69bbafb114bed,YouTube,playlist,video,False,legacy_unspecified,approved,,False,False,network_check_pending,2026-07-28T00:00:00Z,23.5C.1-1.0.0,dup-00069,duplicate,media-audit-c77966294dd64fb2
inv-00211,need-to-know-podcast,Need to Know,2022-need-to-know-episode-22,podcast_episode,22,Need to Know Episode #22 — Witness to a UFO — In the Middle of Battle in Ukraine,2022-10-06,officialMedia,0,Watch on YouTube,https://www.youtube.com/watch?v=AMZdrtKI_mo,https://youtube.com/watch?v=AMZdrtKI_mo,b8e0de71b22f9aaac2bd,YouTube,episode,video,True,verified,approved,2,False,False,network_check_pending,2026-07-28T00:00:00Z,23.5C.1-1.0.0,dup-00072,authoritative,media-audit-1d21ce2afe44022a
inv-00212,need-to-know-podcast,Need to Know,2022-need-to-know-episode-22,podcast_episode,22,Need to Know Episode #22 — Witness to a UFO — In the Middle of Battle in Ukraine,2022-10-06,officialMedia,1,Browse Official YouTube Playlist,https://www.youtube.com/playlist?list=PLXdU8QbJkboeMcvUNyGpb9h6FUS9cVBti,https://youtube.com/playlist?list=PLXdU8QbJkboeMcvUNyGpb9h6FUS9cVBti,24259ff69bbafb114bed,YouTube,playlist,video,True,verified,approved,6,False,False,network_check_pending,2026-07-28T00:00:00Z,23.5C.1-1.0.0,dup-00071,authoritative,media-audit-1b4623d407d2b399
inv-00213,need-to-know-podcast,Need to Know,2022-need-to-know-episode-22,podcast_episode,22,Need to Know Episode #22 — Witness to a UFO — In the Middle of Battle in Ukraine,2022-10-06,mediaLinks,0,Watch Need to Know Episode #22 on YouTube,https://www.youtube.com/watch?v=AMZdrtKI_mo,https://youtube.com/watch?v=AMZdrtKI_mo,b8e0de71b22f9aaac2bd,YouTube,episode,video,True,legacy_unspecified,approved,,False,False,network_check_pending,2026-07-28T00:00:00Z,23.5C.1-1.0.0,dup-00072,duplicate,media-audit-1d21ce2afe44022a
inv-00214,need-to-know-podcast,Need to Know,2022-need-to-know-episode-22,podcast_episode,22,Need to Know Episode #22 — Witness to a UFO — In the Middle of Battle in Ukraine,2022-10-06,mediaLinks,1,Watch the official Need to Know collection,https://www.youtube.com/playlist?list=PLXdU8QbJkboeMcvUNyGpb9h6FUS9cVBti,https://youtube.com/playlist?list=PLXdU8QbJkboeMcvUNyGpb9h6FUS9cVBti,24259ff69bbafb114bed,YouTube,playlist,video,True,legacy_unspecified,approved,,False,False,network_check_pending,2026-07-28T00:00:00Z,23.5C.1-1.0.0,dup-00071,duplicate,media-audit-1b4623d407d2b399
inv-00215,need-to-know-podcast,Need to Know,2022-need-to-know-episode-22,podcast_episode,22,Need to Know Episode #22 — Witness to a UFO — In the Middle of Battle in Ukraine,2022-10-06,referenceSources,0,Official Need to Know Episode 22 video — Witness to a UFO — In the Middle of Battle in Ukraine,https://www.youtube.com/watch?v=AMZdrtKI_mo,https://youtube.com/watch?v=AMZdrtKI_mo,b8e0de71b22f9aaac2bd,YouTube,episode,video,False,legacy_unspecified,approved,,False,False,network_check_pending,2026-07-28T00:00:00Z,23.5C.1-1.0.0,dup-00072,duplicate,media-audit-1d21ce2afe44022a
inv-00216,need-to-know-podcast,Need to Know,2022-need-to-know-episode-22,podcast_episode,22,Need to Know Episode #22 — Witness to a UFO — In the Middle of Battle in Ukraine,2022-10-06,referenceSources,1,Need to Know official YouTube collection,https://www.youtube.com/playlist?list=PLXdU8QbJkboeMcvUNyGpb9h6FUS9cVBti,https://youtube.com/playlist?list=PLXdU8QbJkboeMcvUNyGpb9h6FUS9cVBti,24259ff69bbafb114bed,YouTube,playlist,video,False,legacy_unspecified,approved,,False,False,network_check_pending,2026-07-28T00:00:00Z,23.5C.1-1.0.0,dup-00071,duplicate,media-audit-1b4623d407d2b399
inv-00217,need-to-know-podcast,Need to Know,2022-need-to-know-episode-23,podcast_episode,23,Need to Know Episode #23 — Core Secret,2022-10-21,officialMedia,0,Watch on YouTube,https://www.youtube.com/watch?v=e6XE7wef6k0,https://youtube.com/watch?v=e6XE7wef6k0,cfb8a52f8223dc903959,YouTube,episode,video,True,verified,approved,2,False,False,network_check_pending,2026-07-28T00:00:00Z,23.5C.1-1.0.0,dup-00074,authoritative,media-audit-dca602e6050962bb
inv-00218,need-to-know-podcast,Need to Know,2022-need-to-know-episode-23,podcast_episode,23,Need to Know Episode #23 — Core Secret,2022-10-21,officialMedia,1,Browse Official YouTube Playlist,https://www.youtube.com/playlist?list=PLXdU8QbJkboeMcvUNyGpb9h6FUS9cVBti,https://youtube.com/playlist?list=PLXdU8QbJkboeMcvUNyGpb9h6FUS9cVBti,24259ff69bbafb114bed,YouTube,playlist,video,True,verified,approved,6,False,False,network_check_pending,2026-07-28T00:00:00Z,23.5C.1-1.0.0,dup-00073,authoritative,media-audit-31a4269a702400e4
inv-00219,need-to-know-podcast,Need to Know,2022-need-to-know-episode-23,podcast_episode,23,Need to Know Episode #23 — Core Secret,2022-10-21,mediaLinks,0,Watch Need to Know Episode #23 on YouTube,https://www.youtube.com/watch?v=e6XE7wef6k0,https://youtube.com/watch?v=e6XE7wef6k0,cfb8a52f8223dc903959,YouTube,episode,video,True,legacy_unspecified,approved,,False,False,network_check_pending,2026-07-28T00:00:00Z,23.5C.1-1.0.0,dup-00074,duplicate,media-audit-dca602e6050962bb
inv-00220,need-to-know-podcast,Need to Know,2022-need-to-know-episode-23,podcast_episode,23,Need to Know Episode #23 — Core Secret,2022-10-21,mediaLinks,1,Watch the official Need to Know collection,https://www.youtube.com/playlist?list=PLXdU8QbJkboeMcvUNyGpb9h6FUS9cVBti,https://youtube.com/playlist?list=PLXdU8QbJkboeMcvUNyGpb9h6FUS9cVBti,24259ff69bbafb114bed,YouTube,playlist,video,True,legacy_unspecified,approved,,False,False,network_check_pending,2026-07-28T00:00:00Z,23.5C.1-1.0.0,dup-00073,duplicate,media-audit-31a4269a702400e4
inv-00221,need-to-know-podcast,Need to Know,2022-need-to-know-episode-23,podcast_episode,23,Need to Know Episode #23 — Core Secret,2022-10-21,referenceSources,0,Official Need to Know Episode 23 video — Core Secret,https://www.youtube.com/watch?v=e6XE7wef6k0,https://youtube.com/watch?v=e6XE7wef6k0,cfb8a52f8223dc903959,YouTube,episode,video,False,legacy_unspecified,approved,,False,False,network_check_pending,2026-07-28T00:00:00Z,23.5C.1-1.0.0,dup-00074,duplicate,media-audit-dca602e6050962bb
inv-00222,need-to-know-podcast,Need to Know,2022-need-to-know-episode-23,podcast_episode,23,Need to Know Episode #23 — Core Secret,2022-10-21,referenceSources,1,Need to Know official YouTube collection,https://www.youtube.com/playlist?list=PLXdU8QbJkboeMcvUNyGpb9h6FUS9cVBti,https://youtube.com/playlist?list=PLXdU8QbJkboeMcvUNyGpb9h6FUS9cVBti,24259ff69bbafb114bed,YouTube,playlist,video,False,legacy_unspecified,approved,,False,False,network_check_pending,2026-07-28T00:00:00Z,23.5C.1-1.0.0,dup-00073,duplicate,media-audit-31a4269a702400e4
inv-00223,need-to-know-podcast,Need to Know,2022-need-to-know-episode-24,podcast_episode,24,Need to Know Episode #24 — Late UAP Report!,2022-11-01,officialMedia,0,Watch on YouTube,https://www.youtube.com/watch?v=3o04UkYg_ks,https://youtube.com/watch?v=3o04UkYg_ks,841e88786aaedd65ad38,YouTube,episode,video,True,verified,approved,2,False,False,network_check_pending,2026-07-28T00:00:00Z,23.5C.1-1.0.0,dup-00076,authoritative,media-audit-baa9f2fbd609e893
inv-00224,need-to-know-podcast,Need to Know,2022-need-to-know-episode-24,podcast_episode,24,Need to Know Episode #24 — Late UAP Report!,2022-11-01,officialMedia,1,Browse Official YouTube Playlist,https://www.youtube.com/playlist?list=PLXdU8QbJkboeMcvUNyGpb9h6FUS9cVBti,https://youtube.com/playlist?list=PLXdU8QbJkboeMcvUNyGpb9h6FUS9cVBti,24259ff69bbafb114bed,YouTube,playlist,video,True,verified,approved,6,False,False,network_check_pending,2026-07-28T00:00:00Z,23.5C.1-1.0.0,dup-00075,authoritative,media-audit-326adbc7c542b01c
inv-00225,need-to-know-podcast,Need to Know,2022-need-to-know-episode-24,podcast_episode,24,Need to Know Episode #24 — Late UAP Report!,2022-11-01,mediaLinks,0,Watch Need to Know Episode #24 on YouTube,https://www.youtube.com/watch?v=3o04UkYg_ks,https://youtube.com/watch?v=3o04UkYg_ks,841e88786aaedd65ad38,YouTube,episode,video,True,legacy_unspecified,approved,,False,False,network_check_pending,2026-07-28T00:00:00Z,23.5C.1-1.0.0,dup-00076,duplicate,media-audit-baa9f2fbd609e893
inv-00226,need-to-know-podcast,Need to Know,2022-need-to-know-episode-24,podcast_episode,24,Need to Know Episode #24 — Late UAP Report!,2022-11-01,mediaLinks,1,Watch the official Need to Know collection,https://www.youtube.com/playlist?list=PLXdU8QbJkboeMcvUNyGpb9h6FUS9cVBti,https://youtube.com/playlist?list=PLXdU8QbJkboeMcvUNyGpb9h6FUS9cVBti,24259ff69bbafb114bed,YouTube,playlist,video,True,legacy_unspecified,approved,,False,False,network_check_pending,2026-07-28T00:00:00Z,23.5C.1-1.0.0,dup-00075,duplicate,media-audit-326adbc7c542b01c
inv-00227,need-to-know-podcast,Need to Know,2022-need-to-know-episode-24,podcast_episode,24,Need to Know Episode #24 — Late UAP Report!,2022-11-01,referenceSources,0,Official Need to Know Episode 24 video — Late UAP Report!,https://www.youtube.com/watch?v=3o04UkYg_ks,https://youtube.com/watch?v=3o04UkYg_ks,841e88786aaedd65ad38,YouTube,episode,video,False,legacy_unspecified,approved,,False,False,network_check_pending,2026-07-28T00:00:00Z,23.5C.1-1.0.0,dup-00076,duplicate,media-audit-baa9f2fbd609e893
inv-00228,need-to-know-podcast,Need to Know,2022-need-to-know-episode-24,podcast_episode,24,Need to Know Episode #24 — Late UAP Report!,2022-11-01,referenceSources,1,Need to Know official YouTube collection,https://www.youtube.com/playlist?list=PLXdU8QbJkboeMcvUNyGpb9h6FUS9cVBti,https://youtube.com/playlist?list=PLXdU8QbJkboeMcvUNyGpb9h6FUS9cVBti,24259ff69bbafb114bed,YouTube,playlist,video,False,legacy_unspecified,approved,,False,False,network_check_pending,2026-07-28T00:00:00Z,23.5C.1-1.0.0,dup-00075,duplicate,media-audit-326adbc7c542b01c
inv-00229,need-to-know-podcast,Need to Know,2022-need-to-know-episode-25,podcast_episode,25,Need to Know Episode #25 — The NY Times' Five Year UFO Anniversary,2022-11-29,officialMedia,0,Watch on YouTube,https://www.youtube.com/watch?v=D62Jj7Ju03A,https://youtube.com/watch?v=D62Jj7Ju03A,361b3a854e1ee396e65d,YouTube,episode,video,True,verified,approved,2,False,False,network_check_pending,2026-07-28T00:00:00Z,23.5C.1-1.0.0,dup-00078,authoritative,media-audit-6de3f1fee96b1a33
inv-00230,need-to-know-podcast,Need to Know,2022-need-to-know-episode-25,podcast_episode,25,Need to Know Episode #25 — The NY Times' Five Year UFO Anniversary,2022-11-29,officialMedia,1,Browse Official YouTube Playlist,https://www.youtube.com/playlist?list=PLXdU8QbJkboeMcvUNyGpb9h6FUS9cVBti,https://youtube.com/playlist?list=PLXdU8QbJkboeMcvUNyGpb9h6FUS9cVBti,24259ff69bbafb114bed,YouTube,playlist,video,True,verified,approved,6,False,False,network_check_pending,2026-07-28T00:00:00Z,23.5C.1-1.0.0,dup-00077,authoritative,media-audit-d46f99b9813893ad
inv-00231,need-to-know-podcast,Need to Know,2022-need-to-know-episode-25,podcast_episode,25,Need to Know Episode #25 — The NY Times' Five Year UFO Anniversary,2022-11-29,mediaLinks,0,Watch Need to Know Episode #25 on YouTube,https://www.youtube.com/watch?v=D62Jj7Ju03A,https://youtube.com/watch?v=D62Jj7Ju03A,361b3a854e1ee396e65d,YouTube,episode,video,True,legacy_unspecified,approved,,False,False,network_check_pending,2026-07-28T00:00:00Z,23.5C.1-1.0.0,dup-00078,duplicate,media-audit-6de3f1fee96b1a33
inv-00232,need-to-know-podcast,Need to Know,2022-need-to-know-episode-25,podcast_episode,25,Need to Know Episode #25 — The NY Times' Five Year UFO Anniversary,2022-11-29,mediaLinks,1,Watch the official Need to Know collection,https://www.youtube.com/playlist?list=PLXdU8QbJkboeMcvUNyGpb9h6FUS9cVBti,https://youtube.com/playlist?list=PLXdU8QbJkboeMcvUNyGpb9h6FUS9cVBti,24259ff69bbafb114bed,YouTube,playlist,video,True,legacy_unspecified,approved,,False,False,network_check_pending,2026-07-28T00:00:00Z,23.5C.1-1.0.0,dup-00077,duplicate,media-audit-d46f99b9813893ad
inv-00233,need-to-know-podcast,Need to Know,2022-need-to-know-episode-25,podcast_episode,25,Need to Know Episode #25 — The NY Times' Five Year UFO Anniversary,2022-11-29,referenceSources,0,Official Need to Know Episode 25 video — The NY Times' Five Year UFO Anniversary,https://www.youtube.com/watch?v=D62Jj7Ju03A,https://youtube.com/watch?v=D62Jj7Ju03A,361b3a854e1ee396e65d,YouTube,episode,video,False,legacy_unspecified,approved,,False,False,network_check_pending,2026-07-28T00:00:00Z,23.5C.1-1.0.0,dup-00078,duplicate,media-audit-6de3f1fee96b1a33
inv-00234,need-to-know-podcast,Need to Know,2022-need-to-know-episode-25,podcast_episode,25,Need to Know Episode #25 — The NY Times' Five Year UFO Anniversary,2022-11-29,referenceSources,1,Need to Know official YouTube collection,https://www.youtube.com/playlist?list=PLXdU8QbJkboeMcvUNyGpb9h6FUS9cVBti,https://youtube.com/playlist?list=PLXdU8QbJkboeMcvUNyGpb9h6FUS9cVBti,24259ff69bbafb114bed,YouTube,playlist,video,False,legacy_unspecified,approved,,False,False,network_check_pending,2026-07-28T00:00:00Z,23.5C.1-1.0.0,dup-00077,duplicate,media-audit-d46f99b9813893ad
inv-00235,need-to-know-podcast,Need to Know,2022-need-to-know-episode-4,podcast_episode,4,Need to Know Episode #4 — Media Coverage of Harry Reid’s Death,2022-01-04,officialMedia,0,Watch on YouTube,https://www.youtube.com/watch?v=e962GK3qK9w,https://youtube.com/watch?v=e962GK3qK9w,fecac92b70bcba1bf266,YouTube,episode,video,True,verified,approved,2,False,False,network_check_pending,2026-07-28T00:00:00Z,23.5C.1-1.0.0,dup-00080,authoritative,media-audit-7533c71659e23602
inv-00236,need-to-know-podcast,Need to Know,2022-need-to-know-episode-4,podcast_episode,4,Need to Know Episode #4 — Media Coverage of Harry Reid’s Death,2022-01-04,officialMedia,1,Browse Official YouTube Playlist,https://www.youtube.com/playlist?list=PLXdU8QbJkboeMcvUNyGpb9h6FUS9cVBti,https://youtube.com/playlist?list=PLXdU8QbJkboeMcvUNyGpb9h6FUS9cVBti,24259ff69bbafb114bed,YouTube,playlist,video,True,verified,approved,6,False,False,network_check_pending,2026-07-28T00:00:00Z,23.5C.1-1.0.0,dup-00079,authoritative,media-audit-c4a527d626917b2f
inv-00237,need-to-know-podcast,Need to Know,2022-need-to-know-episode-4,podcast_episode,4,Need to Know Episode #4 — Media Coverage of Harry Reid’s Death,2022-01-04,mediaLinks,0,Watch Need to Know Episode #4 on YouTube,https://www.youtube.com/watch?v=e962GK3qK9w,https://youtube.com/watch?v=e962GK3qK9w,fecac92b70bcba1bf266,YouTube,episode,video,True,legacy_unspecified,approved,,False,False,network_check_pending,2026-07-28T00:00:00Z,23.5C.1-1.0.0,dup-00080,duplicate,media-audit-7533c71659e23602
inv-00238,need-to-know-podcast,Need to Know,2022-need-to-know-episode-4,podcast_episode,4,Need to Know Episode #4 — Media Coverage of Harry Reid’s Death,2022-01-04,mediaLinks,1,Watch the official Need to Know collection,https://www.youtube.com/playlist?list=PLXdU8QbJkboeMcvUNyGpb9h6FUS9cVBti,https://youtube.com/playlist?list=PLXdU8QbJkboeMcvUNyGpb9h6FUS9cVBti,24259ff69bbafb114bed,YouTube,playlist,video,True,legacy_unspecified,approved,,False,False,network_check_pending,2026-07-28T00:00:00Z,23.5C.1-1.0.0,dup-00079,duplicate,media-audit-c4a527d626917b2f
inv-00239,need-to-know-podcast,Need to Know,2022-need-to-know-episode-4,podcast_episode,4,Need to Know Episode #4 — Media Coverage of Harry Reid’s Death,2022-01-04,referenceSources,0,Official Need to Know Episode 4 video — Media Coverage of Harry Reid’s Death,https://www.youtube.com/watch?v=e962GK3qK9w,https://youtube.com/watch?v=e962GK3qK9w,fecac92b70bcba1bf266,YouTube,episode,video,False,legacy_unspecified,approved,,False,False,network_check_pending,2026-07-28T00:00:00Z,23.5C.1-1.0.0,dup-00080,duplicate,media-audit-7533c71659e23602
inv-00240,need-to-know-podcast,Need to Know,2022-need-to-know-episode-4,podcast_episode,4,Need to Know Episode #4 — Media Coverage of Harry Reid’s Death,2022-01-04,referenceSources,1,Need to Know official YouTube collection,https://www.youtube.com/playlist?list=PLXdU8QbJkboeMcvUNyGpb9h6FUS9cVBti,https://youtube.com/playlist?list=PLXdU8QbJkboeMcvUNyGpb9h6FUS9cVBti,24259ff69bbafb114bed,YouTube,playlist,video,False,legacy_unspecified,approved,,False,False,network_check_pending,2026-07-28T00:00:00Z,23.5C.1-1.0.0,dup-00079,duplicate,media-audit-c4a527d626917b2f
inv-00241,need-to-know-podcast,Need to Know,2022-need-to-know-episode-5,podcast_episode,5,Need to Know Episode #5 — Roswell and Beyond,2022-01-20,officialMedia,0,Watch on YouTube,https://www.youtube.com/watch?v=bsOiS6rsoEM,https://youtube.com/watch?v=bsOiS6rsoEM,04e00889e618532c30f9,YouTube,episode,video,True,verified,approved,2,False,False,network_check_pending,2026-07-28T00:00:00Z,23.5C.1-1.0.0,dup-00082,authoritative,media-audit-be5bccf4645d0467
inv-00242,need-to-know-podcast,Need to Know,2022-need-to-know-episode-5,podcast_episode,5,Need to Know Episode #5 — Roswell and Beyond,2022-01-20,officialMedia,1,Browse Official YouTube Playlist,https://www.youtube.com/playlist?list=PLXdU8QbJkboeMcvUNyGpb9h6FUS9cVBti,https://youtube.com/playlist?list=PLXdU8QbJkboeMcvUNyGpb9h6FUS9cVBti,24259ff69bbafb114bed,YouTube,playlist,video,True,verified,approved,6,False,False,network_check_pending,2026-07-28T00:00:00Z,23.5C.1-1.0.0,dup-00081,authoritative,media-audit-987924856578f382
inv-00243,need-to-know-podcast,Need to Know,2022-need-to-know-episode-5,podcast_episode,5,Need to Know Episode #5 — Roswell and Beyond,2022-01-20,mediaLinks,0,Watch Need to Know Episode #5 on YouTube,https://www.youtube.com/watch?v=bsOiS6rsoEM,https://youtube.com/watch?v=bsOiS6rsoEM,04e00889e618532c30f9,YouTube,episode,video,True,legacy_unspecified,approved,,False,False,network_check_pending,2026-07-28T00:00:00Z,23.5C.1-1.0.0,dup-00082,duplicate,media-audit-be5bccf4645d0467
inv-00244,need-to-know-podcast,Need to Know,2022-need-to-know-episode-5,podcast_episode,5,Need to Know Episode #5 — Roswell and Beyond,2022-01-20,mediaLinks,1,Watch the official Need to Know collection,https://www.youtube.com/playlist?list=PLXdU8QbJkboeMcvUNyGpb9h6FUS9cVBti,https://youtube.com/playlist?list=PLXdU8QbJkboeMcvUNyGpb9h6FUS9cVBti,24259ff69bbafb114bed,YouTube,playlist,video,True,legacy_unspecified,approved,,False,False,network_check_pending,2026-07-28T00:00:00Z,23.5C.1-1.0.0,dup-00081,duplicate,media-audit-987924856578f382
inv-00245,need-to-know-podcast,Need to Know,2022-need-to-know-episode-5,podcast_episode,5,Need to Know Episode #5 — Roswell and Beyond,2022-01-20,referenceSources,0,Official Need to Know Episode 5 video — Roswell and Beyond,https://www.youtube.com/watch?v=bsOiS6rsoEM,https://youtube.com/watch?v=bsOiS6rsoEM,04e00889e618532c30f9,YouTube,episode,video,False,legacy_unspecified,approved,,False,False,network_check_pending,2026-07-28T00:00:00Z,23.5C.1-1.0.0,dup-00082,duplicate,media-audit-be5bccf4645d0467
inv-00246,need-to-know-podcast,Need to Know,2022-need-to-know-episode-5,podcast_episode,5,Need to Know Episode #5 — Roswell and Beyond,2022-01-20,referenceSources,1,Need to Know official YouTube collection,https://www.youtube.com/playlist?list=PLXdU8QbJkboeMcvUNyGpb9h6FUS9cVBti,https://youtube.com/playlist?list=PLXdU8QbJkboeMcvUNyGpb9h6FUS9cVBti,24259ff69bbafb114bed,YouTube,playlist,video,False,legacy_unspecified,approved,,False,False,network_check_pending,2026-07-28T00:00:00Z,23.5C.1-1.0.0,dup-00081,duplicate,media-audit-987924856578f382
inv-00247,need-to-know-podcast,Need to Know,2022-need-to-know-episode-6,podcast_episode,6,Need to Know Episode #6 — Take Me to Your Leader,2022-02-03,officialMedia,0,Watch on YouTube,https://www.youtube.com/watch?v=Pu0OstWkqo0,https://youtube.com/watch?v=Pu0OstWkqo0,a013119cee1e635a1a58,YouTube,episode,video,True,verified,approved,2,False,False,network_check_pending,2026-07-28T00:00:00Z,23.5C.1-1.0.0,dup-00084,authoritative,media-audit-58ddaa6e52d386c1
inv-00248,need-to-know-podcast,Need to Know,2022-need-to-know-episode-6,podcast_episode,6,Need to Know Episode #6 — Take Me to Your Leader,2022-02-03,officialMedia,1,Browse Official YouTube Playlist,https://www.youtube.com/playlist?list=PLXdU8QbJkboeMcvUNyGpb9h6FUS9cVBti,https://youtube.com/playlist?list=PLXdU8QbJkboeMcvUNyGpb9h6FUS9cVBti,24259ff69bbafb114bed,YouTube,playlist,video,True,verified,approved,6,False,False,network_check_pending,2026-07-28T00:00:00Z,23.5C.1-1.0.0,dup-00083,authoritative,media-audit-b77c9135550c87cd
inv-00249,need-to-know-podcast,Need to Know,2022-need-to-know-episode-6,podcast_episode,6,Need to Know Episode #6 — Take Me to Your Leader,2022-02-03,mediaLinks,0,Watch Need to Know Episode #6 on YouTube,https://www.youtube.com/watch?v=Pu0OstWkqo0,https://youtube.com/watch?v=Pu0OstWkqo0,a013119cee1e635a1a58,YouTube,episode,video,True,legacy_unspecified,approved,,False,False,network_check_pending,2026-07-28T00:00:00Z,23.5C.1-1.0.0,dup-00084,duplicate,media-audit-58ddaa6e52d386c1
inv-00250,need-to-know-podcast,Need to Know,2022-need-to-know-episode-6,podcast_episode,6,Need to Know Episode #6 — Take Me to Your Leader,2022-02-03,mediaLinks,1,Watch the official Need to Know collection,https://www.youtube.com/playlist?list=PLXdU8QbJkboeMcvUNyGpb9h6FUS9cVBti,https://youtube.com/playlist?list=PLXdU8QbJkboeMcvUNyGpb9h6FUS9cVBti,24259ff69bbafb114bed,YouTube,playlist,video,True,legacy_unspecified,approved,,False,False,network_check_pending,2026-07-28T00:00:00Z,23.5C.1-1.0.0,dup-00083,duplicate,media-audit-b77c9135550c87cd
inv-00251,need-to-know-podcast,Need to Know,2022-need-to-know-episode-6,podcast_episode,6,Need to Know Episode #6 — Take Me to Your Leader,2022-02-03,referenceSources,0,Official Need to Know Episode 6 video — Take Me to Your Leader,https://www.youtube.com/watch?v=Pu0OstWkqo0,https://youtube.com/watch?v=Pu0OstWkqo0,a013119cee1e635a1a58,YouTube,episode,video,False,legacy_unspecified,approved,,False,False,network_check_pending,2026-07-28T00:00:00Z,23.5C.1-1.0.0,dup-00084,duplicate,media-audit-58ddaa6e52d386c1
inv-00252,need-to-know-podcast,Need to Know,2022-need-to-know-episode-6,podcast_episode,6,Need to Know Episode #6 — Take Me to Your Leader,2022-02-03,referenceSources,1,Need to Know official YouTube collection,https://www.youtube.com/playlist?list=PLXdU8QbJkboeMcvUNyGpb9h6FUS9cVBti,https://youtube.com/playlist?list=PLXdU8QbJkboeMcvUNyGpb9h6FUS9cVBti,24259ff69bbafb114bed,YouTube,playlist,video,False,legacy_unspecified,approved,,False,False,network_check_pending,2026-07-28T00:00:00Z,23.5C.1-1.0.0,dup-00083,duplicate,media-audit-b77c9135550c87cd
inv-00253,need-to-know-podcast,Need to Know,2022-need-to-know-episode-7,podcast_episode,7,Need to Know Episode #7 — Air Force Versus Navy,2022-02-17,officialMedia,0,Watch on YouTube,https://www.youtube.com/watch?v=jIN54qqF9S0,https://youtube.com/watch?v=jIN54qqF9S0,8db347cc508b26115c92,YouTube,episode,video,True,verified,approved,2,False,False,network_check_pending,2026-07-28T00:00:00Z,23.5C.1-1.0.0,dup-00086,authoritative,media-audit-25835822390e4b12
inv-00254,need-to-know-podcast,Need to Know,2022-need-to-know-episode-7,podcast_episode,7,Need to Know Episode #7 — Air Force Versus Navy,2022-02-17,officialMedia,1,Browse Official YouTube Playlist,https://www.youtube.com/playlist?list=PLXdU8QbJkboeMcvUNyGpb9h6FUS9cVBti,https://youtube.com/playlist?list=PLXdU8QbJkboeMcvUNyGpb9h6FUS9cVBti,24259ff69bbafb114bed,YouTube,playlist,video,True,verified,approved,6,False,False,network_check_pending,2026-07-28T00:00:00Z,23.5C.1-1.0.0,dup-00085,authoritative,media-audit-54700564793ce800
inv-00255,need-to-know-podcast,Need to Know,2022-need-to-know-episode-7,podcast_episode,7,Need to Know Episode #7 — Air Force Versus Navy,2022-02-17,mediaLinks,0,Watch Need to Know Episode #7 on YouTube,https://www.youtube.com/watch?v=jIN54qqF9S0,https://youtube.com/watch?v=jIN54qqF9S0,8db347cc508b26115c92,YouTube,episode,video,True,legacy_unspecified,approved,,False,False,network_check_pending,2026-07-28T00:00:00Z,23.5C.1-1.0.0,dup-00086,duplicate,media-audit-25835822390e4b12
inv-00256,need-to-know-podcast,Need to Know,2022-need-to-know-episode-7,podcast_episode,7,Need to Know Episode #7 — Air Force Versus Navy,2022-02-17,mediaLinks,1,Watch the official Need to Know collection,https://www.youtube.com/playlist?list=PLXdU8QbJkboeMcvUNyGpb9h6FUS9cVBti,https://youtube.com/playlist?list=PLXdU8QbJkboeMcvUNyGpb9h6FUS9cVBti,24259ff69bbafb114bed,YouTube,playlist,video,True,legacy_unspecified,approved,,False,False,network_check_pending,2026-07-28T00:00:00Z,23.5C.1-1.0.0,dup-00085,duplicate,media-audit-54700564793ce800
inv-00257,need-to-know-podcast,Need to Know,2022-need-to-know-episode-7,podcast_episode,7,Need to Know Episode #7 — Air Force Versus Navy,2022-02-17,referenceSources,0,Official Need to Know Episode 7 video — Air Force Versus Navy,https://www.youtube.com/watch?v=jIN54qqF9S0,https://youtube.com/watch?v=jIN54qqF9S0,8db347cc508b26115c92,YouTube,episode,video,False,legacy_unspecified,approved,,False,False,network_check_pending,2026-07-28T00:00:00Z,23.5C.1-1.0.0,dup-00086,duplicate,media-audit-25835822390e4b12
inv-00258,need-to-know-podcast,Need to Know,2022-need-to-know-episode-7,podcast_episode,7,Need to Know Episode #7 — Air Force Versus Navy,2022-02-17,referenceSources,1,Need to Know official YouTube collection,https://www.youtube.com/playlist?list=PLXdU8QbJkboeMcvUNyGpb9h6FUS9cVBti,https://youtube.com/playlist?list=PLXdU8QbJkboeMcvUNyGpb9h6FUS9cVBti,24259ff69bbafb114bed,YouTube,playlist,video,False,legacy_unspecified,approved,,False,False,network_check_pending,2026-07-28T00:00:00Z,23.5C.1-1.0.0,dup-00085,duplicate,media-audit-54700564793ce800
inv-00259,need-to-know-podcast,Need to Know,2022-need-to-know-episode-8,podcast_episode,8,Need to Know Episode #8 — In Plain Sight,2022-03-03,officialMedia,0,Watch on YouTube,https://www.youtube.com/watch?v=HnY4W9DoKbM,https://youtube.com/watch?v=HnY4W9DoKbM,be574239c84caa7bf609,YouTube,episode,video,True,verified,approved,2,False,False,network_check_pending,2026-07-28T00:00:00Z,23.5C.1-1.0.0,dup-00088,authoritative,media-audit-d846e7cc459e9231
inv-00260,need-to-know-podcast,Need to Know,2022-need-to-know-episode-8,podcast_episode,8,Need to Know Episode #8 — In Plain Sight,2022-03-03,officialMedia,1,Browse Official YouTube Playlist,https://www.youtube.com/playlist?list=PLXdU8QbJkboeMcvUNyGpb9h6FUS9cVBti,https://youtube.com/playlist?list=PLXdU8QbJkboeMcvUNyGpb9h6FUS9cVBti,24259ff69bbafb114bed,YouTube,playlist,video,True,verified,approved,6,False,False,network_check_pending,2026-07-28T00:00:00Z,23.5C.1-1.0.0,dup-00087,authoritative,media-audit-8dc37fb318627a59
inv-00261,need-to-know-podcast,Need to Know,2022-need-to-know-episode-8,podcast_episode,8,Need to Know Episode #8 — In Plain Sight,2022-03-03,mediaLinks,0,Watch Need to Know Episode #8 on YouTube,https://www.youtube.com/watch?v=HnY4W9DoKbM,https://youtube.com/watch?v=HnY4W9DoKbM,be574239c84caa7bf609,YouTube,episode,video,True,legacy_unspecified,approved,,False,False,network_check_pending,2026-07-28T00:00:00Z,23.5C.1-1.0.0,dup-00088,duplicate,media-audit-d846e7cc459e9231
inv-00262,need-to-know-podcast,Need to Know,2022-need-to-know-episode-8,podcast_episode,8,Need to Know Episode #8 — In Plain Sight,2022-03-03,mediaLinks,1,Watch the official Need to Know collection,https://www.youtube.com/playlist?list=PLXdU8QbJkboeMcvUNyGpb9h6FUS9cVBti,https://youtube.com/playlist?list=PLXdU8QbJkboeMcvUNyGpb9h6FUS9cVBti,24259ff69bbafb114bed,YouTube,playlist,video,True,legacy_unspecified,approved,,False,False,network_check_pending,2026-07-28T00:00:00Z,23.5C.1-1.0.0,dup-00087,duplicate,media-audit-8dc37fb318627a59
inv-00263,need-to-know-podcast,Need to Know,2022-need-to-know-episode-8,podcast_episode,8,Need to Know Episode #8 — In Plain Sight,2022-03-03,referenceSources,0,Official Need to Know Episode 8 video — In Plain Sight,https://www.youtube.com/watch?v=HnY4W9DoKbM,https://youtube.com/watch?v=HnY4W9DoKbM,be574239c84caa7bf609,YouTube,episode,video,False,legacy_unspecified,approved,,False,False,network_check_pending,2026-07-28T00:00:00Z,23.5C.1-1.0.0,dup-00088,duplicate,media-audit-d846e7cc459e9231
inv-00264,need-to-know-podcast,Need to Know,2022-need-to-know-episode-8,podcast_episode,8,Need to Know Episode #8 — In Plain Sight,2022-03-03,referenceSources,1,Need to Know official YouTube collection,https://www.youtube.com/playlist?list=PLXdU8QbJkboeMcvUNyGpb9h6FUS9cVBti,https://youtube.com/playlist?list=PLXdU8QbJkboeMcvUNyGpb9h6FUS9cVBti,24259ff69bbafb114bed,YouTube,playlist,video,False,legacy_unspecified,approved,,False,False,network_check_pending,2026-07-28T00:00:00Z,23.5C.1-1.0.0,dup-00087,duplicate,media-audit-8dc37fb318627a59
inv-00265,need-to-know-podcast,Need to Know,2022-need-to-know-episode-9,podcast_episode,9,Need to Know Episode #9 — Classic UFO Investigators,2022-03-18,officialMedia,0,Watch on YouTube,https://www.youtube.com/watch?v=j30le32EG_c,https://youtube.com/watch?v=j30le32EG_c,782db75e06448034270c,YouTube,episode,video,True,verified,approved,2,False,False,network_check_pending,2026-07-28T00:00:00Z,23.5C.1-1.0.0,dup-00090,authoritative,media-audit-a794852f05260b02
inv-00266,need-to-know-podcast,Need to Know,2022-need-to-know-episode-9,podcast_episode,9,Need to Know Episode #9 — Classic UFO Investigators,2022-03-18,officialMedia,1,Browse Official YouTube Playlist,https://www.youtube.com/playlist?list=PLXdU8QbJkboeMcvUNyGpb9h6FUS9cVBti,https://youtube.com/playlist?list=PLXdU8QbJkboeMcvUNyGpb9h6FUS9cVBti,24259ff69bbafb114bed,YouTube,playlist,video,True,verified,approved,6,False,False,network_check_pending,2026-07-28T00:00:00Z,23.5C.1-1.0.0,dup-00089,authoritative,media-audit-69380f8bc7464b04
inv-00267,need-to-know-podcast,Need to Know,2022-need-to-know-episode-9,podcast_episode,9,Need to Know Episode #9 — Classic UFO Investigators,2022-03-18,mediaLinks,0,Watch Need to Know Episode #9 on YouTube,https://www.youtube.com/watch?v=j30le32EG_c,https://youtube.com/watch?v=j30le32EG_c,782db75e06448034270c,YouTube,episode,video,True,legacy_unspecified,approved,,False,False,network_check_pending,2026-07-28T00:00:00Z,23.5C.1-1.0.0,dup-00090,duplicate,media-audit-a794852f05260b02
inv-00268,need-to-know-podcast,Need to Know,2022-need-to-know-episode-9,podcast_episode,9,Need to Know Episode #9 — Classic UFO Investigators,2022-03-18,mediaLinks,1,Watch the official Need to Know collection,https://www.youtube.com/playlist?list=PLXdU8QbJkboeMcvUNyGpb9h6FUS9cVBti,https://youtube.com/playlist?list=PLXdU8QbJkboeMcvUNyGpb9h6FUS9cVBti,24259ff69bbafb114bed,YouTube,playlist,video,True,legacy_unspecified,approved,,False,False,network_check_pending,2026-07-28T00:00:00Z,23.5C.1-1.0.0,dup-00089,duplicate,media-audit-69380f8bc7464b04
inv-00269,need-to-know-podcast,Need to Know,2022-need-to-know-episode-9,podcast_episode,9,Need to Know Episode #9 — Classic UFO Investigators,2022-03-18,referenceSources,0,Official Need to Know Episode 9 video — Classic UFO Investigators,https://www.youtube.com/watch?v=j30le32EG_c,https://youtube.com/watch?v=j30le32EG_c,782db75e06448034270c,YouTube,episode,video,False,legacy_unspecified,approved,,False,False,network_check_pending,2026-07-28T00:00:00Z,23.5C.1-1.0.0,dup-00090,duplicate,media-audit-a794852f05260b02
inv-00270,need-to-know-podcast,Need to Know,2022-need-to-know-episode-9,podcast_episode,9,Need to Know Episode #9 — Classic UFO Investigators,2022-03-18,referenceSources,1,Need to Know official YouTube collection,https://www.youtube.com/playlist?list=PLXdU8QbJkboeMcvUNyGpb9h6FUS9cVBti,https://youtube.com/playlist?list=PLXdU8QbJkboeMcvUNyGpb9h6FUS9cVBti,24259ff69bbafb114bed,YouTube,playlist,video,False,legacy_unspecified,approved,,False,False,network_check_pending,2026-07-28T00:00:00Z,23.5C.1-1.0.0,dup-00089,duplicate,media-audit-69380f8bc7464b04
inv-00271,merged-podcast,MERGED,2023-merged-episode-1,podcast_episode,1,MERGED Episode #1 — Interview with Dr. Garry Nolan,2023-01-10,officialMedia,0,Open Official Episode Page,https://www.mergedpodcast.com/episodes/interview-garry-nolan,https://mergedpodcast.com/episodes/interview-garry-nolan,b291085993ae11127d49,Official website,episode,web_page,True,verified,approved,1,False,False,network_check_pending,2026-07-28T00:00:00Z,23.5C.1-1.0.0,dup-00091,authoritative,media-audit-1a0109eb9e119b48
inv-00272,merged-podcast,MERGED,2023-merged-episode-1,podcast_episode,1,MERGED Episode #1 — Interview with Dr. Garry Nolan,2023-01-10,officialMedia,1,Watch on YouTube,https://www.youtube.com/watch?v=rx2x_w5wimk,https://youtube.com/watch?v=rx2x_w5wimk,083ac2e4af15fe133acb,YouTube,episode,video,True,verified,approved,2,False,False,network_check_pending,2026-07-28T00:00:00Z,23.5C.1-1.0.0,dup-00092,authoritative,media-audit-852b4107a82a28cd
inv-00273,merged-podcast,MERGED,2023-merged-episode-1,podcast_episode,1,MERGED Episode #1 — Interview with Dr. Garry Nolan,2023-01-10,mediaLinks,0,Open the official MERGED Episode #1 page,https://www.mergedpodcast.com/episodes/interview-garry-nolan,https://mergedpodcast.com/episodes/interview-garry-nolan,b291085993ae11127d49,MERGED,episode,web_page,True,legacy_unspecified,approved,,False,False,network_check_pending,2026-07-28T00:00:00Z,23.5C.1-1.0.0,dup-00091,duplicate,media-audit-1a0109eb9e119b48
inv-00274,merged-podcast,MERGED,2023-merged-episode-1,podcast_episode,1,MERGED Episode #1 — Interview with Dr. Garry Nolan,2023-01-10,mediaLinks,1,Watch MERGED Episode #1 on YouTube,https://www.youtube.com/watch?v=rx2x_w5wimk,https://youtube.com/watch?v=rx2x_w5wimk,083ac2e4af15fe133acb,YouTube,episode,video,True,legacy_unspecified,approved,,False,False,network_check_pending,2026-07-28T00:00:00Z,23.5C.1-1.0.0,dup-00092,duplicate,media-audit-852b4107a82a28cd
inv-00275,merged-podcast,MERGED,2023-merged-episode-1,podcast_episode,1,MERGED Episode #1 — Interview with Dr. Garry Nolan,2023-01-10,referenceSources,0,Official MERGED Episode #1 page — Interview with Dr. Garry Nolan,https://www.mergedpodcast.com/episodes/interview-garry-nolan,https://mergedpodcast.com/episodes/interview-garry-nolan,b291085993ae11127d49,mergedpodcast.com,episode,web_page,False,legacy_unspecified,approved,,False,False,network_check_pending,2026-07-28T00:00:00Z,23.5C.1-1.0.0,dup-00091,duplicate,media-audit-1a0109eb9e119b48
inv-00276,merged-podcast,MERGED,2023-merged-episode-1,podcast_episode,1,MERGED Episode #1 — Interview with Dr. Garry Nolan,2023-01-10,referenceSources,1,Official MERGED Episode #1 video — How UAP Could Change Science Forever,https://www.youtube.com/watch?v=rx2x_w5wimk,https://youtube.com/watch?v=rx2x_w5wimk,083ac2e4af15fe133acb,YouTube,episode,video,False,legacy_unspecified,approved,,False,False,network_check_pending,2026-07-28T00:00:00Z,23.5C.1-1.0.0,dup-00092,duplicate,media-audit-852b4107a82a28cd
inv-00277,merged-podcast,MERGED,2023-merged-episode-10,podcast_episode,10,MERGED Episode #10 — Looking to the Sky for Extraordinary Evidence of UAP,2023-06-21,officialMedia,0,Watch on YouTube,https://www.youtube.com/watch?v=fw9l0mK466I,https://youtube.com/watch?v=fw9l0mK466I,0f47c768474772e8cdf7,YouTube,episode,video,True,verified,approved,2,False,False,network_check_pending,2026-07-28T00:00:00Z,23.5C.1-1.0.0,dup-00094,authoritative,media-audit-1772035a6788b367
inv-00278,merged-podcast,MERGED,2023-merged-episode-10,podcast_episode,10,MERGED Episode #10 — Looking to the Sky for Extraordinary Evidence of UAP,2023-06-21,officialMedia,1,Browse Official Series Archive,https://www.ivoox.com/en/looking-to-the-sky-for-extraordinary-evidence-of-audios-mp3_rf_110874897_1.html,https://ivoox.com/en/looking-to-the-sky-for-extraordinary-evidence-of-audios-mp3_rf_110874897_1.html,b6cdae0bac5b4b384845,iVoox,series,web_page,True,verified,approved,6,False,False,network_check_pending,2026-07-28T00:00:00Z,23.5C.1-1.0.0,dup-00093,authoritative,media-audit-71ecf3f0eb0af768
inv-00279,merged-podcast,MERGED,2023-merged-episode-10,podcast_episode,10,MERGED Episode #10 — Looking to the Sky for Extraordinary Evidence of UAP,2023-06-21,mediaLinks,0,Listen to MERGED Episode #10,https://www.ivoox.com/en/looking-to-the-sky-for-extraordinary-evidence-of-audios-mp3_rf_110874897_1.html,https://ivoox.com/en/looking-to-the-sky-for-extraordinary-evidence-of-audios-mp3_rf_110874897_1.html,b6cdae0bac5b4b384845,iVoox,episode,web_page,True,legacy_unspecified,approved,,False,False,network_check_pending,2026-07-28T00:00:00Z,23.5C.1-1.0.0,dup-00093,duplicate,media-audit-71ecf3f0eb0af768
inv-00280,merged-podcast,MERGED,2023-merged-episode-10,podcast_episode,10,MERGED Episode #10 — Looking to the Sky for Extraordinary Evidence of UAP,2023-06-21,mediaLinks,1,Watch MERGED Episode #10 on YouTube,https://www.youtube.com/watch?v=fw9l0mK466I,https://youtube.com/watch?v=fw9l0mK466I,0f47c768474772e8cdf7,YouTube,episode,video,True,legacy_unspecified,approved,,False,False,network_check_pending,2026-07-28T00:00:00Z,23.5C.1-1.0.0,dup-00094,duplicate,media-audit-1772035a6788b367
inv-00281,merged-podcast,MERGED,2023-merged-episode-10,podcast_episode,10,MERGED Episode #10 — Looking to the Sky for Extraordinary Evidence of UAP,2023-06-21,referenceSources,0,MERGED Episode #10 on iVoox,https://www.ivoox.com/en/looking-to-the-sky-for-extraordinary-evidence-of-audios-mp3_rf_110874897_1.html,https://ivoox.com/en/looking-to-the-sky-for-extraordinary-evidence-of-audios-mp3_rf_110874897_1.html,b6cdae0bac5b4b384845,ivoox.com,episode,web_page,False,legacy_unspecified,approved,,False,False,network_check_pending,2026-07-28T00:00:00Z,23.5C.1-1.0.0,dup-00093,duplicate,media-audit-71ecf3f0eb0af768
inv-00282,merged-podcast,MERGED,2023-merged-episode-10,podcast_episode,10,MERGED Episode #10 — Looking to the Sky for Extraordinary Evidence of UAP,2023-06-21,referenceSources,1,Official MERGED Episode #10 video,https://www.youtube.com/watch?v=fw9l0mK466I,https://youtube.com/watch?v=fw9l0mK466I,0f47c768474772e8cdf7,YouTube,episode,video,False,legacy_unspecified,approved,,False,False,network_check_pending,2026-07-28T00:00:00Z,23.5C.1-1.0.0,dup-00094,duplicate,media-audit-1772035a6788b367
inv-00283,merged-podcast,MERGED,2023-merged-episode-11,podcast_episode,11,MERGED Episode #11 — Beyond the Stigma: A UAP Call to Action,2023-07-07,officialMedia,0,Watch on YouTube,https://www.youtube.com/watch?v=KuX4GLHLRz8,https://youtube.com/watch?v=KuX4GLHLRz8,9b4e75847084f2eb69a8,YouTube,episode,video,True,verified,approved,2,False,False,network_check_pending,2026-07-28T00:00:00Z,23.5C.1-1.0.0,dup-00096,authoritative,media-audit-f4e301f1425b6341
inv-00284,merged-podcast,MERGED,2023-merged-episode-11,podcast_episode,11,MERGED Episode #11 — Beyond the Stigma: A UAP Call to Action,2023-07-07,officialMedia,1,Browse Official Series Archive,https://www.ivoox.com/en/beyond-the-stigma-a-uap-ufo-call-to-audios-mp3_rf_111932780_1.html,https://ivoox.com/en/beyond-the-stigma-a-uap-ufo-call-to-audios-mp3_rf_111932780_1.html,45513f66d5e50bf27dd7,iVoox,series,web_page,True,verified,approved,6,False,False,network_check_pending,2026-07-28T00:00:00Z,23.5C.1-1.0.0,dup-00095,authoritative,media-audit-2b8c5baae84b1dc9
inv-00285,merged-podcast,MERGED,2023-merged-episode-11,podcast_episode,11,MERGED Episode #11 — Beyond the Stigma: A UAP Call to Action,2023-07-07,mediaLinks,0,Listen to MERGED Episode #11,https://www.ivoox.com/en/beyond-the-stigma-a-uap-ufo-call-to-audios-mp3_rf_111932780_1.html,https://ivoox.com/en/beyond-the-stigma-a-uap-ufo-call-to-audios-mp3_rf_111932780_1.html,45513f66d5e50bf27dd7,iVoox,episode,web_page,True,legacy_unspecified,approved,,False,False,network_check_pending,2026-07-28T00:00:00Z,23.5C.1-1.0.0,dup-00095,duplicate,media-audit-2b8c5baae84b1dc9
inv-00286,merged-podcast,MERGED,2023-merged-episode-11,podcast_episode,11,MERGED Episode #11 — Beyond the Stigma: A UAP Call to Action,2023-07-07,mediaLinks,1,Watch MERGED Episode #11 on YouTube,https://www.youtube.com/watch?v=KuX4GLHLRz8,https://youtube.com/watch?v=KuX4GLHLRz8,9b4e75847084f2eb69a8,YouTube,episode,video,True,legacy_unspecified,approved,,False,False,network_check_pending,2026-07-28T00:00:00Z,23.5C.1-1.0.0,dup-00096,duplicate,media-audit-f4e301f1425b6341
inv-00287,merged-podcast,MERGED,2023-merged-episode-11,podcast_episode,11,MERGED Episode #11 — Beyond the Stigma: A UAP Call to Action,2023-07-07,referenceSources,0,MERGED Episode #11 on iVoox,https://www.ivoox.com/en/beyond-the-stigma-a-uap-ufo-call-to-audios-mp3_rf_111932780_1.html,https://ivoox.com/en/beyond-the-stigma-a-uap-ufo-call-to-audios-mp3_rf_111932780_1.html,45513f66d5e50bf27dd7,ivoox.com,episode,web_page,False,legacy_unspecified,approved,,False,False,network_check_pending,2026-07-28T00:00:00Z,23.5C.1-1.0.0,dup-00095,duplicate,media-audit-2b8c5baae84b1dc9
inv-00288,merged-podcast,MERGED,2023-merged-episode-11,podcast_episode,11,MERGED Episode #11 — Beyond the Stigma: A UAP Call to Action,2023-07-07,referenceSources,1,Official MERGED Episode #11 video,https://www.youtube.com/watch?v=KuX4GLHLRz8,https://youtube.com/watch?v=KuX4GLHLRz8,9b4e75847084f2eb69a8,YouTube,episode,video,False,legacy_unspecified,approved,,False,False,network_check_pending,2026-07-28T00:00:00Z,23.5C.1-1.0.0,dup-00096,duplicate,media-audit-f4e301f1425b6341
inv-00289,merged-podcast,MERGED,2023-merged-episode-12,podcast_episode,12,MERGED Episode #12 — A New Era of Aviation Safety,2023-07-19,officialMedia,0,Watch on YouTube,https://www.youtube.com/watch?v=kJxUPEStiPM,https://youtube.com/watch?v=kJxUPEStiPM,c537f4503e5caae58fb8,YouTube,episode,video,True,verified,approved,2,False,False,network_check_pending,2026-07-28T00:00:00Z,23.5C.1-1.0.0,dup-00098,authoritative,media-audit-db7e0c5ac0e4fae8
inv-00290,merged-podcast,MERGED,2023-merged-episode-12,podcast_episode,12,MERGED Episode #12 — A New Era of Aviation Safety,2023-07-19,officialMedia,1,Browse Official Series Archive,https://www.ivoox.com/en/a-new-era-of-aviation-safety-with-audios-mp3_rf_112776246_1.html,https://ivoox.com/en/a-new-era-of-aviation-safety-with-audios-mp3_rf_112776246_1.html,f85df20af4db2bb67f50,iVoox,series,web_page,True,verified,approved,6,False,False,network_check_pending,2026-07-28T00:00:00Z,23.5C.1-1.0.0,dup-00097,authoritative,media-audit-6982cb286641220f
inv-00291,merged-podcast,MERGED,2023-merged-episode-12,podcast_episode,12,MERGED Episode #12 — A New Era of Aviation Safety,2023-07-19,mediaLinks,0,Listen to MERGED Episode #12,https://www.ivoox.com/en/a-new-era-of-aviation-safety-with-audios-mp3_rf_112776246_1.html,https://ivoox.com/en/a-new-era-of-aviation-safety-with-audios-mp3_rf_112776246_1.html,f85df20af4db2bb67f50,iVoox,episode,web_page,True,legacy_unspecified,approved,,False,False,network_check_pending,2026-07-28T00:00:00Z,23.5C.1-1.0.0,dup-00097,duplicate,media-audit-6982cb286641220f
inv-00292,merged-podcast,MERGED,2023-merged-episode-12,podcast_episode,12,MERGED Episode #12 — A New Era of Aviation Safety,2023-07-19,mediaLinks,1,Watch MERGED Episode #12 on YouTube,https://www.youtube.com/watch?v=kJxUPEStiPM,https://youtube.com/watch?v=kJxUPEStiPM,c537f4503e5caae58fb8,YouTube,episode,video,True,legacy_unspecified,approved,,False,False,network_check_pending,2026-07-28T00:00:00Z,23.5C.1-1.0.0,dup-00098,duplicate,media-audit-db7e0c5ac0e4fae8
inv-00293,merged-podcast,MERGED,2023-merged-episode-12,podcast_episode,12,MERGED Episode #12 — A New Era of Aviation Safety,2023-07-19,referenceSources,0,MERGED Episode #12 on iVoox,https://www.ivoox.com/en/a-new-era-of-aviation-safety-with-audios-mp3_rf_112776246_1.html,https://ivoox.com/en/a-new-era-of-aviation-safety-with-audios-mp3_rf_112776246_1.html,f85df20af4db2bb67f50,ivoox.com,episode,web_page,False,legacy_unspecified,approved,,False,False,network_check_pending,2026-07-28T00:00:00Z,23.5C.1-1.0.0,dup-00097,duplicate,media-audit-6982cb286641220f
inv-00294,merged-podcast,MERGED,2023-merged-episode-12,podcast_episode,12,MERGED Episode #12 — A New Era of Aviation Safety,2023-07-19,referenceSources,1,Official MERGED Episode #12 video,https://www.youtube.com/watch?v=kJxUPEStiPM,https://youtube.com/watch?v=kJxUPEStiPM,c537f4503e5caae58fb8,YouTube,episode,video,False,legacy_unspecified,approved,,False,False,network_check_pending,2026-07-28T00:00:00Z,23.5C.1-1.0.0,dup-00098,duplicate,media-audit-db7e0c5ac0e4fae8
inv-00295,merged-podcast,MERGED,2023-merged-episode-13,podcast_episode,13,MERGED Episode #13 — An Open-Minded Scientific Approach to UAP,2023-08-15,officialMedia,0,Watch on YouTube,https://www.youtube.com/watch?v=KFSWeJe_7-4,https://youtube.com/watch?v=KFSWeJe_7-4,4bd0d99c4910dbf537ef,YouTube,episode,video,True,verified,approved,2,False,False,network_check_pending,2026-07-28T00:00:00Z,23.5C.1-1.0.0,dup-00100,authoritative,media-audit-555d4fe210436bc3
inv-00296,merged-podcast,MERGED,2023-merged-episode-13,podcast_episode,13,MERGED Episode #13 — An Open-Minded Scientific Approach to UAP,2023-08-15,officialMedia,1,Browse Official Series Archive,https://www.ivoox.com/en/an-open-minded-scientific-approach-to-uap-ufos-audios-mp3_rf_114279386_1.html,https://ivoox.com/en/an-open-minded-scientific-approach-to-uap-ufos-audios-mp3_rf_114279386_1.html,1cc37040e100759a7810,iVoox,series,web_page,True,verified,approved,6,False,False,network_check_pending,2026-07-28T00:00:00Z,23.5C.1-1.0.0,dup-00099,authoritative,media-audit-10008ee65dadef25
inv-00297,merged-podcast,MERGED,2023-merged-episode-13,podcast_episode,13,MERGED Episode #13 — An Open-Minded Scientific Approach to UAP,2023-08-15,mediaLinks,0,Listen to MERGED Episode #13,https://www.ivoox.com/en/an-open-minded-scientific-approach-to-uap-ufos-audios-mp3_rf_114279386_1.html,https://ivoox.com/en/an-open-minded-scientific-approach-to-uap-ufos-audios-mp3_rf_114279386_1.html,1cc37040e100759a7810,iVoox,episode,web_page,True,legacy_unspecified,approved,,False,False,network_check_pending,2026-07-28T00:00:00Z,23.5C.1-1.0.0,dup-00099,duplicate,media-audit-10008ee65dadef25
inv-00298,merged-podcast,MERGED,2023-merged-episode-13,podcast_episode,13,MERGED Episode #13 — An Open-Minded Scientific Approach to UAP,2023-08-15,mediaLinks,1,Watch MERGED Episode #13 on YouTube,https://www.youtube.com/watch?v=KFSWeJe_7-4,https://youtube.com/watch?v=KFSWeJe_7-4,4bd0d99c4910dbf537ef,YouTube,episode,video,True,legacy_unspecified,approved,,False,False,network_check_pending,2026-07-28T00:00:00Z,23.5C.1-1.0.0,dup-00100,duplicate,media-audit-555d4fe210436bc3
inv-00299,merged-podcast,MERGED,2023-merged-episode-13,podcast_episode,13,MERGED Episode #13 — An Open-Minded Scientific Approach to UAP,2023-08-15,referenceSources,0,MERGED Episode #13 on iVoox,https://www.ivoox.com/en/an-open-minded-scientific-approach-to-uap-ufos-audios-mp3_rf_114279386_1.html,https://ivoox.com/en/an-open-minded-scientific-approach-to-uap-ufos-audios-mp3_rf_114279386_1.html,1cc37040e100759a7810,ivoox.com,episode,web_page,False,legacy_unspecified,approved,,False,False,network_check_pending,2026-07-28T00:00:00Z,23.5C.1-1.0.0,dup-00099,duplicate,media-audit-10008ee65dadef25
inv-00300,merged-podcast,MERGED,2023-merged-episode-13,podcast_episode,13,MERGED Episode #13 — An Open-Minded Scientific Approach to UAP,2023-08-15,referenceSources,1,Official MERGED Episode #13 video,https://www.youtube.com/watch?v=KFSWeJe_7-4,https://youtube.com/watch?v=KFSWeJe_7-4,4bd0d99c4910dbf537ef,YouTube,episode,video,False,legacy_unspecified,approved,,False,False,network_check_pending,2026-07-28T00:00:00Z,23.5C.1-1.0.0,dup-00100,duplicate,media-audit-555d4fe210436bc3
inv-00301,merged-podcast,MERGED,2023-merged-episode-14,podcast_episode,14,MERGED Episode #14 — Pilots & Witnesses: Systematic UAP Reporting for Pilots,2023-08-31,officialMedia,0,Watch on YouTube,https://www.youtube.com/watch?v=Nc9_ZP36-AI,https://youtube.com/watch?v=Nc9_ZP36-AI,a0f9df432b85c4756324,YouTube,episode,video,True,verified,approved,2,False,False,network_check_pending,2026-07-28T00:00:00Z,23.5C.1-1.0.0,dup-00102,authoritative,media-audit-7d5cdcef264b54e7
inv-00302,merged-podcast,MERGED,2023-merged-episode-14,podcast_episode,14,MERGED Episode #14 — Pilots & Witnesses: Systematic UAP Reporting for Pilots,2023-08-31,officialMedia,1,Browse Official Series Archive,https://www.ivoox.com/en/pilots-witnesses-systematic-uap-reporting-for-pilots-audios-mp3_rf_115247469_1.html,https://ivoox.com/en/pilots-witnesses-systematic-uap-reporting-for-pilots-audios-mp3_rf_115247469_1.html,0548d9c23355355006d3,iVoox,series,web_page,True,verified,approved,6,False,False,network_check_pending,2026-07-28T00:00:00Z,23.5C.1-1.0.0,dup-00101,authoritative,media-audit-b8e3bfad8ba09497
inv-00303,merged-podcast,MERGED,2023-merged-episode-14,podcast_episode,14,MERGED Episode #14 — Pilots & Witnesses: Systematic UAP Reporting for Pilots,2023-08-31,mediaLinks,0,Listen to MERGED Episode #14,https://www.ivoox.com/en/pilots-witnesses-systematic-uap-reporting-for-pilots-audios-mp3_rf_115247469_1.html,https://ivoox.com/en/pilots-witnesses-systematic-uap-reporting-for-pilots-audios-mp3_rf_115247469_1.html,0548d9c23355355006d3,iVoox,episode,web_page,True,legacy_unspecified,approved,,False,False,network_check_pending,2026-07-28T00:00:00Z,23.5C.1-1.0.0,dup-00101,duplicate,media-audit-b8e3bfad8ba09497
inv-00304,merged-podcast,MERGED,2023-merged-episode-14,podcast_episode,14,MERGED Episode #14 — Pilots & Witnesses: Systematic UAP Reporting for Pilots,2023-08-31,mediaLinks,1,Watch MERGED Episode #14 on YouTube,https://www.youtube.com/watch?v=Nc9_ZP36-AI,https://youtube.com/watch?v=Nc9_ZP36-AI,a0f9df432b85c4756324,YouTube,episode,video,True,legacy_unspecified,approved,,False,False,network_check_pending,2026-07-28T00:00:00Z,23.5C.1-1.0.0,dup-00102,duplicate,media-audit-7d5cdcef264b54e7
inv-00305,merged-podcast,MERGED,2023-merged-episode-14,podcast_episode,14,MERGED Episode #14 — Pilots & Witnesses: Systematic UAP Reporting for Pilots,2023-08-31,referenceSources,0,MERGED Episode #14 on iVoox,https://www.ivoox.com/en/pilots-witnesses-systematic-uap-reporting-for-pilots-audios-mp3_rf_115247469_1.html,https://ivoox.com/en/pilots-witnesses-systematic-uap-reporting-for-pilots-audios-mp3_rf_115247469_1.html,0548d9c23355355006d3,ivoox.com,episode,web_page,False,legacy_unspecified,approved,,False,False,network_check_pending,2026-07-28T00:00:00Z,23.5C.1-1.0.0,dup-00101,duplicate,media-audit-b8e3bfad8ba09497
inv-00306,merged-podcast,MERGED,2023-merged-episode-14,podcast_episode,14,MERGED Episode #14 — Pilots & Witnesses: Systematic UAP Reporting for Pilots,2023-08-31,referenceSources,1,Official MERGED Episode #14 video,https://www.youtube.com/watch?v=Nc9_ZP36-AI,https://youtube.com/watch?v=Nc9_ZP36-AI,a0f9df432b85c4756324,YouTube,episode,video,False,legacy_unspecified,approved,,False,False,network_check_pending,2026-07-28T00:00:00Z,23.5C.1-1.0.0,dup-00102,duplicate,media-audit-7d5cdcef264b54e7
inv-00307,merged-podcast,MERGED,2023-merged-episode-15,podcast_episode,15,MERGED Episode #15 — The Sounds of the Sky: The Galileo Project’s Search for UAP,2023-09-14,officialMedia,0,Watch on YouTube,https://www.youtube.com/watch?v=87POecVP-s4,https://youtube.com/watch?v=87POecVP-s4,d9cb670874d3f16aebcd,YouTube,episode,video,True,verified,approved,2,False,False,network_check_pending,2026-07-28T00:00:00Z,23.5C.1-1.0.0,dup-00104,authoritative,media-audit-6755ad51232759f0
inv-00308,merged-podcast,MERGED,2023-merged-episode-15,podcast_episode,15,MERGED Episode #15 — The Sounds of the Sky: The Galileo Project’s Search for UAP,2023-09-14,officialMedia,1,Browse Official Series Archive,https://www.ivoox.com/en/the-sounds-of-the-sky-the-galileo-audios-mp3_rf_116041882_1.html,https://ivoox.com/en/the-sounds-of-the-sky-the-galileo-audios-mp3_rf_116041882_1.html,6af070dfdef8b97566bd,iVoox,series,web_page,True,verified,approved,6,False,False,network_check_pending,2026-07-28T00:00:00Z,23.5C.1-1.0.0,dup-00103,authoritative,media-audit-28e3cd04ac29c003
inv-00309,merged-podcast,MERGED,2023-merged-episode-15,podcast_episode,15,MERGED Episode #15 — The Sounds of the Sky: The Galileo Project’s Search for UAP,2023-09-14,mediaLinks,0,Listen to MERGED Episode #15,https://www.ivoox.com/en/the-sounds-of-the-sky-the-galileo-audios-mp3_rf_116041882_1.html,https://ivoox.com/en/the-sounds-of-the-sky-the-galileo-audios-mp3_rf_116041882_1.html,6af070dfdef8b97566bd,iVoox,episode,web_page,True,legacy_unspecified,approved,,False,False,network_check_pending,2026-07-28T00:00:00Z,23.5C.1-1.0.0,dup-00103,duplicate,media-audit-28e3cd04ac29c003
inv-00310,merged-podcast,MERGED,2023-merged-episode-15,podcast_episode,15,MERGED Episode #15 — The Sounds of the Sky: The Galileo Project’s Search for UAP,2023-09-14,mediaLinks,1,Watch MERGED Episode #15 on YouTube,https://www.youtube.com/watch?v=87POecVP-s4,https://youtube.com/watch?v=87POecVP-s4,d9cb670874d3f16aebcd,YouTube,episode,video,True,legacy_unspecified,approved,,False,False,network_check_pending,2026-07-28T00:00:00Z,23.5C.1-1.0.0,dup-00104,duplicate,media-audit-6755ad51232759f0
inv-00311,merged-podcast,MERGED,2023-merged-episode-15,podcast_episode,15,MERGED Episode #15 — The Sounds of the Sky: The Galileo Project’s Search for UAP,2023-09-14,referenceSources,0,MERGED Episode #15 on iVoox,https://www.ivoox.com/en/the-sounds-of-the-sky-the-galileo-audios-mp3_rf_116041882_1.html,https://ivoox.com/en/the-sounds-of-the-sky-the-galileo-audios-mp3_rf_116041882_1.html,6af070dfdef8b97566bd,ivoox.com,episode,web_page,False,legacy_unspecified,approved,,False,False,network_check_pending,2026-07-28T00:00:00Z,23.5C.1-1.0.0,dup-00103,duplicate,media-audit-28e3cd04ac29c003
inv-00312,merged-podcast,MERGED,2023-merged-episode-15,podcast_episode,15,MERGED Episode #15 — The Sounds of the Sky: The Galileo Project’s Search for UAP,2023-09-14,referenceSources,1,Official MERGED Episode #15 video,https://www.youtube.com/watch?v=87POecVP-s4,https://youtube.com/watch?v=87POecVP-s4,d9cb670874d3f16aebcd,YouTube,episode,video,False,legacy_unspecified,approved,,False,False,network_check_pending,2026-07-28T00:00:00Z,23.5C.1-1.0.0,dup-00104,duplicate,media-audit-6755ad51232759f0
inv-00313,merged-podcast,MERGED,2023-merged-episode-16,podcast_episode,16,MERGED Episode #16 — Navigating the Deep: Searching for Undersea UAP,2023-09-28,officialMedia,0,Browse Official Series Archive,https://www.youtube.com/@merged_podcast/search?query=Merged+Podcast+EP+16+Tim+Gallaudet,https://youtube.com/@merged_podcast/search?query=Merged+Podcast+EP+16+Tim+Gallaudet,139a47b9ad0b6e9ac186,YouTube,series,web_page,True,verified,approved,6,False,False,network_check_pending,2026-07-28T00:00:00Z,23.5C.1-1.0.0,dup-00106,authoritative,media-audit-6df8f9897c262d07
inv-00314,merged-podcast,MERGED,2023-merged-episode-16,podcast_episode,16,MERGED Episode #16 — Navigating the Deep: Searching for Undersea UAP,2023-09-28,officialMedia,1,Browse Official Series Archive,https://www.ivoox.com/en/navigating-the-deep-searching-for-undersea-uap-audios-mp3_rf_116831042_1.html,https://ivoox.com/en/navigating-the-deep-searching-for-undersea-uap-audios-mp3_rf_116831042_1.html,d14a07b734865769b07a,iVoox,series,web_page,True,verified,approved,6,False,False,network_check_pending,2026-07-28T00:00:00Z,23.5C.1-1.0.0,dup-00105,authoritative,media-audit-997b11a2d145b554
inv-00315,merged-podcast,MERGED,2023-merged-episode-16,podcast_episode,16,MERGED Episode #16 — Navigating the Deep: Searching for Undersea UAP,2023-09-28,mediaLinks,0,Listen to MERGED Episode #16,https://www.ivoox.com/en/navigating-the-deep-searching-for-undersea-uap-audios-mp3_rf_116831042_1.html,https://ivoox.com/en/navigating-the-deep-searching-for-undersea-uap-audios-mp3_rf_116831042_1.html,d14a07b734865769b07a,iVoox,episode,web_page,True,legacy_unspecified,approved,,False,False,network_check_pending,2026-07-28T00:00:00Z,23.5C.1-1.0.0,dup-00105,duplicate,media-audit-997b11a2d145b554
inv-00316,merged-podcast,MERGED,2023-merged-episode-16,podcast_episode,16,MERGED Episode #16 — Navigating the Deep: Searching for Undersea UAP,2023-09-28,mediaLinks,1,Find MERGED Episode #16 on the official YouTube channel,https://www.youtube.com/@merged_podcast/search?query=Merged+Podcast+EP+16+Tim+Gallaudet,https://youtube.com/@merged_podcast/search?query=Merged+Podcast+EP+16+Tim+Gallaudet,139a47b9ad0b6e9ac186,YouTube,episode,video,True,legacy_unspecified,approved,,False,False,network_check_pending,2026-07-28T00:00:00Z,23.5C.1-1.0.0,dup-00106,duplicate,media-audit-6df8f9897c262d07
inv-00317,merged-podcast,MERGED,2023-merged-episode-16,podcast_episode,16,MERGED Episode #16 — Navigating the Deep: Searching for Undersea UAP,2023-09-28,referenceSources,0,MERGED Episode #16 on iVoox,https://www.ivoox.com/en/navigating-the-deep-searching-for-undersea-uap-audios-mp3_rf_116831042_1.html,https://ivoox.com/en/navigating-the-deep-searching-for-undersea-uap-audios-mp3_rf_116831042_1.html,d14a07b734865769b07a,ivoox.com,episode,web_page,False,legacy_unspecified,approved,,False,False,network_check_pending,2026-07-28T00:00:00Z,23.5C.1-1.0.0,dup-00105,duplicate,media-audit-997b11a2d145b554
inv-00318,merged-podcast,MERGED,2023-merged-episode-17,podcast_episode,17,MERGED Episode #17 — Asking Difficult Questions: Congressional Accountability on UAP,2023-10-12,officialMedia,0,Browse Official Series Archive,https://www.youtube.com/@merged_podcast/search?query=Merged+Podcast+EP+17+Matt+Laslo,https://youtube.com/@merged_podcast/search?query=Merged+Podcast+EP+17+Matt+Laslo,ac023f0472d55c4109b3,YouTube,series,web_page,True,verified,approved,6,False,False,network_check_pending,2026-07-28T00:00:00Z,23.5C.1-1.0.0,dup-00108,authoritative,media-audit-da095dc3dc59f1c1
inv-00319,merged-podcast,MERGED,2023-merged-episode-17,podcast_episode,17,MERGED Episode #17 — Asking Difficult Questions: Congressional Accountability on UAP,2023-10-12,officialMedia,1,Browse Official Series Archive,https://www.ivoox.com/en/asking-difficult-questions-congressional-accountability-on-uap-audios-mp3_rf_117633407_1.html,https://ivoox.com/en/asking-difficult-questions-congressional-accountability-on-uap-audios-mp3_rf_117633407_1.html,5b671bd7cf97cbba578c,iVoox,series,web_page,True,verified,approved,6,False,False,network_check_pending,2026-07-28T00:00:00Z,23.5C.1-1.0.0,dup-00107,authoritative,media-audit-7238a34dabccc5ab
inv-00320,merged-podcast,MERGED,2023-merged-episode-17,podcast_episode,17,MERGED Episode #17 — Asking Difficult Questions: Congressional Accountability on UAP,2023-10-12,mediaLinks,0,Listen to MERGED Episode #17,https://www.ivoox.com/en/asking-difficult-questions-congressional-accountability-on-uap-audios-mp3_rf_117633407_1.html,https://ivoox.com/en/asking-difficult-questions-congressional-accountability-on-uap-audios-mp3_rf_117633407_1.html,5b671bd7cf97cbba578c,iVoox,episode,web_page,True,legacy_unspecified,approved,,False,False,network_check_pending,2026-07-28T00:00:00Z,23.5C.1-1.0.0,dup-00107,duplicate,media-audit-7238a34dabccc5ab
inv-00321,merged-podcast,MERGED,2023-merged-episode-17,podcast_episode,17,MERGED Episode #17 — Asking Difficult Questions: Congressional Accountability on UAP,2023-10-12,mediaLinks,1,Find MERGED Episode #17 on the official YouTube channel,https://www.youtube.com/@merged_podcast/search?query=Merged+Podcast+EP+17+Matt+Laslo,https://youtube.com/@merged_podcast/search?query=Merged+Podcast+EP+17+Matt+Laslo,ac023f0472d55c4109b3,YouTube,episode,video,True,legacy_unspecified,approved,,False,False,network_check_pending,2026-07-28T00:00:00Z,23.5C.1-1.0.0,dup-00108,duplicate,media-audit-da095dc3dc59f1c1
inv-00322,merged-podcast,MERGED,2023-merged-episode-17,podcast_episode,17,MERGED Episode #17 — Asking Difficult Questions: Congressional Accountability on UAP,2023-10-12,referenceSources,0,MERGED Episode #17 on iVoox,https://www.ivoox.com/en/asking-difficult-questions-congressional-accountability-on-uap-audios-mp3_rf_117633407_1.html,https://ivoox.com/en/asking-difficult-questions-congressional-accountability-on-uap-audios-mp3_rf_117633407_1.html,5b671bd7cf97cbba578c,ivoox.com,episode,web_page,False,legacy_unspecified,approved,,False,False,network_check_pending,2026-07-28T00:00:00Z,23.5C.1-1.0.0,dup-00107,duplicate,media-audit-7238a34dabccc5ab
inv-00323,merged-podcast,MERGED,2023-merged-episode-18,podcast_episode,18,MERGED Episode #18 — UAP Research or SETI: Who Finds NHI First?,2023-10-26,officialMedia,0,Browse Official Series Archive,https://www.youtube.com/@merged_podcast/search?query=Merged+Podcast+EP+18+Adam+Frank,https://youtube.com/@merged_podcast/search?query=Merged+Podcast+EP+18+Adam+Frank,887cfa3cb7a7fc9e91d9,YouTube,series,web_page,True,verified,approved,6,False,False,network_check_pending,2026-07-28T00:00:00Z,23.5C.1-1.0.0,dup-00110,authoritative,media-audit-b28f8fd9733f6d13
inv-00324,merged-podcast,MERGED,2023-merged-episode-18,podcast_episode,18,MERGED Episode #18 — UAP Research or SETI: Who Finds NHI First?,2023-10-26,officialMedia,1,Browse Official Series Archive,https://www.ivoox.com/en/uap-research-or-seti-who-finds-nhi-audios-mp3_rf_118459031_1.html,https://ivoox.com/en/uap-research-or-seti-who-finds-nhi-audios-mp3_rf_118459031_1.html,daa1688b3487d31bd1c7,iVoox,series,web_page,True,verified,approved,6,False,False,network_check_pending,2026-07-28T00:00:00Z,23.5C.1-1.0.0,dup-00109,authoritative,media-audit-108283c87f767ce0
inv-00325,merged-podcast,MERGED,2023-merged-episode-18,podcast_episode,18,MERGED Episode #18 — UAP Research or SETI: Who Finds NHI First?,2023-10-26,mediaLinks,0,Listen to MERGED Episode #18,https://www.ivoox.com/en/uap-research-or-seti-who-finds-nhi-audios-mp3_rf_118459031_1.html,https://ivoox.com/en/uap-research-or-seti-who-finds-nhi-audios-mp3_rf_118459031_1.html,daa1688b3487d31bd1c7,iVoox,episode,web_page,True,legacy_unspecified,approved,,False,False,network_check_pending,2026-07-28T00:00:00Z,23.5C.1-1.0.0,dup-00109,duplicate,media-audit-108283c87f767ce0
inv-00326,merged-podcast,MERGED,2023-merged-episode-18,podcast_episode,18,MERGED Episode #18 — UAP Research or SETI: Who Finds NHI First?,2023-10-26,mediaLinks,1,Find MERGED Episode #18 on the official YouTube channel,https://www.youtube.com/@merged_podcast/search?query=Merged+Podcast+EP+18+Adam+Frank,https://youtube.com/@merged_podcast/search?query=Merged+Podcast+EP+18+Adam+Frank,887cfa3cb7a7fc9e91d9,YouTube,episode,video,True,legacy_unspecified,approved,,False,False,network_check_pending,2026-07-28T00:00:00Z,23.5C.1-1.0.0,dup-00110,duplicate,media-audit-b28f8fd9733f6d13
inv-00327,merged-podcast,MERGED,2023-merged-episode-18,podcast_episode,18,MERGED Episode #18 — UAP Research or SETI: Who Finds NHI First?,2023-10-26,referenceSources,0,MERGED Episode #18 on iVoox,https://www.ivoox.com/en/uap-research-or-seti-who-finds-nhi-audios-mp3_rf_118459031_1.html,https://ivoox.com/en/uap-research-or-seti-who-finds-nhi-audios-mp3_rf_118459031_1.html,daa1688b3487d31bd1c7,ivoox.com,episode,web_page,False,legacy_unspecified,approved,,False,False,network_check_pending,2026-07-28T00:00:00Z,23.5C.1-1.0.0,dup-00109,duplicate,media-audit-108283c87f767ce0
inv-00328,merged-podcast,MERGED,2023-merged-episode-19,podcast_episode,19,MERGED Episode #19 — Vandenberg “Red Square” Witness Speaks for First Time,2023-11-08,officialMedia,0,Browse Official Series Archive,https://www.youtube.com/@merged_podcast/search?query=Merged+Podcast+EP+19+Jeff+Nuccetelli,https://youtube.com/@merged_podcast/search?query=Merged+Podcast+EP+19+Jeff+Nuccetelli,312e1a3c506f92b8c3a2,YouTube,series,web_page,True,verified,approved,6,False,False,network_check_pending,2026-07-28T00:00:00Z,23.5C.1-1.0.0,dup-00112,authoritative,media-audit-0142f5862e17276d
inv-00329,merged-podcast,MERGED,2023-merged-episode-19,podcast_episode,19,MERGED Episode #19 — Vandenberg “Red Square” Witness Speaks for First Time,2023-11-08,officialMedia,1,Browse Official Series Archive,https://www.ivoox.com/en/vandenberg-8220red-square-witness-speaks-for-first-time-audios-mp3_rf_119179267_1.html,https://ivoox.com/en/vandenberg-8220red-square-witness-speaks-for-first-time-audios-mp3_rf_119179267_1.html,9f7f98b16110367e3580,iVoox,series,web_page,True,verified,approved,6,False,False,network_check_pending,2026-07-28T00:00:00Z,23.5C.1-1.0.0,dup-00111,authoritative,media-audit-01134dbdec7de6a2
inv-00330,merged-podcast,MERGED,2023-merged-episode-19,podcast_episode,19,MERGED Episode #19 — Vandenberg “Red Square” Witness Speaks for First Time,2023-11-08,mediaLinks,0,Listen to MERGED Episode #19,https://www.ivoox.com/en/vandenberg-8220red-square-witness-speaks-for-first-time-audios-mp3_rf_119179267_1.html,https://ivoox.com/en/vandenberg-8220red-square-witness-speaks-for-first-time-audios-mp3_rf_119179267_1.html,9f7f98b16110367e3580,iVoox,episode,web_page,True,legacy_unspecified,approved,,False,False,network_check_pending,2026-07-28T00:00:00Z,23.5C.1-1.0.0,dup-00111,duplicate,media-audit-01134dbdec7de6a2
inv-00331,merged-podcast,MERGED,2023-merged-episode-19,podcast_episode,19,MERGED Episode #19 — Vandenberg “Red Square” Witness Speaks for First Time,2023-11-08,mediaLinks,1,Find MERGED Episode #19 on the official YouTube channel,https://www.youtube.com/@merged_podcast/search?query=Merged+Podcast+EP+19+Jeff+Nuccetelli,https://youtube.com/@merged_podcast/search?query=Merged+Podcast+EP+19+Jeff+Nuccetelli,312e1a3c506f92b8c3a2,YouTube,episode,video,True,legacy_unspecified,approved,,False,False,network_check_pending,2026-07-28T00:00:00Z,23.5C.1-1.0.0,dup-00112,duplicate,media-audit-0142f5862e17276d
inv-00332,merged-podcast,MERGED,2023-merged-episode-19,podcast_episode,19,MERGED Episode #19 — Vandenberg “Red Square” Witness Speaks for First Time,2023-11-08,referenceSources,0,MERGED Episode #19 on iVoox,https://www.ivoox.com/en/vandenberg-8220red-square-witness-speaks-for-first-time-audios-mp3_rf_119179267_1.html,https://ivoox.com/en/vandenberg-8220red-square-witness-speaks-for-first-time-audios-mp3_rf_119179267_1.html,9f7f98b16110367e3580,ivoox.com,episode,web_page,False,legacy_unspecified,approved,,False,False,network_check_pending,2026-07-28T00:00:00Z,23.5C.1-1.0.0,dup-00111,duplicate,media-audit-01134dbdec7de6a2
inv-00333,merged-podcast,MERGED,2023-merged-episode-2,podcast_episode,2,MERGED Episode #2 — Pilot’s Shocking UAP Sightings & What This Means For Aviation,2023-01-31,officialMedia,0,Watch on YouTube,https://www.youtube.com/watch?v=UjildVLwSHw,https://youtube.com/watch?v=UjildVLwSHw,c4925b7fa4856e95aefd,YouTube,episode,video,True,verified,approved,2,False,False,network_check_pending,2026-07-28T00:00:00Z,23.5C.1-1.0.0,dup-00114,authoritative,media-audit-2d2cf44dc543c488
inv-00334,merged-podcast,MERGED,2023-merged-episode-2,podcast_episode,2,MERGED Episode #2 — Pilot’s Shocking UAP Sightings & What This Means For Aviation,2023-01-31,officialMedia,1,Browse Official Series Archive,https://www.ivoox.com/en/pilot8217s-shocking-uap-sightings-what-this-means-audios-mp3_rf_102351793_1.html,https://ivoox.com/en/pilot8217s-shocking-uap-sightings-what-this-means-audios-mp3_rf_102351793_1.html,ae50261ddcb722b0b077,iVoox,series,web_page,True,verified,approved,6,False,False,network_check_pending,2026-07-28T00:00:00Z,23.5C.1-1.0.0,dup-00113,authoritative,media-audit-9a30c2307da2d334
inv-00335,merged-podcast,MERGED,2023-merged-episode-2,podcast_episode,2,MERGED Episode #2 — Pilot’s Shocking UAP Sightings & What This Means For Aviation,2023-01-31,mediaLinks,0,Listen to MERGED Episode #2,https://www.ivoox.com/en/pilot8217s-shocking-uap-sightings-what-this-means-audios-mp3_rf_102351793_1.html,https://ivoox.com/en/pilot8217s-shocking-uap-sightings-what-this-means-audios-mp3_rf_102351793_1.html,ae50261ddcb722b0b077,iVoox,episode,web_page,True,legacy_unspecified,approved,,False,False,network_check_pending,2026-07-28T00:00:00Z,23.5C.1-1.0.0,dup-00113,duplicate,media-audit-9a30c2307da2d334
inv-00336,merged-podcast,MERGED,2023-merged-episode-2,podcast_episode,2,MERGED Episode #2 — Pilot’s Shocking UAP Sightings & What This Means For Aviation,2023-01-31,mediaLinks,1,Watch MERGED Episode #2 on YouTube,https://www.youtube.com/watch?v=UjildVLwSHw,https://youtube.com/watch?v=UjildVLwSHw,c4925b7fa4856e95aefd,YouTube,episode,video,True,legacy_unspecified,approved,,False,False,network_check_pending,2026-07-28T00:00:00Z,23.5C.1-1.0.0,dup-00114,duplicate,media-audit-2d2cf44dc543c488
inv-00337,merged-podcast,MERGED,2023-merged-episode-2,podcast_episode,2,MERGED Episode #2 — Pilot’s Shocking UAP Sightings & What This Means For Aviation,2023-01-31,referenceSources,0,MERGED Episode #2 on iVoox,https://www.ivoox.com/en/pilot8217s-shocking-uap-sightings-what-this-means-audios-mp3_rf_102351793_1.html,https://ivoox.com/en/pilot8217s-shocking-uap-sightings-what-this-means-audios-mp3_rf_102351793_1.html,ae50261ddcb722b0b077,ivoox.com,episode,web_page,False,legacy_unspecified,approved,,False,False,network_check_pending,2026-07-28T00:00:00Z,23.5C.1-1.0.0,dup-00113,duplicate,media-audit-9a30c2307da2d334
inv-00338,merged-podcast,MERGED,2023-merged-episode-2,podcast_episode,2,MERGED Episode #2 — Pilot’s Shocking UAP Sightings & What This Means For Aviation,2023-01-31,referenceSources,1,Official MERGED Episode #2 video,https://www.youtube.com/watch?v=UjildVLwSHw,https://youtube.com/watch?v=UjildVLwSHw,c4925b7fa4856e95aefd,YouTube,episode,video,False,legacy_unspecified,approved,,False,False,network_check_pending,2026-07-28T00:00:00Z,23.5C.1-1.0.0,dup-00114,duplicate,media-audit-2d2cf44dc543c488
inv-00339,merged-podcast,MERGED,2023-merged-episode-3,podcast_episode,3,MERGED Episode #3 — Unbreakable Resilience: How I Survived a Supersonic Jet Crash,2023-02-07,officialMedia,0,Browse Official Series Archive,https://www.youtube.com/@merged_podcast/search?query=Merged+Podcast+EP+3+Kegan+Gill,https://youtube.com/@merged_podcast/search?query=Merged+Podcast+EP+3+Kegan+Gill,51f5f46781889233f227,YouTube,series,web_page,True,verified,approved,6,False,False,network_check_pending,2026-07-28T00:00:00Z,23.5C.1-1.0.0,dup-00116,authoritative,media-audit-65e01aee6ca03f35
inv-00340,merged-podcast,MERGED,2023-merged-episode-3,podcast_episode,3,MERGED Episode #3 — Unbreakable Resilience: How I Survived a Supersonic Jet Crash,2023-02-07,officialMedia,1,Browse Official Series Archive,https://www.ivoox.com/en/unbreakable-resilience-how-i-survived-a-supersonic-jet-audios-mp3_rf_102717308_1.html,https://ivoox.com/en/unbreakable-resilience-how-i-survived-a-supersonic-jet-audios-mp3_rf_102717308_1.html,05c11221efa4ef5b4dde,iVoox,series,web_page,True,verified,approved,6,False,False,network_check_pending,2026-07-28T00:00:00Z,23.5C.1-1.0.0,dup-00115,authoritative,media-audit-183383f9a177b9a5
inv-00341,merged-podcast,MERGED,2023-merged-episode-3,podcast_episode,3,MERGED Episode #3 — Unbreakable Resilience: How I Survived a Supersonic Jet Crash,2023-02-07,mediaLinks,0,Listen to MERGED Episode #3,https://www.ivoox.com/en/unbreakable-resilience-how-i-survived-a-supersonic-jet-audios-mp3_rf_102717308_1.html,https://ivoox.com/en/unbreakable-resilience-how-i-survived-a-supersonic-jet-audios-mp3_rf_102717308_1.html,05c11221efa4ef5b4dde,iVoox,episode,web_page,True,legacy_unspecified,approved,,False,False,network_check_pending,2026-07-28T00:00:00Z,23.5C.1-1.0.0,dup-00115,duplicate,media-audit-183383f9a177b9a5
inv-00342,merged-podcast,MERGED,2023-merged-episode-3,podcast_episode,3,MERGED Episode #3 — Unbreakable Resilience: How I Survived a Supersonic Jet Crash,2023-02-07,mediaLinks,1,Find MERGED Episode #3 on the official YouTube channel,https://www.youtube.com/@merged_podcast/search?query=Merged+Podcast+EP+3+Kegan+Gill,https://youtube.com/@merged_podcast/search?query=Merged+Podcast+EP+3+Kegan+Gill,51f5f46781889233f227,YouTube,episode,video,True,legacy_unspecified,approved,,False,False,network_check_pending,2026-07-28T00:00:00Z,23.5C.1-1.0.0,dup-00116,duplicate,media-audit-65e01aee6ca03f35
inv-00343,merged-podcast,MERGED,2023-merged-episode-3,podcast_episode,3,MERGED Episode #3 — Unbreakable Resilience: How I Survived a Supersonic Jet Crash,2023-02-07,referenceSources,0,MERGED Episode #3 on iVoox,https://www.ivoox.com/en/unbreakable-resilience-how-i-survived-a-supersonic-jet-audios-mp3_rf_102717308_1.html,https://ivoox.com/en/unbreakable-resilience-how-i-survived-a-supersonic-jet-audios-mp3_rf_102717308_1.html,05c11221efa4ef5b4dde,ivoox.com,episode,web_page,False,legacy_unspecified,approved,,False,False,network_check_pending,2026-07-28T00:00:00Z,23.5C.1-1.0.0,dup-00115,duplicate,media-audit-183383f9a177b9a5
inv-00344,merged-podcast,MERGED,2023-merged-episode-4,podcast_episode,4,MERGED Episode #4 — Pilot Breaks the Silence on UAP Encounters,2023-02-14,officialMedia,0,Watch on YouTube,https://www.youtube.com/watch?v=Wj334dvxZU4,https://youtube.com/watch?v=Wj334dvxZU4,e0bf2b8c8e87455f780a,YouTube,episode,video,True,verified,approved,2,False,False,network_check_pending,2026-07-28T00:00:00Z,23.5C.1-1.0.0,dup-00118,authoritative,media-audit-96e279007c39cfa1
inv-00345,merged-podcast,MERGED,2023-merged-episode-4,podcast_episode,4,MERGED Episode #4 — Pilot Breaks the Silence on UAP Encounters,2023-02-14,officialMedia,1,Browse Official Series Archive,https://www.ivoox.com/en/pilot-breaks-the-silence-on-uap-encounters-audios-mp3_rf_103091479_1.html,https://ivoox.com/en/pilot-breaks-the-silence-on-uap-encounters-audios-mp3_rf_103091479_1.html,485d8274869972743d15,iVoox,series,web_page,True,verified,approved,6,False,False,network_check_pending,2026-07-28T00:00:00Z,23.5C.1-1.0.0,dup-00117,authoritative,media-audit-f7a0a549b05bd3b6
inv-00346,merged-podcast,MERGED,2023-merged-episode-4,podcast_episode,4,MERGED Episode #4 — Pilot Breaks the Silence on UAP Encounters,2023-02-14,mediaLinks,0,Listen to MERGED Episode #4,https://www.ivoox.com/en/pilot-breaks-the-silence-on-uap-encounters-audios-mp3_rf_103091479_1.html,https://ivoox.com/en/pilot-breaks-the-silence-on-uap-encounters-audios-mp3_rf_103091479_1.html,485d8274869972743d15,iVoox,episode,web_page,True,legacy_unspecified,approved,,False,False,network_check_pending,2026-07-28T00:00:00Z,23.5C.1-1.0.0,dup-00117,duplicate,media-audit-f7a0a549b05bd3b6
inv-00347,merged-podcast,MERGED,2023-merged-episode-4,podcast_episode,4,MERGED Episode #4 — Pilot Breaks the Silence on UAP Encounters,2023-02-14,mediaLinks,1,Watch MERGED Episode #4 on YouTube,https://www.youtube.com/watch?v=Wj334dvxZU4,https://youtube.com/watch?v=Wj334dvxZU4,e0bf2b8c8e87455f780a,YouTube,episode,video,True,legacy_unspecified,approved,,False,False,network_check_pending,2026-07-28T00:00:00Z,23.5C.1-1.0.0,dup-00118,duplicate,media-audit-96e279007c39cfa1
inv-00348,merged-podcast,MERGED,2023-merged-episode-4,podcast_episode,4,MERGED Episode #4 — Pilot Breaks the Silence on UAP Encounters,2023-02-14,referenceSources,0,MERGED Episode #4 on iVoox,https://www.ivoox.com/en/pilot-breaks-the-silence-on-uap-encounters-audios-mp3_rf_103091479_1.html,https://ivoox.com/en/pilot-breaks-the-silence-on-uap-encounters-audios-mp3_rf_103091479_1.html,485d8274869972743d15,ivoox.com,episode,web_page,False,legacy_unspecified,approved,,False,False,network_check_pending,2026-07-28T00:00:00Z,23.5C.1-1.0.0,dup-00117,duplicate,media-audit-f7a0a549b05bd3b6
inv-00349,merged-podcast,MERGED,2023-merged-episode-4,podcast_episode,4,MERGED Episode #4 — Pilot Breaks the Silence on UAP Encounters,2023-02-14,referenceSources,1,Official MERGED Episode #4 video,https://www.youtube.com/watch?v=Wj334dvxZU4,https://youtube.com/watch?v=Wj334dvxZU4,e0bf2b8c8e87455f780a,YouTube,episode,video,False,legacy_unspecified,approved,,False,False,network_check_pending,2026-07-28T00:00:00Z,23.5C.1-1.0.0,dup-00118,duplicate,media-audit-96e279007c39cfa1
inv-00350,merged-podcast,MERGED,2023-merged-episode-5,podcast_episode,5,MERGED Episode #5 — Decoding UAP Sightings: Insights from a 747 Pilot,2023-02-28,officialMedia,0,Watch on YouTube,https://www.youtube.com/watch?v=yVrn9-nRcno,https://youtube.com/watch?v=yVrn9-nRcno,809f2ad405ea36d0dd42,YouTube,episode,video,True,verified,approved,2,False,False,network_check_pending,2026-07-28T00:00:00Z,23.5C.1-1.0.0,dup-00120,authoritative,media-audit-0eb062a3d847f954
inv-00351,merged-podcast,MERGED,2023-merged-episode-5,podcast_episode,5,MERGED Episode #5 — Decoding UAP Sightings: Insights from a 747 Pilot,2023-02-28,officialMedia,1,Browse Official Series Archive,https://www.ivoox.com/en/decoding-uap-ufo-sightings-insights-from-a-747-audios-mp3_rf_103592094_1.html,https://ivoox.com/en/decoding-uap-ufo-sightings-insights-from-a-747-audios-mp3_rf_103592094_1.html,c953aed542996da68483,iVoox,series,web_page,True,verified,approved,6,False,False,network_check_pending,2026-07-28T00:00:00Z,23.5C.1-1.0.0,dup-00119,authoritative,media-audit-76b38a22fdce11dd
inv-00352,merged-podcast,MERGED,2023-merged-episode-5,podcast_episode,5,MERGED Episode #5 — Decoding UAP Sightings: Insights from a 747 Pilot,2023-02-28,mediaLinks,0,Listen to MERGED Episode #5,https://www.ivoox.com/en/decoding-uap-ufo-sightings-insights-from-a-747-audios-mp3_rf_103592094_1.html,https://ivoox.com/en/decoding-uap-ufo-sightings-insights-from-a-747-audios-mp3_rf_103592094_1.html,c953aed542996da68483,iVoox,episode,web_page,True,legacy_unspecified,approved,,False,False,network_check_pending,2026-07-28T00:00:00Z,23.5C.1-1.0.0,dup-00119,duplicate,media-audit-76b38a22fdce11dd
inv-00353,merged-podcast,MERGED,2023-merged-episode-5,podcast_episode,5,MERGED Episode #5 — Decoding UAP Sightings: Insights from a 747 Pilot,2023-02-28,mediaLinks,1,Watch MERGED Episode #5 on YouTube,https://www.youtube.com/watch?v=yVrn9-nRcno,https://youtube.com/watch?v=yVrn9-nRcno,809f2ad405ea36d0dd42,YouTube,episode,video,True,legacy_unspecified,approved,,False,False,network_check_pending,2026-07-28T00:00:00Z,23.5C.1-1.0.0,dup-00120,duplicate,media-audit-0eb062a3d847f954
inv-00354,merged-podcast,MERGED,2023-merged-episode-5,podcast_episode,5,MERGED Episode #5 — Decoding UAP Sightings: Insights from a 747 Pilot,2023-02-28,referenceSources,0,MERGED Episode #5 on iVoox,https://www.ivoox.com/en/decoding-uap-ufo-sightings-insights-from-a-747-audios-mp3_rf_103592094_1.html,https://ivoox.com/en/decoding-uap-ufo-sightings-insights-from-a-747-audios-mp3_rf_103592094_1.html,c953aed542996da68483,ivoox.com,episode,web_page,False,legacy_unspecified,approved,,False,False,network_check_pending,2026-07-28T00:00:00Z,23.5C.1-1.0.0,dup-00119,duplicate,media-audit-76b38a22fdce11dd
inv-00355,merged-podcast,MERGED,2023-merged-episode-5,podcast_episode,5,MERGED Episode #5 — Decoding UAP Sightings: Insights from a 747 Pilot,2023-02-28,referenceSources,1,Official MERGED Episode #5 video,https://www.youtube.com/watch?v=yVrn9-nRcno,https://youtube.com/watch?v=yVrn9-nRcno,809f2ad405ea36d0dd42,YouTube,episode,video,False,legacy_unspecified,approved,,False,False,network_check_pending,2026-07-28T00:00:00Z,23.5C.1-1.0.0,dup-00120,duplicate,media-audit-0eb062a3d847f954
inv-00356,merged-podcast,MERGED,2023-merged-episode-6,podcast_episode,6,MERGED Episode #6 — Researching UAP in the Galileo Project,2023-03-10,officialMedia,0,Watch on YouTube,https://www.youtube.com/watch?v=56So2gXKFcg,https://youtube.com/watch?v=56So2gXKFcg,28b83ae2e2e123d7ed82,YouTube,episode,video,True,verified,approved,2,False,False,network_check_pending,2026-07-28T00:00:00Z,23.5C.1-1.0.0,dup-00122,authoritative,media-audit-bd72d5eaa4f3a028
inv-00357,merged-podcast,MERGED,2023-merged-episode-6,podcast_episode,6,MERGED Episode #6 — Researching UAP in the Galileo Project,2023-03-10,officialMedia,1,Browse Official Series Archive,https://www.ivoox.com/en/researching-uap-ufos-in-the-galileo-project-audios-mp3_rf_104396960_1.html,https://ivoox.com/en/researching-uap-ufos-in-the-galileo-project-audios-mp3_rf_104396960_1.html,0263d8f8c22cc76854fb,iVoox,series,web_page,True,verified,approved,6,False,False,network_check_pending,2026-07-28T00:00:00Z,23.5C.1-1.0.0,dup-00121,authoritative,media-audit-05c815eeb8826da4
inv-00358,merged-podcast,MERGED,2023-merged-episode-6,podcast_episode,6,MERGED Episode #6 — Researching UAP in the Galileo Project,2023-03-10,mediaLinks,0,Listen to MERGED Episode #6,https://www.ivoox.com/en/researching-uap-ufos-in-the-galileo-project-audios-mp3_rf_104396960_1.html,https://ivoox.com/en/researching-uap-ufos-in-the-galileo-project-audios-mp3_rf_104396960_1.html,0263d8f8c22cc76854fb,iVoox,episode,web_page,True,legacy_unspecified,approved,,False,False,network_check_pending,2026-07-28T00:00:00Z,23.5C.1-1.0.0,dup-00121,duplicate,media-audit-05c815eeb8826da4
inv-00359,merged-podcast,MERGED,2023-merged-episode-6,podcast_episode,6,MERGED Episode #6 — Researching UAP in the Galileo Project,2023-03-10,mediaLinks,1,Watch MERGED Episode #6 on YouTube,https://www.youtube.com/watch?v=56So2gXKFcg,https://youtube.com/watch?v=56So2gXKFcg,28b83ae2e2e123d7ed82,YouTube,episode,video,True,legacy_unspecified,approved,,False,False,network_check_pending,2026-07-28T00:00:00Z,23.5C.1-1.0.0,dup-00122,duplicate,media-audit-bd72d5eaa4f3a028
inv-00360,merged-podcast,MERGED,2023-merged-episode-6,podcast_episode,6,MERGED Episode #6 — Researching UAP in the Galileo Project,2023-03-10,referenceSources,0,MERGED Episode #6 on iVoox,https://www.ivoox.com/en/researching-uap-ufos-in-the-galileo-project-audios-mp3_rf_104396960_1.html,https://ivoox.com/en/researching-uap-ufos-in-the-galileo-project-audios-mp3_rf_104396960_1.html,0263d8f8c22cc76854fb,ivoox.com,episode,web_page,False,legacy_unspecified,approved,,False,False,network_check_pending,2026-07-28T00:00:00Z,23.5C.1-1.0.0,dup-00121,duplicate,media-audit-05c815eeb8826da4
inv-00361,merged-podcast,MERGED,2023-merged-episode-6,podcast_episode,6,MERGED Episode #6 — Researching UAP in the Galileo Project,2023-03-10,referenceSources,1,Official MERGED Episode #6 video,https://www.youtube.com/watch?v=56So2gXKFcg,https://youtube.com/watch?v=56So2gXKFcg,28b83ae2e2e123d7ed82,YouTube,episode,video,False,legacy_unspecified,approved,,False,False,network_check_pending,2026-07-28T00:00:00Z,23.5C.1-1.0.0,dup-00122,duplicate,media-audit-bd72d5eaa4f3a028
inv-00362,merged-podcast,MERGED,2023-merged-episode-7,podcast_episode,7,"MERGED Episode #7 — Exploring Theories of UAP, Consciousness, and Physics",2023-04-05,officialMedia,0,Browse Official Series Archive,https://www.youtube.com/@merged_podcast/search?query=Merged+Podcast+EP+7+Curt+Jaimungal,https://youtube.com/@merged_podcast/search?query=Merged+Podcast+EP+7+Curt+Jaimungal,4a3f7b03a01f79ba3848,YouTube,series,web_page,True,verified,approved,6,False,False,network_check_pending,2026-07-28T00:00:00Z,23.5C.1-1.0.0,dup-00124,authoritative,media-audit-d6d1db8cc5de0f9f
inv-00363,merged-podcast,MERGED,2023-merged-episode-7,podcast_episode,7,"MERGED Episode #7 — Exploring Theories of UAP, Consciousness, and Physics",2023-04-05,officialMedia,1,Browse Official Series Archive,https://www.ivoox.com/en/exploring-theories-of-uap-ufos-consciousness-and-physics-audios-mp3_rf_105853901_1.html,https://ivoox.com/en/exploring-theories-of-uap-ufos-consciousness-and-physics-audios-mp3_rf_105853901_1.html,23c4c68727b0818d79c2,iVoox,series,web_page,True,verified,approved,6,False,False,network_check_pending,2026-07-28T00:00:00Z,23.5C.1-1.0.0,dup-00123,authoritative,media-audit-0c5464c42b25a049
inv-00364,merged-podcast,MERGED,2023-merged-episode-7,podcast_episode,7,"MERGED Episode #7 — Exploring Theories of UAP, Consciousness, and Physics",2023-04-05,mediaLinks,0,Listen to MERGED Episode #7,https://www.ivoox.com/en/exploring-theories-of-uap-ufos-consciousness-and-physics-audios-mp3_rf_105853901_1.html,https://ivoox.com/en/exploring-theories-of-uap-ufos-consciousness-and-physics-audios-mp3_rf_105853901_1.html,23c4c68727b0818d79c2,iVoox,episode,web_page,True,legacy_unspecified,approved,,False,False,network_check_pending,2026-07-28T00:00:00Z,23.5C.1-1.0.0,dup-00123,duplicate,media-audit-0c5464c42b25a049
inv-00365,merged-podcast,MERGED,2023-merged-episode-7,podcast_episode,7,"MERGED Episode #7 — Exploring Theories of UAP, Consciousness, and Physics",2023-04-05,mediaLinks,1,Find MERGED Episode #7 on the official YouTube channel,https://www.youtube.com/@merged_podcast/search?query=Merged+Podcast+EP+7+Curt+Jaimungal,https://youtube.com/@merged_podcast/search?query=Merged+Podcast+EP+7+Curt+Jaimungal,4a3f7b03a01f79ba3848,YouTube,episode,video,True,legacy_unspecified,approved,,False,False,network_check_pending,2026-07-28T00:00:00Z,23.5C.1-1.0.0,dup-00124,duplicate,media-audit-d6d1db8cc5de0f9f
inv-00366,merged-podcast,MERGED,2023-merged-episode-7,podcast_episode,7,"MERGED Episode #7 — Exploring Theories of UAP, Consciousness, and Physics",2023-04-05,referenceSources,0,MERGED Episode #7 on iVoox,https://www.ivoox.com/en/exploring-theories-of-uap-ufos-consciousness-and-physics-audios-mp3_rf_105853901_1.html,https://ivoox.com/en/exploring-theories-of-uap-ufos-consciousness-and-physics-audios-mp3_rf_105853901_1.html,23c4c68727b0818d79c2,ivoox.com,episode,web_page,False,legacy_unspecified,approved,,False,False,network_check_pending,2026-07-28T00:00:00Z,23.5C.1-1.0.0,dup-00123,duplicate,media-audit-0c5464c42b25a049
inv-00367,merged-podcast,MERGED,2023-merged-episode-8,podcast_episode,8,MERGED Episode #8 — Where the Search for Dark Matter and UAP Meet,2023-06-03,officialMedia,0,Watch on YouTube,https://www.youtube.com/watch?v=4knd6hQbHZI,https://youtube.com/watch?v=4knd6hQbHZI,3f7ad4ba558399ce5d6d,YouTube,episode,video,True,verified,approved,2,False,False,network_check_pending,2026-07-28T00:00:00Z,23.5C.1-1.0.0,dup-00126,authoritative,media-audit-1c8378a2556d87fb
inv-00368,merged-podcast,MERGED,2023-merged-episode-8,podcast_episode,8,MERGED Episode #8 — Where the Search for Dark Matter and UAP Meet,2023-06-03,officialMedia,1,Browse Official Series Archive,https://www.ivoox.com/en/where-the-search-for-dark-matter-and-uap-audios-mp3_rf_109610969_1.html,https://ivoox.com/en/where-the-search-for-dark-matter-and-uap-audios-mp3_rf_109610969_1.html,4c2db6f72155568820f2,iVoox,series,web_page,True,verified,approved,6,False,False,network_check_pending,2026-07-28T00:00:00Z,23.5C.1-1.0.0,dup-00125,authoritative,media-audit-24492f0cb6964813
inv-00369,merged-podcast,MERGED,2023-merged-episode-8,podcast_episode,8,MERGED Episode #8 — Where the Search for Dark Matter and UAP Meet,2023-06-03,mediaLinks,0,Listen to MERGED Episode #8,https://www.ivoox.com/en/where-the-search-for-dark-matter-and-uap-audios-mp3_rf_109610969_1.html,https://ivoox.com/en/where-the-search-for-dark-matter-and-uap-audios-mp3_rf_109610969_1.html,4c2db6f72155568820f2,iVoox,episode,web_page,True,legacy_unspecified,approved,,False,False,network_check_pending,2026-07-28T00:00:00Z,23.5C.1-1.0.0,dup-00125,duplicate,media-audit-24492f0cb6964813
inv-00370,merged-podcast,MERGED,2023-merged-episode-8,podcast_episode,8,MERGED Episode #8 — Where the Search for Dark Matter and UAP Meet,2023-06-03,mediaLinks,1,Watch MERGED Episode #8 on YouTube,https://www.youtube.com/watch?v=4knd6hQbHZI,https://youtube.com/watch?v=4knd6hQbHZI,3f7ad4ba558399ce5d6d,YouTube,episode,video,True,legacy_unspecified,approved,,False,False,network_check_pending,2026-07-28T00:00:00Z,23.5C.1-1.0.0,dup-00126,duplicate,media-audit-1c8378a2556d87fb
inv-00371,merged-podcast,MERGED,2023-merged-episode-8,podcast_episode,8,MERGED Episode #8 — Where the Search for Dark Matter and UAP Meet,2023-06-03,referenceSources,0,MERGED Episode #8 on iVoox,https://www.ivoox.com/en/where-the-search-for-dark-matter-and-uap-audios-mp3_rf_109610969_1.html,https://ivoox.com/en/where-the-search-for-dark-matter-and-uap-audios-mp3_rf_109610969_1.html,4c2db6f72155568820f2,ivoox.com,episode,web_page,False,legacy_unspecified,approved,,False,False,network_check_pending,2026-07-28T00:00:00Z,23.5C.1-1.0.0,dup-00125,duplicate,media-audit-24492f0cb6964813
inv-00372,merged-podcast,MERGED,2023-merged-episode-8,podcast_episode,8,MERGED Episode #8 — Where the Search for Dark Matter and UAP Meet,2023-06-03,referenceSources,1,Official MERGED Episode #8 video,https://www.youtube.com/watch?v=4knd6hQbHZI,https://youtube.com/watch?v=4knd6hQbHZI,3f7ad4ba558399ce5d6d,YouTube,episode,video,False,legacy_unspecified,approved,,False,False,network_check_pending,2026-07-28T00:00:00Z,23.5C.1-1.0.0,dup-00126,duplicate,media-audit-1c8378a2556d87fb
inv-00373,merged-podcast,MERGED,2023-merged-episode-9,podcast_episode,9,MERGED Episode #9 — Through the Great Filter: A Spacetime Search for UAP,2023-06-08,officialMedia,0,Browse Official Series Archive,https://www.youtube.com/@merged_podcast/search?query=Merged+Podcast+EP+9+Robin+Hanson,https://youtube.com/@merged_podcast/search?query=Merged+Podcast+EP+9+Robin+Hanson,bba99e942ab6ca181982,YouTube,series,web_page,True,verified,approved,6,False,False,network_check_pending,2026-07-28T00:00:00Z,23.5C.1-1.0.0,dup-00128,authoritative,media-audit-44925eb49bd70af2
inv-00374,merged-podcast,MERGED,2023-merged-episode-9,podcast_episode,9,MERGED Episode #9 — Through the Great Filter: A Spacetime Search for UAP,2023-06-08,officialMedia,1,Browse Official Series Archive,https://www.ivoox.com/en/through-the-great-filter-a-spacetime-search-for-audios-mp3_rf_110006855_1.html,https://ivoox.com/en/through-the-great-filter-a-spacetime-search-for-audios-mp3_rf_110006855_1.html,c04dd816ee2355ee2a30,iVoox,series,web_page,True,verified,approved,6,False,False,network_check_pending,2026-07-28T00:00:00Z,23.5C.1-1.0.0,dup-00127,authoritative,media-audit-223c1469ba69831a
inv-00375,merged-podcast,MERGED,2023-merged-episode-9,podcast_episode,9,MERGED Episode #9 — Through the Great Filter: A Spacetime Search for UAP,2023-06-08,mediaLinks,0,Listen to MERGED Episode #9,https://www.ivoox.com/en/through-the-great-filter-a-spacetime-search-for-audios-mp3_rf_110006855_1.html,https://ivoox.com/en/through-the-great-filter-a-spacetime-search-for-audios-mp3_rf_110006855_1.html,c04dd816ee2355ee2a30,iVoox,episode,web_page,True,legacy_unspecified,approved,,False,False,network_check_pending,2026-07-28T00:00:00Z,23.5C.1-1.0.0,dup-00127,duplicate,media-audit-223c1469ba69831a
inv-00376,merged-podcast,MERGED,2023-merged-episode-9,podcast_episode,9,MERGED Episode #9 — Through the Great Filter: A Spacetime Search for UAP,2023-06-08,mediaLinks,1,Find MERGED Episode #9 on the official YouTube channel,https://www.youtube.com/@merged_podcast/search?query=Merged+Podcast+EP+9+Robin+Hanson,https://youtube.com/@merged_podcast/search?query=Merged+Podcast+EP+9+Robin+Hanson,bba99e942ab6ca181982,YouTube,episode,video,True,legacy_unspecified,approved,,False,False,network_check_pending,2026-07-28T00:00:00Z,23.5C.1-1.0.0,dup-00128,duplicate,media-audit-44925eb49bd70af2
inv-00377,merged-podcast,MERGED,2023-merged-episode-9,podcast_episode,9,MERGED Episode #9 — Through the Great Filter: A Spacetime Search for UAP,2023-06-08,referenceSources,0,MERGED Episode #9 on iVoox,https://www.ivoox.com/en/through-the-great-filter-a-spacetime-search-for-audios-mp3_rf_110006855_1.html,https://ivoox.com/en/through-the-great-filter-a-spacetime-search-for-audios-mp3_rf_110006855_1.html,c04dd816ee2355ee2a30,ivoox.com,episode,web_page,False,legacy_unspecified,approved,,False,False,network_check_pending,2026-07-28T00:00:00Z,23.5C.1-1.0.0,dup-00127,duplicate,media-audit-223c1469ba69831a
inv-00378,need-to-know-podcast,Need to Know,2023-need-to-know-episode-26,podcast_episode,26,Need to Know Episode #26 — The NDAA Is Law!,2023-01-06,officialMedia,0,Watch on YouTube,https://www.youtube.com/watch?v=Bi8ENmUagxw,https://youtube.com/watch?v=Bi8ENmUagxw,46f36e7bcc4c740ee9c6,YouTube,episode,video,True,verified,approved,2,False,False,network_check_pending,2026-07-28T00:00:00Z,23.5C.1-1.0.0,dup-00130,authoritative,media-audit-ce1d4124bf537cce
inv-00379,need-to-know-podcast,Need to Know,2023-need-to-know-episode-26,podcast_episode,26,Need to Know Episode #26 — The NDAA Is Law!,2023-01-06,officialMedia,1,Browse Official YouTube Playlist,https://www.youtube.com/playlist?list=PLXdU8QbJkboeMcvUNyGpb9h6FUS9cVBti,https://youtube.com/playlist?list=PLXdU8QbJkboeMcvUNyGpb9h6FUS9cVBti,24259ff69bbafb114bed,YouTube,playlist,video,True,verified,approved,6,False,False,network_check_pending,2026-07-28T00:00:00Z,23.5C.1-1.0.0,dup-00129,authoritative,media-audit-58c59847ed26db91
inv-00380,need-to-know-podcast,Need to Know,2023-need-to-know-episode-26,podcast_episode,26,Need to Know Episode #26 — The NDAA Is Law!,2023-01-06,mediaLinks,0,Watch Need to Know Episode #26 on YouTube,https://www.youtube.com/watch?v=Bi8ENmUagxw,https://youtube.com/watch?v=Bi8ENmUagxw,46f36e7bcc4c740ee9c6,YouTube,episode,video,True,legacy_unspecified,approved,,False,False,network_check_pending,2026-07-28T00:00:00Z,23.5C.1-1.0.0,dup-00130,duplicate,media-audit-ce1d4124bf537cce
inv-00381,need-to-know-podcast,Need to Know,2023-need-to-know-episode-26,podcast_episode,26,Need to Know Episode #26 — The NDAA Is Law!,2023-01-06,mediaLinks,1,Watch the official Need to Know collection,https://www.youtube.com/playlist?list=PLXdU8QbJkboeMcvUNyGpb9h6FUS9cVBti,https://youtube.com/playlist?list=PLXdU8QbJkboeMcvUNyGpb9h6FUS9cVBti,24259ff69bbafb114bed,YouTube,playlist,video,True,legacy_unspecified,approved,,False,False,network_check_pending,2026-07-28T00:00:00Z,23.5C.1-1.0.0,dup-00129,duplicate,media-audit-58c59847ed26db91
inv-00382,need-to-know-podcast,Need to Know,2023-need-to-know-episode-26,podcast_episode,26,Need to Know Episode #26 — The NDAA Is Law!,2023-01-06,referenceSources,0,Official Need to Know Episode 26 video — The NDAA Is Law!,https://www.youtube.com/watch?v=Bi8ENmUagxw,https://youtube.com/watch?v=Bi8ENmUagxw,46f36e7bcc4c740ee9c6,YouTube,episode,video,False,legacy_unspecified,approved,,False,False,network_check_pending,2026-07-28T00:00:00Z,23.5C.1-1.0.0,dup-00130,duplicate,media-audit-ce1d4124bf537cce
inv-00383,need-to-know-podcast,Need to Know,2023-need-to-know-episode-26,podcast_episode,26,Need to Know Episode #26 — The NDAA Is Law!,2023-01-06,referenceSources,1,Need to Know official YouTube collection,https://www.youtube.com/playlist?list=PLXdU8QbJkboeMcvUNyGpb9h6FUS9cVBti,https://youtube.com/playlist?list=PLXdU8QbJkboeMcvUNyGpb9h6FUS9cVBti,24259ff69bbafb114bed,YouTube,playlist,video,False,legacy_unspecified,approved,,False,False,network_check_pending,2026-07-28T00:00:00Z,23.5C.1-1.0.0,dup-00129,duplicate,media-audit-58c59847ed26db91
inv-00384,need-to-know-podcast,Need to Know,2023-need-to-know-episode-27,podcast_episode,27,Need to Know Episode #27 — The Report Is Out!,2023-01-13,officialMedia,0,Watch on YouTube,https://www.youtube.com/watch?v=ZGiQrsyF1U8,https://youtube.com/watch?v=ZGiQrsyF1U8,fe93852ec123268a42c2,YouTube,episode,video,True,verified,approved,2,False,False,network_check_pending,2026-07-28T00:00:00Z,23.5C.1-1.0.0,dup-00132,authoritative,media-audit-acd340976d6847fa
inv-00385,need-to-know-podcast,Need to Know,2023-need-to-know-episode-27,podcast_episode,27,Need to Know Episode #27 — The Report Is Out!,2023-01-13,officialMedia,1,Browse Official YouTube Playlist,https://www.youtube.com/playlist?list=PLXdU8QbJkboeMcvUNyGpb9h6FUS9cVBti,https://youtube.com/playlist?list=PLXdU8QbJkboeMcvUNyGpb9h6FUS9cVBti,24259ff69bbafb114bed,YouTube,playlist,video,True,verified,approved,6,False,False,network_check_pending,2026-07-28T00:00:00Z,23.5C.1-1.0.0,dup-00131,authoritative,media-audit-2f8b58b8f840eac6
inv-00386,need-to-know-podcast,Need to Know,2023-need-to-know-episode-27,podcast_episode,27,Need to Know Episode #27 — The Report Is Out!,2023-01-13,mediaLinks,0,Watch Need to Know Episode #27 on YouTube,https://www.youtube.com/watch?v=ZGiQrsyF1U8,https://youtube.com/watch?v=ZGiQrsyF1U8,fe93852ec123268a42c2,YouTube,episode,video,True,legacy_unspecified,approved,,False,False,network_check_pending,2026-07-28T00:00:00Z,23.5C.1-1.0.0,dup-00132,duplicate,media-audit-acd340976d6847fa
inv-00387,need-to-know-podcast,Need to Know,2023-need-to-know-episode-27,podcast_episode,27,Need to Know Episode #27 — The Report Is Out!,2023-01-13,mediaLinks,1,Watch the official Need to Know collection,https://www.youtube.com/playlist?list=PLXdU8QbJkboeMcvUNyGpb9h6FUS9cVBti,https://youtube.com/playlist?list=PLXdU8QbJkboeMcvUNyGpb9h6FUS9cVBti,24259ff69bbafb114bed,YouTube,playlist,video,True,legacy_unspecified,approved,,False,False,network_check_pending,2026-07-28T00:00:00Z,23.5C.1-1.0.0,dup-00131,duplicate,media-audit-2f8b58b8f840eac6
inv-00388,need-to-know-podcast,Need to Know,2023-need-to-know-episode-27,podcast_episode,27,Need to Know Episode #27 — The Report Is Out!,2023-01-13,referenceSources,0,Official Need to Know Episode 27 video — The Report Is Out!,https://www.youtube.com/watch?v=ZGiQrsyF1U8,https://youtube.com/watch?v=ZGiQrsyF1U8,fe93852ec123268a42c2,YouTube,episode,video,False,legacy_unspecified,approved,,False,False,network_check_pending,2026-07-28T00:00:00Z,23.5C.1-1.0.0,dup-00132,duplicate,media-audit-acd340976d6847fa
inv-00389,need-to-know-podcast,Need to Know,2023-need-to-know-episode-27,podcast_episode,27,Need to Know Episode #27 — The Report Is Out!,2023-01-13,referenceSources,1,Need to Know official YouTube collection,https://www.youtube.com/playlist?list=PLXdU8QbJkboeMcvUNyGpb9h6FUS9cVBti,https://youtube.com/playlist?list=PLXdU8QbJkboeMcvUNyGpb9h6FUS9cVBti,24259ff69bbafb114bed,YouTube,playlist,video,False,legacy_unspecified,approved,,False,False,network_check_pending,2026-07-28T00:00:00Z,23.5C.1-1.0.0,dup-00131,duplicate,media-audit-2f8b58b8f840eac6
inv-00390,need-to-know-podcast,Need to Know,2023-need-to-know-episode-28,podcast_episode,28,Need to Know Episode #28 — Chinese Balloon Misdirect,2023-02-10,officialMedia,0,Watch on YouTube,https://www.youtube.com/watch?v=Ys47XIOD8h8,https://youtube.com/watch?v=Ys47XIOD8h8,7f93b79265ae17fbf93e,YouTube,episode,video,True,verified,approved,2,False,False,network_check_pending,2026-07-28T00:00:00Z,23.5C.1-1.0.0,dup-00134,authoritative,media-audit-ced2557311c35671
inv-00391,need-to-know-podcast,Need to Know,2023-need-to-know-episode-28,podcast_episode,28,Need to Know Episode #28 — Chinese Balloon Misdirect,2023-02-10,officialMedia,1,Browse Official YouTube Playlist,https://www.youtube.com/playlist?list=PLXdU8QbJkboeMcvUNyGpb9h6FUS9cVBti,https://youtube.com/playlist?list=PLXdU8QbJkboeMcvUNyGpb9h6FUS9cVBti,24259ff69bbafb114bed,YouTube,playlist,video,True,verified,approved,6,False,False,network_check_pending,2026-07-28T00:00:00Z,23.5C.1-1.0.0,dup-00133,authoritative,media-audit-7b473058d1bdef05
inv-00392,need-to-know-podcast,Need to Know,2023-need-to-know-episode-28,podcast_episode,28,Need to Know Episode #28 — Chinese Balloon Misdirect,2023-02-10,mediaLinks,0,Watch Need to Know Episode #28 on YouTube,https://www.youtube.com/watch?v=Ys47XIOD8h8,https://youtube.com/watch?v=Ys47XIOD8h8,7f93b79265ae17fbf93e,YouTube,episode,video,True,legacy_unspecified,approved,,False,False,network_check_pending,2026-07-28T00:00:00Z,23.5C.1-1.0.0,dup-00134,duplicate,media-audit-ced2557311c35671
inv-00393,need-to-know-podcast,Need to Know,2023-need-to-know-episode-28,podcast_episode,28,Need to Know Episode #28 — Chinese Balloon Misdirect,2023-02-10,mediaLinks,1,Watch the official Need to Know collection,https://www.youtube.com/playlist?list=PLXdU8QbJkboeMcvUNyGpb9h6FUS9cVBti,https://youtube.com/playlist?list=PLXdU8QbJkboeMcvUNyGpb9h6FUS9cVBti,24259ff69bbafb114bed,YouTube,playlist,video,True,legacy_unspecified,approved,,False,False,network_check_pending,2026-07-28T00:00:00Z,23.5C.1-1.0.0,dup-00133,duplicate,media-audit-7b473058d1bdef05
inv-00394,need-to-know-podcast,Need to Know,2023-need-to-know-episode-28,podcast_episode,28,Need to Know Episode #28 — Chinese Balloon Misdirect,2023-02-10,referenceSources,0,Official Need to Know Episode 28 video — Chinese Balloon Misdirect,https://www.youtube.com/watch?v=Ys47XIOD8h8,https://youtube.com/watch?v=Ys47XIOD8h8,7f93b79265ae17fbf93e,YouTube,episode,video,False,legacy_unspecified,approved,,False,False,network_check_pending,2026-07-28T00:00:00Z,23.5C.1-1.0.0,dup-00134,duplicate,media-audit-ced2557311c35671
inv-00395,need-to-know-podcast,Need to Know,2023-need-to-know-episode-28,podcast_episode,28,Need to Know Episode #28 — Chinese Balloon Misdirect,2023-02-10,referenceSources,1,Need to Know official YouTube collection,https://www.youtube.com/playlist?list=PLXdU8QbJkboeMcvUNyGpb9h6FUS9cVBti,https://youtube.com/playlist?list=PLXdU8QbJkboeMcvUNyGpb9h6FUS9cVBti,24259ff69bbafb114bed,YouTube,playlist,video,False,legacy_unspecified,approved,,False,False,network_check_pending,2026-07-28T00:00:00Z,23.5C.1-1.0.0,dup-00133,duplicate,media-audit-7b473058d1bdef05
inv-00396,need-to-know-podcast,Need to Know,2023-need-to-know-episode-29,podcast_episode,29,Need to Know Episode #29 — 99 Chinese Balloons?,2023-02-16,officialMedia,0,Watch on YouTube,https://www.youtube.com/watch?v=g2TI1D1h3AQ,https://youtube.com/watch?v=g2TI1D1h3AQ,53ff6b84e018766fdf3b,YouTube,episode,video,True,verified,approved,2,False,False,network_check_pending,2026-07-28T00:00:00Z,23.5C.1-1.0.0,dup-00136,authoritative,media-audit-08e00f2ffada8655
inv-00397,need-to-know-podcast,Need to Know,2023-need-to-know-episode-29,podcast_episode,29,Need to Know Episode #29 — 99 Chinese Balloons?,2023-02-16,officialMedia,1,Browse Official YouTube Playlist,https://www.youtube.com/playlist?list=PLXdU8QbJkboeMcvUNyGpb9h6FUS9cVBti,https://youtube.com/playlist?list=PLXdU8QbJkboeMcvUNyGpb9h6FUS9cVBti,24259ff69bbafb114bed,YouTube,playlist,video,True,verified,approved,6,False,False,network_check_pending,2026-07-28T00:00:00Z,23.5C.1-1.0.0,dup-00135,authoritative,media-audit-3f9a7c5034c43b61
inv-00398,need-to-know-podcast,Need to Know,2023-need-to-know-episode-29,podcast_episode,29,Need to Know Episode #29 — 99 Chinese Balloons?,2023-02-16,mediaLinks,0,Watch Need to Know Episode #29 on YouTube,https://www.youtube.com/watch?v=g2TI1D1h3AQ,https://youtube.com/watch?v=g2TI1D1h3AQ,53ff6b84e018766fdf3b,YouTube,episode,video,True,legacy_unspecified,approved,,False,False,network_check_pending,2026-07-28T00:00:00Z,23.5C.1-1.0.0,dup-00136,duplicate,media-audit-08e00f2ffada8655
inv-00399,need-to-know-podcast,Need to Know,2023-need-to-know-episode-29,podcast_episode,29,Need to Know Episode #29 — 99 Chinese Balloons?,2023-02-16,mediaLinks,1,Watch the official Need to Know collection,https://www.youtube.com/playlist?list=PLXdU8QbJkboeMcvUNyGpb9h6FUS9cVBti,https://youtube.com/playlist?list=PLXdU8QbJkboeMcvUNyGpb9h6FUS9cVBti,24259ff69bbafb114bed,YouTube,playlist,video,True,legacy_unspecified,approved,,False,False,network_check_pending,2026-07-28T00:00:00Z,23.5C.1-1.0.0,dup-00135,duplicate,media-audit-3f9a7c5034c43b61
inv-00400,need-to-know-podcast,Need to Know,2023-need-to-know-episode-29,podcast_episode,29,Need to Know Episode #29 — 99 Chinese Balloons?,2023-02-16,referenceSources,0,Official Need to Know Episode 29 video — 99 Chinese Balloons?,https://www.youtube.com/watch?v=g2TI1D1h3AQ,https://youtube.com/watch?v=g2TI1D1h3AQ,53ff6b84e018766fdf3b,YouTube,episode,video,False,legacy_unspecified,approved,,False,False,network_check_pending,2026-07-28T00:00:00Z,23.5C.1-1.0.0,dup-00136,duplicate,media-audit-08e00f2ffada8655
inv-00401,need-to-know-podcast,Need to Know,2023-need-to-know-episode-29,podcast_episode,29,Need to Know Episode #29 — 99 Chinese Balloons?,2023-02-16,referenceSources,1,Need to Know official YouTube collection,https://www.youtube.com/playlist?list=PLXdU8QbJkboeMcvUNyGpb9h6FUS9cVBti,https://youtube.com/playlist?list=PLXdU8QbJkboeMcvUNyGpb9h6FUS9cVBti,24259ff69bbafb114bed,YouTube,playlist,video,False,legacy_unspecified,approved,,False,False,network_check_pending,2026-07-28T00:00:00Z,23.5C.1-1.0.0,dup-00135,duplicate,media-audit-3f9a7c5034c43b61
inv-00402,need-to-know-podcast,Need to Know,2023-need-to-know-episode-30,podcast_episode,30,Need to Know Episode #30 — UAP: The Ides of March,2023-03-16,officialMedia,0,Watch on YouTube,https://www.youtube.com/watch?v=1fmJ9lR28ks,https://youtube.com/watch?v=1fmJ9lR28ks,e050a31486957d213492,YouTube,episode,video,True,verified,approved,2,False,False,network_check_pending,2026-07-28T00:00:00Z,23.5C.1-1.0.0,dup-00138,authoritative,media-audit-fbb79038de8b92f8
inv-00403,need-to-know-podcast,Need to Know,2023-need-to-know-episode-30,podcast_episode,30,Need to Know Episode #30 — UAP: The Ides of March,2023-03-16,officialMedia,1,Browse Official YouTube Playlist,https://www.youtube.com/playlist?list=PLXdU8QbJkboeMcvUNyGpb9h6FUS9cVBti,https://youtube.com/playlist?list=PLXdU8QbJkboeMcvUNyGpb9h6FUS9cVBti,24259ff69bbafb114bed,YouTube,playlist,video,True,verified,approved,6,False,False,network_check_pending,2026-07-28T00:00:00Z,23.5C.1-1.0.0,dup-00137,authoritative,media-audit-d56262be54f6587a
inv-00404,need-to-know-podcast,Need to Know,2023-need-to-know-episode-30,podcast_episode,30,Need to Know Episode #30 — UAP: The Ides of March,2023-03-16,mediaLinks,0,Watch Need to Know Episode #30 on YouTube,https://www.youtube.com/watch?v=1fmJ9lR28ks,https://youtube.com/watch?v=1fmJ9lR28ks,e050a31486957d213492,YouTube,episode,video,True,legacy_unspecified,approved,,False,False,network_check_pending,2026-07-28T00:00:00Z,23.5C.1-1.0.0,dup-00138,duplicate,media-audit-fbb79038de8b92f8
inv-00405,need-to-know-podcast,Need to Know,2023-need-to-know-episode-30,podcast_episode,30,Need to Know Episode #30 — UAP: The Ides of March,2023-03-16,mediaLinks,1,Watch the official Need to Know collection,https://www.youtube.com/playlist?list=PLXdU8QbJkboeMcvUNyGpb9h6FUS9cVBti,https://youtube.com/playlist?list=PLXdU8QbJkboeMcvUNyGpb9h6FUS9cVBti,24259ff69bbafb114bed,YouTube,playlist,video,True,legacy_unspecified,approved,,False,False,network_check_pending,2026-07-28T00:00:00Z,23.5C.1-1.0.0,dup-00137,duplicate,media-audit-d56262be54f6587a
inv-00406,need-to-know-podcast,Need to Know,2023-need-to-know-episode-30,podcast_episode,30,Need to Know Episode #30 — UAP: The Ides of March,2023-03-16,referenceSources,0,Official Need to Know Episode 30 video — UAP: The Ides of March,https://www.youtube.com/watch?v=1fmJ9lR28ks,https://youtube.com/watch?v=1fmJ9lR28ks,e050a31486957d213492,YouTube,episode,video,False,legacy_unspecified,approved,,False,False,network_check_pending,2026-07-28T00:00:00Z,23.5C.1-1.0.0,dup-00138,duplicate,media-audit-fbb79038de8b92f8
inv-00407,need-to-know-podcast,Need to Know,2023-need-to-know-episode-30,podcast_episode,30,Need to Know Episode #30 — UAP: The Ides of March,2023-03-16,referenceSources,1,Need to Know official YouTube collection,https://www.youtube.com/playlist?list=PLXdU8QbJkboeMcvUNyGpb9h6FUS9cVBti,https://youtube.com/playlist?list=PLXdU8QbJkboeMcvUNyGpb9h6FUS9cVBti,24259ff69bbafb114bed,YouTube,playlist,video,False,legacy_unspecified,approved,,False,False,network_check_pending,2026-07-28T00:00:00Z,23.5C.1-1.0.0,dup-00137,duplicate,media-audit-d56262be54f6587a
inv-00408,need-to-know-podcast,Need to Know,2023-need-to-know-episode-31,podcast_episode,31,Need to Know Episode #31 — Would You Like Some Danish with Your UFO?,2023-04-02,officialMedia,0,Watch on YouTube,https://www.youtube.com/watch?v=5VwDo_m5Yok,https://youtube.com/watch?v=5VwDo_m5Yok,ee257ae6b19cb2294c00,YouTube,episode,video,True,verified,approved,2,False,False,network_check_pending,2026-07-28T00:00:00Z,23.5C.1-1.0.0,dup-00140,authoritative,media-audit-f9e142bfdfd47b0e
inv-00409,need-to-know-podcast,Need to Know,2023-need-to-know-episode-31,podcast_episode,31,Need to Know Episode #31 — Would You Like Some Danish with Your UFO?,2023-04-02,officialMedia,1,Browse Official YouTube Playlist,https://www.youtube.com/playlist?list=PLXdU8QbJkboeMcvUNyGpb9h6FUS9cVBti,https://youtube.com/playlist?list=PLXdU8QbJkboeMcvUNyGpb9h6FUS9cVBti,24259ff69bbafb114bed,YouTube,playlist,video,True,verified,approved,6,False,False,network_check_pending,2026-07-28T00:00:00Z,23.5C.1-1.0.0,dup-00139,authoritative,media-audit-c21693084ed3d538
inv-00410,need-to-know-podcast,Need to Know,2023-need-to-know-episode-31,podcast_episode,31,Need to Know Episode #31 — Would You Like Some Danish with Your UFO?,2023-04-02,mediaLinks,0,Watch Need to Know Episode #31 on YouTube,https://www.youtube.com/watch?v=5VwDo_m5Yok,https://youtube.com/watch?v=5VwDo_m5Yok,ee257ae6b19cb2294c00,YouTube,episode,video,True,legacy_unspecified,approved,,False,False,network_check_pending,2026-07-28T00:00:00Z,23.5C.1-1.0.0,dup-00140,duplicate,media-audit-f9e142bfdfd47b0e
inv-00411,need-to-know-podcast,Need to Know,2023-need-to-know-episode-31,podcast_episode,31,Need to Know Episode #31 — Would You Like Some Danish with Your UFO?,2023-04-02,mediaLinks,1,Watch the official Need to Know collection,https://www.youtube.com/playlist?list=PLXdU8QbJkboeMcvUNyGpb9h6FUS9cVBti,https://youtube.com/playlist?list=PLXdU8QbJkboeMcvUNyGpb9h6FUS9cVBti,24259ff69bbafb114bed,YouTube,playlist,video,True,legacy_unspecified,approved,,False,False,network_check_pending,2026-07-28T00:00:00Z,23.5C.1-1.0.0,dup-00139,duplicate,media-audit-c21693084ed3d538
inv-00412,need-to-know-podcast,Need to Know,2023-need-to-know-episode-31,podcast_episode,31,Need to Know Episode #31 — Would You Like Some Danish with Your UFO?,2023-04-02,referenceSources,0,Official Need to Know Episode 31 video — Would You Like Some Danish with Your UFO?,https://www.youtube.com/watch?v=5VwDo_m5Yok,https://youtube.com/watch?v=5VwDo_m5Yok,ee257ae6b19cb2294c00,YouTube,episode,video,False,legacy_unspecified,approved,,False,False,network_check_pending,2026-07-28T00:00:00Z,23.5C.1-1.0.0,dup-00140,duplicate,media-audit-f9e142bfdfd47b0e
inv-00413,need-to-know-podcast,Need to Know,2023-need-to-know-episode-31,podcast_episode,31,Need to Know Episode #31 — Would You Like Some Danish with Your UFO?,2023-04-02,referenceSources,1,Need to Know official YouTube collection,https://www.youtube.com/playlist?list=PLXdU8QbJkboeMcvUNyGpb9h6FUS9cVBti,https://youtube.com/playlist?list=PLXdU8QbJkboeMcvUNyGpb9h6FUS9cVBti,24259ff69bbafb114bed,YouTube,playlist,video,False,legacy_unspecified,approved,,False,False,network_check_pending,2026-07-28T00:00:00Z,23.5C.1-1.0.0,dup-00139,duplicate,media-audit-c21693084ed3d538
inv-00414,need-to-know-podcast,Need to Know,2023-need-to-know-episode-32,podcast_episode,32,Need to Know Episode #32 — UFO Hearing Preview,2023-04-15,officialMedia,0,Watch on YouTube,https://www.youtube.com/watch?v=_KAV-nKB-L4,https://youtube.com/watch?v=_KAV-nKB-L4,da2c3172466075fbe79c,YouTube,episode,video,True,verified,approved,2,False,False,network_check_pending,2026-07-28T00:00:00Z,23.5C.1-1.0.0,dup-00142,authoritative,media-audit-ed36cee251aba335
inv-00415,need-to-know-podcast,Need to Know,2023-need-to-know-episode-32,podcast_episode,32,Need to Know Episode #32 — UFO Hearing Preview,2023-04-15,officialMedia,1,Browse Official YouTube Playlist,https://www.youtube.com/playlist?list=PLXdU8QbJkboeMcvUNyGpb9h6FUS9cVBti,https://youtube.com/playlist?list=PLXdU8QbJkboeMcvUNyGpb9h6FUS9cVBti,24259ff69bbafb114bed,YouTube,playlist,video,True,verified,approved,6,False,False,network_check_pending,2026-07-28T00:00:00Z,23.5C.1-1.0.0,dup-00141,authoritative,media-audit-1ff3ea652cf56f96
inv-00416,need-to-know-podcast,Need to Know,2023-need-to-know-episode-32,podcast_episode,32,Need to Know Episode #32 — UFO Hearing Preview,2023-04-15,mediaLinks,0,Watch Need to Know Episode #32 on YouTube,https://www.youtube.com/watch?v=_KAV-nKB-L4,https://youtube.com/watch?v=_KAV-nKB-L4,da2c3172466075fbe79c,YouTube,episode,video,True,legacy_unspecified,approved,,False,False,network_check_pending,2026-07-28T00:00:00Z,23.5C.1-1.0.0,dup-00142,duplicate,media-audit-ed36cee251aba335
inv-00417,need-to-know-podcast,Need to Know,2023-need-to-know-episode-32,podcast_episode,32,Need to Know Episode #32 — UFO Hearing Preview,2023-04-15,mediaLinks,1,Watch the official Need to Know collection,https://www.youtube.com/playlist?list=PLXdU8QbJkboeMcvUNyGpb9h6FUS9cVBti,https://youtube.com/playlist?list=PLXdU8QbJkboeMcvUNyGpb9h6FUS9cVBti,24259ff69bbafb114bed,YouTube,playlist,video,True,legacy_unspecified,approved,,False,False,network_check_pending,2026-07-28T00:00:00Z,23.5C.1-1.0.0,dup-00141,duplicate,media-audit-1ff3ea652cf56f96
inv-00418,need-to-know-podcast,Need to Know,2023-need-to-know-episode-32,podcast_episode,32,Need to Know Episode #32 — UFO Hearing Preview,2023-04-15,referenceSources,0,Official Need to Know Episode 32 video — UFO Hearing Preview,https://www.youtube.com/watch?v=_KAV-nKB-L4,https://youtube.com/watch?v=_KAV-nKB-L4,da2c3172466075fbe79c,YouTube,episode,video,False,legacy_unspecified,approved,,False,False,network_check_pending,2026-07-28T00:00:00Z,23.5C.1-1.0.0,dup-00142,duplicate,media-audit-ed36cee251aba335
inv-00419,need-to-know-podcast,Need to Know,2023-need-to-know-episode-32,podcast_episode,32,Need to Know Episode #32 — UFO Hearing Preview,2023-04-15,referenceSources,1,Need to Know official YouTube collection,https://www.youtube.com/playlist?list=PLXdU8QbJkboeMcvUNyGpb9h6FUS9cVBti,https://youtube.com/playlist?list=PLXdU8QbJkboeMcvUNyGpb9h6FUS9cVBti,24259ff69bbafb114bed,YouTube,playlist,video,False,legacy_unspecified,approved,,False,False,network_check_pending,2026-07-28T00:00:00Z,23.5C.1-1.0.0,dup-00141,duplicate,media-audit-1ff3ea652cf56f96
inv-00420,need-to-know-podcast,Need to Know,2023-need-to-know-episode-33,podcast_episode,33,"Need to Know Episode #33 — UFO/UAP Hearings, Leaks & Briefings",2023-04-26,officialMedia,0,Watch on YouTube,https://www.youtube.com/watch?v=0ZOSixfpq1Y,https://youtube.com/watch?v=0ZOSixfpq1Y,3c388f68f1d5e7ac340a,YouTube,episode,video,True,verified,approved,2,False,False,network_check_pending,2026-07-28T00:00:00Z,23.5C.1-1.0.0,dup-00144,authoritative,media-audit-e20136bcf7ecdae6
inv-00421,need-to-know-podcast,Need to Know,2023-need-to-know-episode-33,podcast_episode,33,"Need to Know Episode #33 — UFO/UAP Hearings, Leaks & Briefings",2023-04-26,officialMedia,1,Browse Official YouTube Playlist,https://www.youtube.com/playlist?list=PLXdU8QbJkboeMcvUNyGpb9h6FUS9cVBti,https://youtube.com/playlist?list=PLXdU8QbJkboeMcvUNyGpb9h6FUS9cVBti,24259ff69bbafb114bed,YouTube,playlist,video,True,verified,approved,6,False,False,network_check_pending,2026-07-28T00:00:00Z,23.5C.1-1.0.0,dup-00143,authoritative,media-audit-2a92b22e743b9109
inv-00422,need-to-know-podcast,Need to Know,2023-need-to-know-episode-33,podcast_episode,33,"Need to Know Episode #33 — UFO/UAP Hearings, Leaks & Briefings",2023-04-26,mediaLinks,0,Watch Need to Know Episode #33 on YouTube,https://www.youtube.com/watch?v=0ZOSixfpq1Y,https://youtube.com/watch?v=0ZOSixfpq1Y,3c388f68f1d5e7ac340a,YouTube,episode,video,True,legacy_unspecified,approved,,False,False,network_check_pending,2026-07-28T00:00:00Z,23.5C.1-1.0.0,dup-00144,duplicate,media-audit-e20136bcf7ecdae6
inv-00423,need-to-know-podcast,Need to Know,2023-need-to-know-episode-33,podcast_episode,33,"Need to Know Episode #33 — UFO/UAP Hearings, Leaks & Briefings",2023-04-26,mediaLinks,1,Watch the official Need to Know collection,https://www.youtube.com/playlist?list=PLXdU8QbJkboeMcvUNyGpb9h6FUS9cVBti,https://youtube.com/playlist?list=PLXdU8QbJkboeMcvUNyGpb9h6FUS9cVBti,24259ff69bbafb114bed,YouTube,playlist,video,True,legacy_unspecified,approved,,False,False,network_check_pending,2026-07-28T00:00:00Z,23.5C.1-1.0.0,dup-00143,duplicate,media-audit-2a92b22e743b9109
inv-00424,need-to-know-podcast,Need to Know,2023-need-to-know-episode-33,podcast_episode,33,"Need to Know Episode #33 — UFO/UAP Hearings, Leaks & Briefings",2023-04-26,referenceSources,0,"Official Need to Know Episode 33 video — UFO/UAP Hearings, Leaks & Briefings",https://www.youtube.com/watch?v=0ZOSixfpq1Y,https://youtube.com/watch?v=0ZOSixfpq1Y,3c388f68f1d5e7ac340a,YouTube,episode,video,False,legacy_unspecified,approved,,False,False,network_check_pending,2026-07-28T00:00:00Z,23.5C.1-1.0.0,dup-00144,duplicate,media-audit-e20136bcf7ecdae6
inv-00425,need-to-know-podcast,Need to Know,2023-need-to-know-episode-33,podcast_episode,33,"Need to Know Episode #33 — UFO/UAP Hearings, Leaks & Briefings",2023-04-26,referenceSources,1,Need to Know official YouTube collection,https://www.youtube.com/playlist?list=PLXdU8QbJkboeMcvUNyGpb9h6FUS9cVBti,https://youtube.com/playlist?list=PLXdU8QbJkboeMcvUNyGpb9h6FUS9cVBti,24259ff69bbafb114bed,YouTube,playlist,video,False,legacy_unspecified,approved,,False,False,network_check_pending,2026-07-28T00:00:00Z,23.5C.1-1.0.0,dup-00143,duplicate,media-audit-2a92b22e743b9109
inv-00426,need-to-know-podcast,Need to Know,2023-need-to-know-episode-34,podcast_episode,34,Need to Know Episode #34 — (20) 23 & Me,2023-05-25,officialMedia,0,Watch on YouTube,https://www.youtube.com/watch?v=pFHHxzoIuy8,https://youtube.com/watch?v=pFHHxzoIuy8,b441d740491d32642756,YouTube,episode,video,True,verified,approved,2,False,False,network_check_pending,2026-07-28T00:00:00Z,23.5C.1-1.0.0,dup-00146,authoritative,media-audit-407417ecdaf3d405
inv-00427,need-to-know-podcast,Need to Know,2023-need-to-know-episode-34,podcast_episode,34,Need to Know Episode #34 — (20) 23 & Me,2023-05-25,officialMedia,1,Browse Official YouTube Playlist,https://www.youtube.com/playlist?list=PLXdU8QbJkboeMcvUNyGpb9h6FUS9cVBti,https://youtube.com/playlist?list=PLXdU8QbJkboeMcvUNyGpb9h6FUS9cVBti,24259ff69bbafb114bed,YouTube,playlist,video,True,verified,approved,6,False,False,network_check_pending,2026-07-28T00:00:00Z,23.5C.1-1.0.0,dup-00145,authoritative,media-audit-d7688f3787d98bfa
inv-00428,need-to-know-podcast,Need to Know,2023-need-to-know-episode-34,podcast_episode,34,Need to Know Episode #34 — (20) 23 & Me,2023-05-25,mediaLinks,0,Watch Need to Know Episode #34 on YouTube,https://www.youtube.com/watch?v=pFHHxzoIuy8,https://youtube.com/watch?v=pFHHxzoIuy8,b441d740491d32642756,YouTube,episode,video,True,legacy_unspecified,approved,,False,False,network_check_pending,2026-07-28T00:00:00Z,23.5C.1-1.0.0,dup-00146,duplicate,media-audit-407417ecdaf3d405
inv-00429,need-to-know-podcast,Need to Know,2023-need-to-know-episode-34,podcast_episode,34,Need to Know Episode #34 — (20) 23 & Me,2023-05-25,mediaLinks,1,Watch the official Need to Know collection,https://www.youtube.com/playlist?list=PLXdU8QbJkboeMcvUNyGpb9h6FUS9cVBti,https://youtube.com/playlist?list=PLXdU8QbJkboeMcvUNyGpb9h6FUS9cVBti,24259ff69bbafb114bed,YouTube,playlist,video,True,legacy_unspecified,approved,,False,False,network_check_pending,2026-07-28T00:00:00Z,23.5C.1-1.0.0,dup-00145,duplicate,media-audit-d7688f3787d98bfa
inv-00430,need-to-know-podcast,Need to Know,2023-need-to-know-episode-34,podcast_episode,34,Need to Know Episode #34 — (20) 23 & Me,2023-05-25,referenceSources,0,Official Need to Know Episode 34 video — (20) 23 & Me,https://www.youtube.com/watch?v=pFHHxzoIuy8,https://youtube.com/watch?v=pFHHxzoIuy8,b441d740491d32642756,YouTube,episode,video,False,legacy_unspecified,approved,,False,False,network_check_pending,2026-07-28T00:00:00Z,23.5C.1-1.0.0,dup-00146,duplicate,media-audit-407417ecdaf3d405
inv-00431,need-to-know-podcast,Need to Know,2023-need-to-know-episode-34,podcast_episode,34,Need to Know Episode #34 — (20) 23 & Me,2023-05-25,referenceSources,1,Need to Know official YouTube collection,https://www.youtube.com/playlist?list=PLXdU8QbJkboeMcvUNyGpb9h6FUS9cVBti,https://youtube.com/playlist?list=PLXdU8QbJkboeMcvUNyGpb9h6FUS9cVBti,24259ff69bbafb114bed,YouTube,playlist,video,False,legacy_unspecified,approved,,False,False,network_check_pending,2026-07-28T00:00:00Z,23.5C.1-1.0.0,dup-00145,duplicate,media-audit-d7688f3787d98bfa
inv-00432,need-to-know-podcast,Need to Know,2023-need-to-know-episode-35,podcast_episode,35,Need to Know Episode #35 — The Tipping Point Is Here,2023-06-05,officialMedia,0,Watch on YouTube,https://www.youtube.com/watch?v=rQjbFZT9_EM,https://youtube.com/watch?v=rQjbFZT9_EM,cef4e07f9b21c902b9c1,YouTube,episode,video,True,verified,approved,2,False,False,network_check_pending,2026-07-28T00:00:00Z,23.5C.1-1.0.0,dup-00148,authoritative,media-audit-78dbd2ecd5c6cf11
inv-00433,need-to-know-podcast,Need to Know,2023-need-to-know-episode-35,podcast_episode,35,Need to Know Episode #35 — The Tipping Point Is Here,2023-06-05,officialMedia,1,Browse Official YouTube Playlist,https://www.youtube.com/playlist?list=PLXdU8QbJkboeMcvUNyGpb9h6FUS9cVBti,https://youtube.com/playlist?list=PLXdU8QbJkboeMcvUNyGpb9h6FUS9cVBti,24259ff69bbafb114bed,YouTube,playlist,video,True,verified,approved,6,False,False,network_check_pending,2026-07-28T00:00:00Z,23.5C.1-1.0.0,dup-00147,authoritative,media-audit-fb1df2e410fe136a
inv-00434,need-to-know-podcast,Need to Know,2023-need-to-know-episode-35,podcast_episode,35,Need to Know Episode #35 — The Tipping Point Is Here,2023-06-05,mediaLinks,0,Watch Need to Know Episode #35 on YouTube,https://www.youtube.com/watch?v=rQjbFZT9_EM,https://youtube.com/watch?v=rQjbFZT9_EM,cef4e07f9b21c902b9c1,YouTube,episode,video,True,legacy_unspecified,approved,,False,False,network_check_pending,2026-07-28T00:00:00Z,23.5C.1-1.0.0,dup-00148,duplicate,media-audit-78dbd2ecd5c6cf11
inv-00435,need-to-know-podcast,Need to Know,2023-need-to-know-episode-35,podcast_episode,35,Need to Know Episode #35 — The Tipping Point Is Here,2023-06-05,mediaLinks,1,Watch the official Need to Know collection,https://www.youtube.com/playlist?list=PLXdU8QbJkboeMcvUNyGpb9h6FUS9cVBti,https://youtube.com/playlist?list=PLXdU8QbJkboeMcvUNyGpb9h6FUS9cVBti,24259ff69bbafb114bed,YouTube,playlist,video,True,legacy_unspecified,approved,,False,False,network_check_pending,2026-07-28T00:00:00Z,23.5C.1-1.0.0,dup-00147,duplicate,media-audit-fb1df2e410fe136a
inv-00436,need-to-know-podcast,Need to Know,2023-need-to-know-episode-35,podcast_episode,35,Need to Know Episode #35 — The Tipping Point Is Here,2023-06-05,referenceSources,0,Official Need to Know Episode 35 video — The Tipping Point Is Here,https://www.youtube.com/watch?v=rQjbFZT9_EM,https://youtube.com/watch?v=rQjbFZT9_EM,cef4e07f9b21c902b9c1,YouTube,episode,video,False,legacy_unspecified,approved,,False,False,network_check_pending,2026-07-28T00:00:00Z,23.5C.1-1.0.0,dup-00148,duplicate,media-audit-78dbd2ecd5c6cf11
inv-00437,need-to-know-podcast,Need to Know,2023-need-to-know-episode-35,podcast_episode,35,Need to Know Episode #35 — The Tipping Point Is Here,2023-06-05,referenceSources,1,Need to Know official YouTube collection,https://www.youtube.com/playlist?list=PLXdU8QbJkboeMcvUNyGpb9h6FUS9cVBti,https://youtube.com/playlist?list=PLXdU8QbJkboeMcvUNyGpb9h6FUS9cVBti,24259ff69bbafb114bed,YouTube,playlist,video,False,legacy_unspecified,approved,,False,False,network_check_pending,2026-07-28T00:00:00Z,23.5C.1-1.0.0,dup-00147,duplicate,media-audit-fb1df2e410fe136a
inv-00438,need-to-know-podcast,Need to Know,2023-need-to-know-episode-36,podcast_episode,36,Need to Know Episode #36 — Whistleblower Dave Grusch (with NewsNation Promo Clips),2023-06-07,officialMedia,0,Watch on YouTube,https://www.youtube.com/watch?v=-PwZsQidbqE,https://youtube.com/watch?v=-PwZsQidbqE,efb5ca696b0dc80809e4,YouTube,episode,video,True,verified,approved,2,False,False,network_check_pending,2026-07-28T00:00:00Z,23.5C.1-1.0.0,dup-00150,authoritative,media-audit-b9381d08e9296590
inv-00439,need-to-know-podcast,Need to Know,2023-need-to-know-episode-36,podcast_episode,36,Need to Know Episode #36 — Whistleblower Dave Grusch (with NewsNation Promo Clips),2023-06-07,officialMedia,1,Browse Official YouTube Playlist,https://www.youtube.com/playlist?list=PLXdU8QbJkboeMcvUNyGpb9h6FUS9cVBti,https://youtube.com/playlist?list=PLXdU8QbJkboeMcvUNyGpb9h6FUS9cVBti,24259ff69bbafb114bed,YouTube,playlist,video,True,verified,approved,6,False,False,network_check_pending,2026-07-28T00:00:00Z,23.5C.1-1.0.0,dup-00149,authoritative,media-audit-397418346dea606c
inv-00440,need-to-know-podcast,Need to Know,2023-need-to-know-episode-36,podcast_episode,36,Need to Know Episode #36 — Whistleblower Dave Grusch (with NewsNation Promo Clips),2023-06-07,mediaLinks,0,Watch Need to Know Episode #36 on YouTube,https://www.youtube.com/watch?v=-PwZsQidbqE,https://youtube.com/watch?v=-PwZsQidbqE,efb5ca696b0dc80809e4,YouTube,episode,video,True,legacy_unspecified,approved,,False,False,network_check_pending,2026-07-28T00:00:00Z,23.5C.1-1.0.0,dup-00150,duplicate,media-audit-b9381d08e9296590
inv-00441,need-to-know-podcast,Need to Know,2023-need-to-know-episode-36,podcast_episode,36,Need to Know Episode #36 — Whistleblower Dave Grusch (with NewsNation Promo Clips),2023-06-07,mediaLinks,1,Watch the official Need to Know collection,https://www.youtube.com/playlist?list=PLXdU8QbJkboeMcvUNyGpb9h6FUS9cVBti,https://youtube.com/playlist?list=PLXdU8QbJkboeMcvUNyGpb9h6FUS9cVBti,24259ff69bbafb114bed,YouTube,playlist,video,True,legacy_unspecified,approved,,False,False,network_check_pending,2026-07-28T00:00:00Z,23.5C.1-1.0.0,dup-00149,duplicate,media-audit-397418346dea606c
inv-00442,need-to-know-podcast,Need to Know,2023-need-to-know-episode-36,podcast_episode,36,Need to Know Episode #36 — Whistleblower Dave Grusch (with NewsNation Promo Clips),2023-06-07,referenceSources,0,Official Need to Know Episode 36 video — Whistleblower Dave Grusch (with NewsNation Promo Clips),https://www.youtube.com/watch?v=-PwZsQidbqE,https://youtube.com/watch?v=-PwZsQidbqE,efb5ca696b0dc80809e4,YouTube,episode,video,False,legacy_unspecified,approved,,False,False,network_check_pending,2026-07-28T00:00:00Z,23.5C.1-1.0.0,dup-00150,duplicate,media-audit-b9381d08e9296590
inv-00443,need-to-know-podcast,Need to Know,2023-need-to-know-episode-36,podcast_episode,36,Need to Know Episode #36 — Whistleblower Dave Grusch (with NewsNation Promo Clips),2023-06-07,referenceSources,1,Need to Know official YouTube collection,https://www.youtube.com/playlist?list=PLXdU8QbJkboeMcvUNyGpb9h6FUS9cVBti,https://youtube.com/playlist?list=PLXdU8QbJkboeMcvUNyGpb9h6FUS9cVBti,24259ff69bbafb114bed,YouTube,playlist,video,False,legacy_unspecified,approved,,False,False,network_check_pending,2026-07-28T00:00:00Z,23.5C.1-1.0.0,dup-00149,duplicate,media-audit-397418346dea606c
inv-00444,need-to-know-podcast,Need to Know,2023-need-to-know-episode-37,podcast_episode,37,Need to Know Episode #37 — NewsNation's Whistleblower Special,2023-06-12,officialMedia,0,Watch on YouTube,https://www.youtube.com/watch?v=5-As3SXPeJg,https://youtube.com/watch?v=5-As3SXPeJg,8fd7c347bf83df0e1de6,YouTube,episode,video,True,verified,approved,2,False,False,network_check_pending,2026-07-28T00:00:00Z,23.5C.1-1.0.0,dup-00152,authoritative,media-audit-9351546928d8a0f8
inv-00445,need-to-know-podcast,Need to Know,2023-need-to-know-episode-37,podcast_episode,37,Need to Know Episode #37 — NewsNation's Whistleblower Special,2023-06-12,officialMedia,1,Browse Official YouTube Playlist,https://www.youtube.com/playlist?list=PLXdU8QbJkboeMcvUNyGpb9h6FUS9cVBti,https://youtube.com/playlist?list=PLXdU8QbJkboeMcvUNyGpb9h6FUS9cVBti,24259ff69bbafb114bed,YouTube,playlist,video,True,verified,approved,6,False,False,network_check_pending,2026-07-28T00:00:00Z,23.5C.1-1.0.0,dup-00151,authoritative,media-audit-965dc1ec496e86d9
inv-00446,need-to-know-podcast,Need to Know,2023-need-to-know-episode-37,podcast_episode,37,Need to Know Episode #37 — NewsNation's Whistleblower Special,2023-06-12,mediaLinks,0,Watch Need to Know Episode #37 on YouTube,https://www.youtube.com/watch?v=5-As3SXPeJg,https://youtube.com/watch?v=5-As3SXPeJg,8fd7c347bf83df0e1de6,YouTube,episode,video,True,legacy_unspecified,approved,,False,False,network_check_pending,2026-07-28T00:00:00Z,23.5C.1-1.0.0,dup-00152,duplicate,media-audit-9351546928d8a0f8
inv-00447,need-to-know-podcast,Need to Know,2023-need-to-know-episode-37,podcast_episode,37,Need to Know Episode #37 — NewsNation's Whistleblower Special,2023-06-12,mediaLinks,1,Watch the official Need to Know collection,https://www.youtube.com/playlist?list=PLXdU8QbJkboeMcvUNyGpb9h6FUS9cVBti,https://youtube.com/playlist?list=PLXdU8QbJkboeMcvUNyGpb9h6FUS9cVBti,24259ff69bbafb114bed,YouTube,playlist,video,True,legacy_unspecified,approved,,False,False,network_check_pending,2026-07-28T00:00:00Z,23.5C.1-1.0.0,dup-00151,duplicate,media-audit-965dc1ec496e86d9
inv-00448,need-to-know-podcast,Need to Know,2023-need-to-know-episode-37,podcast_episode,37,Need to Know Episode #37 — NewsNation's Whistleblower Special,2023-06-12,referenceSources,0,Official Need to Know Episode 37 video — NewsNation's Whistleblower Special,https://www.youtube.com/watch?v=5-As3SXPeJg,https://youtube.com/watch?v=5-As3SXPeJg,8fd7c347bf83df0e1de6,YouTube,episode,video,False,legacy_unspecified,approved,,False,False,network_check_pending,2026-07-28T00:00:00Z,23.5C.1-1.0.0,dup-00152,duplicate,media-audit-9351546928d8a0f8
inv-00449,need-to-know-podcast,Need to Know,2023-need-to-know-episode-37,podcast_episode,37,Need to Know Episode #37 — NewsNation's Whistleblower Special,2023-06-12,referenceSources,1,Need to Know official YouTube collection,https://www.youtube.com/playlist?list=PLXdU8QbJkboeMcvUNyGpb9h6FUS9cVBti,https://youtube.com/playlist?list=PLXdU8QbJkboeMcvUNyGpb9h6FUS9cVBti,24259ff69bbafb114bed,YouTube,playlist,video,False,legacy_unspecified,approved,,False,False,network_check_pending,2026-07-28T00:00:00Z,23.5C.1-1.0.0,dup-00151,duplicate,media-audit-965dc1ec496e86d9
inv-00450,need-to-know-podcast,Need to Know,2023-need-to-know-episode-38,podcast_episode,38,Need to Know Episode #38 — David Grusch: He's Still Here,2023-06-24,officialMedia,0,Watch on YouTube,https://www.youtube.com/watch?v=AVjzYwQDzeg,https://youtube.com/watch?v=AVjzYwQDzeg,fbfc6c36277333dd25c8,YouTube,episode,video,True,verified,approved,2,False,False,network_check_pending,2026-07-28T00:00:00Z,23.5C.1-1.0.0,dup-00154,authoritative,media-audit-f5d737d12f8f50e0
inv-00451,need-to-know-podcast,Need to Know,2023-need-to-know-episode-38,podcast_episode,38,Need to Know Episode #38 — David Grusch: He's Still Here,2023-06-24,officialMedia,1,Browse Official YouTube Playlist,https://www.youtube.com/playlist?list=PLXdU8QbJkboeMcvUNyGpb9h6FUS9cVBti,https://youtube.com/playlist?list=PLXdU8QbJkboeMcvUNyGpb9h6FUS9cVBti,24259ff69bbafb114bed,YouTube,playlist,video,True,verified,approved,6,False,False,network_check_pending,2026-07-28T00:00:00Z,23.5C.1-1.0.0,dup-00153,authoritative,media-audit-5b20d5f4e7fb3c0c
inv-00452,need-to-know-podcast,Need to Know,2023-need-to-know-episode-38,podcast_episode,38,Need to Know Episode #38 — David Grusch: He's Still Here,2023-06-24,mediaLinks,0,Watch Need to Know Episode #38 on YouTube,https://www.youtube.com/watch?v=AVjzYwQDzeg,https://youtube.com/watch?v=AVjzYwQDzeg,fbfc6c36277333dd25c8,YouTube,episode,video,True,legacy_unspecified,approved,,False,False,network_check_pending,2026-07-28T00:00:00Z,23.5C.1-1.0.0,dup-00154,duplicate,media-audit-f5d737d12f8f50e0
inv-00453,need-to-know-podcast,Need to Know,2023-need-to-know-episode-38,podcast_episode,38,Need to Know Episode #38 — David Grusch: He's Still Here,2023-06-24,mediaLinks,1,Watch the official Need to Know collection,https://www.youtube.com/playlist?list=PLXdU8QbJkboeMcvUNyGpb9h6FUS9cVBti,https://youtube.com/playlist?list=PLXdU8QbJkboeMcvUNyGpb9h6FUS9cVBti,24259ff69bbafb114bed,YouTube,playlist,video,True,legacy_unspecified,approved,,False,False,network_check_pending,2026-07-28T00:00:00Z,23.5C.1-1.0.0,dup-00153,duplicate,media-audit-5b20d5f4e7fb3c0c
inv-00454,need-to-know-podcast,Need to Know,2023-need-to-know-episode-38,podcast_episode,38,Need to Know Episode #38 — David Grusch: He's Still Here,2023-06-24,referenceSources,0,Official Need to Know Episode 38 video — David Grusch: He's Still Here,https://www.youtube.com/watch?v=AVjzYwQDzeg,https://youtube.com/watch?v=AVjzYwQDzeg,fbfc6c36277333dd25c8,YouTube,episode,video,False,legacy_unspecified,approved,,False,False,network_check_pending,2026-07-28T00:00:00Z,23.5C.1-1.0.0,dup-00154,duplicate,media-audit-f5d737d12f8f50e0
inv-00455,need-to-know-podcast,Need to Know,2023-need-to-know-episode-38,podcast_episode,38,Need to Know Episode #38 — David Grusch: He's Still Here,2023-06-24,referenceSources,1,Need to Know official YouTube collection,https://www.youtube.com/playlist?list=PLXdU8QbJkboeMcvUNyGpb9h6FUS9cVBti,https://youtube.com/playlist?list=PLXdU8QbJkboeMcvUNyGpb9h6FUS9cVBti,24259ff69bbafb114bed,YouTube,playlist,video,False,legacy_unspecified,approved,,False,False,network_check_pending,2026-07-28T00:00:00Z,23.5C.1-1.0.0,dup-00153,duplicate,media-audit-5b20d5f4e7fb3c0c
inv-00456,need-to-know-podcast,Need to Know,2023-need-to-know-episode-39,podcast_episode,39,Need to Know Episode #39 — Is This Actually Happening Now?,2023-07-08,officialMedia,0,Watch on YouTube,https://www.youtube.com/watch?v=YEOB3ASfFuQ,https://youtube.com/watch?v=YEOB3ASfFuQ,befbee84469cb2d6ada0,YouTube,episode,video,True,verified,approved,2,False,False,network_check_pending,2026-07-28T00:00:00Z,23.5C.1-1.0.0,dup-00156,authoritative,media-audit-1582d8c2b9d1a9de
inv-00457,need-to-know-podcast,Need to Know,2023-need-to-know-episode-39,podcast_episode,39,Need to Know Episode #39 — Is This Actually Happening Now?,2023-07-08,officialMedia,1,Browse Official YouTube Playlist,https://www.youtube.com/playlist?list=PLXdU8QbJkboeMcvUNyGpb9h6FUS9cVBti,https://youtube.com/playlist?list=PLXdU8QbJkboeMcvUNyGpb9h6FUS9cVBti,24259ff69bbafb114bed,YouTube,playlist,video,True,verified,approved,6,False,False,network_check_pending,2026-07-28T00:00:00Z,23.5C.1-1.0.0,dup-00155,authoritative,media-audit-b5b662456473018d
inv-00458,need-to-know-podcast,Need to Know,2023-need-to-know-episode-39,podcast_episode,39,Need to Know Episode #39 — Is This Actually Happening Now?,2023-07-08,mediaLinks,0,Watch Need to Know Episode #39 on YouTube,https://www.youtube.com/watch?v=YEOB3ASfFuQ,https://youtube.com/watch?v=YEOB3ASfFuQ,befbee84469cb2d6ada0,YouTube,episode,video,True,legacy_unspecified,approved,,False,False,network_check_pending,2026-07-28T00:00:00Z,23.5C.1-1.0.0,dup-00156,duplicate,media-audit-1582d8c2b9d1a9de
inv-00459,need-to-know-podcast,Need to Know,2023-need-to-know-episode-39,podcast_episode,39,Need to Know Episode #39 — Is This Actually Happening Now?,2023-07-08,mediaLinks,1,Watch the official Need to Know collection,https://www.youtube.com/playlist?list=PLXdU8QbJkboeMcvUNyGpb9h6FUS9cVBti,https://youtube.com/playlist?list=PLXdU8QbJkboeMcvUNyGpb9h6FUS9cVBti,24259ff69bbafb114bed,YouTube,playlist,video,True,legacy_unspecified,approved,,False,False,network_check_pending,2026-07-28T00:00:00Z,23.5C.1-1.0.0,dup-00155,duplicate,media-audit-b5b662456473018d
inv-00460,need-to-know-podcast,Need to Know,2023-need-to-know-episode-39,podcast_episode,39,Need to Know Episode #39 — Is This Actually Happening Now?,2023-07-08,referenceSources,0,Official Need to Know Episode 39 video — Is This Actually Happening Now?,https://www.youtube.com/watch?v=YEOB3ASfFuQ,https://youtube.com/watch?v=YEOB3ASfFuQ,befbee84469cb2d6ada0,YouTube,episode,video,False,legacy_unspecified,approved,,False,False,network_check_pending,2026-07-28T00:00:00Z,23.5C.1-1.0.0,dup-00156,duplicate,media-audit-1582d8c2b9d1a9de
inv-00461,need-to-know-podcast,Need to Know,2023-need-to-know-episode-39,podcast_episode,39,Need to Know Episode #39 — Is This Actually Happening Now?,2023-07-08,referenceSources,1,Need to Know official YouTube collection,https://www.youtube.com/playlist?list=PLXdU8QbJkboeMcvUNyGpb9h6FUS9cVBti,https://youtube.com/playlist?list=PLXdU8QbJkboeMcvUNyGpb9h6FUS9cVBti,24259ff69bbafb114bed,YouTube,playlist,video,False,legacy_unspecified,approved,,False,False,network_check_pending,2026-07-28T00:00:00Z,23.5C.1-1.0.0,dup-00155,duplicate,media-audit-b5b662456473018d
inv-00462,need-to-know-podcast,Need to Know,2023-need-to-know-episode-40,podcast_episode,40,Need to Know Episode #40 — Schumer Knows Something,2023-07-17,officialMedia,0,Watch on YouTube,https://www.youtube.com/watch?v=F_0bi1bLHKo,https://youtube.com/watch?v=F_0bi1bLHKo,fa03b0a1580409dc7ecd,YouTube,episode,video,True,verified,approved,2,False,False,network_check_pending,2026-07-28T00:00:00Z,23.5C.1-1.0.0,dup-00158,authoritative,media-audit-f8c9c4f01a56e72a
inv-00463,need-to-know-podcast,Need to Know,2023-need-to-know-episode-40,podcast_episode,40,Need to Know Episode #40 — Schumer Knows Something,2023-07-17,officialMedia,1,Browse Official YouTube Playlist,https://www.youtube.com/playlist?list=PLXdU8QbJkboeMcvUNyGpb9h6FUS9cVBti,https://youtube.com/playlist?list=PLXdU8QbJkboeMcvUNyGpb9h6FUS9cVBti,24259ff69bbafb114bed,YouTube,playlist,video,True,verified,approved,6,False,False,network_check_pending,2026-07-28T00:00:00Z,23.5C.1-1.0.0,dup-00157,authoritative,media-audit-e0817323c119b6cf
inv-00464,need-to-know-podcast,Need to Know,2023-need-to-know-episode-40,podcast_episode,40,Need to Know Episode #40 — Schumer Knows Something,2023-07-17,mediaLinks,0,Watch Need to Know Episode #40 on YouTube,https://www.youtube.com/watch?v=F_0bi1bLHKo,https://youtube.com/watch?v=F_0bi1bLHKo,fa03b0a1580409dc7ecd,YouTube,episode,video,True,legacy_unspecified,approved,,False,False,network_check_pending,2026-07-28T00:00:00Z,23.5C.1-1.0.0,dup-00158,duplicate,media-audit-f8c9c4f01a56e72a
inv-00465,need-to-know-podcast,Need to Know,2023-need-to-know-episode-40,podcast_episode,40,Need to Know Episode #40 — Schumer Knows Something,2023-07-17,mediaLinks,1,Watch the official Need to Know collection,https://www.youtube.com/playlist?list=PLXdU8QbJkboeMcvUNyGpb9h6FUS9cVBti,https://youtube.com/playlist?list=PLXdU8QbJkboeMcvUNyGpb9h6FUS9cVBti,24259ff69bbafb114bed,YouTube,playlist,video,True,legacy_unspecified,approved,,False,False,network_check_pending,2026-07-28T00:00:00Z,23.5C.1-1.0.0,dup-00157,duplicate,media-audit-e0817323c119b6cf
inv-00466,need-to-know-podcast,Need to Know,2023-need-to-know-episode-40,podcast_episode,40,Need to Know Episode #40 — Schumer Knows Something,2023-07-17,referenceSources,0,Official Need to Know Episode 40 video — Schumer Knows Something,https://www.youtube.com/watch?v=F_0bi1bLHKo,https://youtube.com/watch?v=F_0bi1bLHKo,fa03b0a1580409dc7ecd,YouTube,episode,video,False,legacy_unspecified,approved,,False,False,network_check_pending,2026-07-28T00:00:00Z,23.5C.1-1.0.0,dup-00158,duplicate,media-audit-f8c9c4f01a56e72a
inv-00467,need-to-know-podcast,Need to Know,2023-need-to-know-episode-40,podcast_episode,40,Need to Know Episode #40 — Schumer Knows Something,2023-07-17,referenceSources,1,Need to Know official YouTube collection,https://www.youtube.com/playlist?list=PLXdU8QbJkboeMcvUNyGpb9h6FUS9cVBti,https://youtube.com/playlist?list=PLXdU8QbJkboeMcvUNyGpb9h6FUS9cVBti,24259ff69bbafb114bed,YouTube,playlist,video,False,legacy_unspecified,approved,,False,False,network_check_pending,2026-07-28T00:00:00Z,23.5C.1-1.0.0,dup-00157,duplicate,media-audit-e0817323c119b6cf
inv-00468,need-to-know-podcast,Need to Know,2023-need-to-know-episode-41,podcast_episode,41,Need to Know Episode #41 — A Huge Step Forward,2023-07-27,officialMedia,0,Watch on YouTube,https://www.youtube.com/watch?v=Zrd44LASEKI,https://youtube.com/watch?v=Zrd44LASEKI,3d4e77a6ffed4ff7f6dd,YouTube,episode,video,True,verified,approved,2,False,False,network_check_pending,2026-07-28T00:00:00Z,23.5C.1-1.0.0,dup-00160,authoritative,media-audit-39c92dec7a22b545
inv-00469,need-to-know-podcast,Need to Know,2023-need-to-know-episode-41,podcast_episode,41,Need to Know Episode #41 — A Huge Step Forward,2023-07-27,officialMedia,1,Browse Official YouTube Playlist,https://www.youtube.com/playlist?list=PLXdU8QbJkboeMcvUNyGpb9h6FUS9cVBti,https://youtube.com/playlist?list=PLXdU8QbJkboeMcvUNyGpb9h6FUS9cVBti,24259ff69bbafb114bed,YouTube,playlist,video,True,verified,approved,6,False,False,network_check_pending,2026-07-28T00:00:00Z,23.5C.1-1.0.0,dup-00159,authoritative,media-audit-0255522a298b0af6
inv-00470,need-to-know-podcast,Need to Know,2023-need-to-know-episode-41,podcast_episode,41,Need to Know Episode #41 — A Huge Step Forward,2023-07-27,mediaLinks,0,Watch Need to Know Episode #41 on YouTube,https://www.youtube.com/watch?v=Zrd44LASEKI,https://youtube.com/watch?v=Zrd44LASEKI,3d4e77a6ffed4ff7f6dd,YouTube,episode,video,True,legacy_unspecified,approved,,False,False,network_check_pending,2026-07-28T00:00:00Z,23.5C.1-1.0.0,dup-00160,duplicate,media-audit-39c92dec7a22b545
inv-00471,need-to-know-podcast,Need to Know,2023-need-to-know-episode-41,podcast_episode,41,Need to Know Episode #41 — A Huge Step Forward,2023-07-27,mediaLinks,1,Watch the official Need to Know collection,https://www.youtube.com/playlist?list=PLXdU8QbJkboeMcvUNyGpb9h6FUS9cVBti,https://youtube.com/playlist?list=PLXdU8QbJkboeMcvUNyGpb9h6FUS9cVBti,24259ff69bbafb114bed,YouTube,playlist,video,True,legacy_unspecified,approved,,False,False,network_check_pending,2026-07-28T00:00:00Z,23.5C.1-1.0.0,dup-00159,duplicate,media-audit-0255522a298b0af6
inv-00472,need-to-know-podcast,Need to Know,2023-need-to-know-episode-41,podcast_episode,41,Need to Know Episode #41 — A Huge Step Forward,2023-07-27,referenceSources,0,Official Need to Know Episode 41 video — A Huge Step Forward,https://www.youtube.com/watch?v=Zrd44LASEKI,https://youtube.com/watch?v=Zrd44LASEKI,3d4e77a6ffed4ff7f6dd,YouTube,episode,video,False,legacy_unspecified,approved,,False,False,network_check_pending,2026-07-28T00:00:00Z,23.5C.1-1.0.0,dup-00160,duplicate,media-audit-39c92dec7a22b545
inv-00473,need-to-know-podcast,Need to Know,2023-need-to-know-episode-41,podcast_episode,41,Need to Know Episode #41 — A Huge Step Forward,2023-07-27,referenceSources,1,Need to Know official YouTube collection,https://www.youtube.com/playlist?list=PLXdU8QbJkboeMcvUNyGpb9h6FUS9cVBti,https://youtube.com/playlist?list=PLXdU8QbJkboeMcvUNyGpb9h6FUS9cVBti,24259ff69bbafb114bed,YouTube,playlist,video,False,legacy_unspecified,approved,,False,False,network_check_pending,2026-07-28T00:00:00Z,23.5C.1-1.0.0,dup-00159,duplicate,media-audit-0255522a298b0af6
inv-00474,need-to-know-podcast,Need to Know,2023-need-to-know-episode-42,podcast_episode,42,Need to Know Episode #42 — UAP: What's Next?,2023-08-05,officialMedia,0,Watch on YouTube,https://www.youtube.com/watch?v=0oVa3xU34Dk,https://youtube.com/watch?v=0oVa3xU34Dk,b1eda5185d8aa7c7c38d,YouTube,episode,video,True,verified,approved,2,False,False,network_check_pending,2026-07-28T00:00:00Z,23.5C.1-1.0.0,dup-00162,authoritative,media-audit-5f08ccb6af040a71
inv-00475,need-to-know-podcast,Need to Know,2023-need-to-know-episode-42,podcast_episode,42,Need to Know Episode #42 — UAP: What's Next?,2023-08-05,officialMedia,1,Browse Official YouTube Playlist,https://www.youtube.com/playlist?list=PLXdU8QbJkboeMcvUNyGpb9h6FUS9cVBti,https://youtube.com/playlist?list=PLXdU8QbJkboeMcvUNyGpb9h6FUS9cVBti,24259ff69bbafb114bed,YouTube,playlist,video,True,verified,approved,6,False,False,network_check_pending,2026-07-28T00:00:00Z,23.5C.1-1.0.0,dup-00161,authoritative,media-audit-29f23a59dbd9c67f
inv-00476,need-to-know-podcast,Need to Know,2023-need-to-know-episode-42,podcast_episode,42,Need to Know Episode #42 — UAP: What's Next?,2023-08-05,mediaLinks,0,Watch Need to Know Episode #42 on YouTube,https://www.youtube.com/watch?v=0oVa3xU34Dk,https://youtube.com/watch?v=0oVa3xU34Dk,b1eda5185d8aa7c7c38d,YouTube,episode,video,True,legacy_unspecified,approved,,False,False,network_check_pending,2026-07-28T00:00:00Z,23.5C.1-1.0.0,dup-00162,duplicate,media-audit-5f08ccb6af040a71
inv-00477,need-to-know-podcast,Need to Know,2023-need-to-know-episode-42,podcast_episode,42,Need to Know Episode #42 — UAP: What's Next?,2023-08-05,mediaLinks,1,Watch the official Need to Know collection,https://www.youtube.com/playlist?list=PLXdU8QbJkboeMcvUNyGpb9h6FUS9cVBti,https://youtube.com/playlist?list=PLXdU8QbJkboeMcvUNyGpb9h6FUS9cVBti,24259ff69bbafb114bed,YouTube,playlist,video,True,legacy_unspecified,approved,,False,False,network_check_pending,2026-07-28T00:00:00Z,23.5C.1-1.0.0,dup-00161,duplicate,media-audit-29f23a59dbd9c67f
inv-00478,need-to-know-podcast,Need to Know,2023-need-to-know-episode-42,podcast_episode,42,Need to Know Episode #42 — UAP: What's Next?,2023-08-05,referenceSources,0,Official Need to Know Episode 42 video — UAP: What's Next?,https://www.youtube.com/watch?v=0oVa3xU34Dk,https://youtube.com/watch?v=0oVa3xU34Dk,b1eda5185d8aa7c7c38d,YouTube,episode,video,False,legacy_unspecified,approved,,False,False,network_check_pending,2026-07-28T00:00:00Z,23.5C.1-1.0.0,dup-00162,duplicate,media-audit-5f08ccb6af040a71
inv-00479,need-to-know-podcast,Need to Know,2023-need-to-know-episode-42,podcast_episode,42,Need to Know Episode #42 — UAP: What's Next?,2023-08-05,referenceSources,1,Need to Know official YouTube collection,https://www.youtube.com/playlist?list=PLXdU8QbJkboeMcvUNyGpb9h6FUS9cVBti,https://youtube.com/playlist?list=PLXdU8QbJkboeMcvUNyGpb9h6FUS9cVBti,24259ff69bbafb114bed,YouTube,playlist,video,False,legacy_unspecified,approved,,False,False,network_check_pending,2026-07-28T00:00:00Z,23.5C.1-1.0.0,dup-00161,duplicate,media-audit-29f23a59dbd9c67f
inv-00480,need-to-know-podcast,Need to Know,2023-need-to-know-episode-43,podcast_episode,43,Need to Know Episode #43 — UFO Pushback,2023-08-26,officialMedia,0,Watch on YouTube,https://www.youtube.com/watch?v=RsF-dGi-cFc,https://youtube.com/watch?v=RsF-dGi-cFc,c1f1730db5d7906069a9,YouTube,episode,video,True,verified,approved,2,False,False,network_check_pending,2026-07-28T00:00:00Z,23.5C.1-1.0.0,dup-00164,authoritative,media-audit-27aa22ce7c4ed2af
inv-00481,need-to-know-podcast,Need to Know,2023-need-to-know-episode-43,podcast_episode,43,Need to Know Episode #43 — UFO Pushback,2023-08-26,officialMedia,1,Browse Official YouTube Playlist,https://www.youtube.com/playlist?list=PLXdU8QbJkboeMcvUNyGpb9h6FUS9cVBti,https://youtube.com/playlist?list=PLXdU8QbJkboeMcvUNyGpb9h6FUS9cVBti,24259ff69bbafb114bed,YouTube,playlist,video,True,verified,approved,6,False,False,network_check_pending,2026-07-28T00:00:00Z,23.5C.1-1.0.0,dup-00163,authoritative,media-audit-81017cd0f1452edc
inv-00482,need-to-know-podcast,Need to Know,2023-need-to-know-episode-43,podcast_episode,43,Need to Know Episode #43 — UFO Pushback,2023-08-26,mediaLinks,0,Watch Need to Know Episode #43 on YouTube,https://www.youtube.com/watch?v=RsF-dGi-cFc,https://youtube.com/watch?v=RsF-dGi-cFc,c1f1730db5d7906069a9,YouTube,episode,video,True,legacy_unspecified,approved,,False,False,network_check_pending,2026-07-28T00:00:00Z,23.5C.1-1.0.0,dup-00164,duplicate,media-audit-27aa22ce7c4ed2af
inv-00483,need-to-know-podcast,Need to Know,2023-need-to-know-episode-43,podcast_episode,43,Need to Know Episode #43 — UFO Pushback,2023-08-26,mediaLinks,1,Watch the official Need to Know collection,https://www.youtube.com/playlist?list=PLXdU8QbJkboeMcvUNyGpb9h6FUS9cVBti,https://youtube.com/playlist?list=PLXdU8QbJkboeMcvUNyGpb9h6FUS9cVBti,24259ff69bbafb114bed,YouTube,playlist,video,True,legacy_unspecified,approved,,False,False,network_check_pending,2026-07-28T00:00:00Z,23.5C.1-1.0.0,dup-00163,duplicate,media-audit-81017cd0f1452edc
inv-00484,need-to-know-podcast,Need to Know,2023-need-to-know-episode-43,podcast_episode,43,Need to Know Episode #43 — UFO Pushback,2023-08-26,referenceSources,0,Official Need to Know Episode 43 video — UFO Pushback,https://www.youtube.com/watch?v=RsF-dGi-cFc,https://youtube.com/watch?v=RsF-dGi-cFc,c1f1730db5d7906069a9,YouTube,episode,video,False,legacy_unspecified,approved,,False,False,network_check_pending,2026-07-28T00:00:00Z,23.5C.1-1.0.0,dup-00164,duplicate,media-audit-27aa22ce7c4ed2af
inv-00485,need-to-know-podcast,Need to Know,2023-need-to-know-episode-43,podcast_episode,43,Need to Know Episode #43 — UFO Pushback,2023-08-26,referenceSources,1,Need to Know official YouTube collection,https://www.youtube.com/playlist?list=PLXdU8QbJkboeMcvUNyGpb9h6FUS9cVBti,https://youtube.com/playlist?list=PLXdU8QbJkboeMcvUNyGpb9h6FUS9cVBti,24259ff69bbafb114bed,YouTube,playlist,video,False,legacy_unspecified,approved,,False,False,network_check_pending,2026-07-28T00:00:00Z,23.5C.1-1.0.0,dup-00163,duplicate,media-audit-81017cd0f1452edc
inv-00486,need-to-know-podcast,Need to Know,2023-need-to-know-episode-44,podcast_episode,44,Need to Know Episode #44 — UFO Word Games,2023-09-27,officialMedia,0,Watch on YouTube,https://www.youtube.com/watch?v=QZWhxUAwiN4,https://youtube.com/watch?v=QZWhxUAwiN4,d5ceaa585806af6b1dcd,YouTube,episode,video,True,verified,approved,2,False,False,network_check_pending,2026-07-28T00:00:00Z,23.5C.1-1.0.0,dup-00166,authoritative,media-audit-2d1f63e96d1cd713
inv-00487,need-to-know-podcast,Need to Know,2023-need-to-know-episode-44,podcast_episode,44,Need to Know Episode #44 — UFO Word Games,2023-09-27,officialMedia,1,Browse Official YouTube Playlist,https://www.youtube.com/playlist?list=PLXdU8QbJkboeMcvUNyGpb9h6FUS9cVBti,https://youtube.com/playlist?list=PLXdU8QbJkboeMcvUNyGpb9h6FUS9cVBti,24259ff69bbafb114bed,YouTube,playlist,video,True,verified,approved,6,False,False,network_check_pending,2026-07-28T00:00:00Z,23.5C.1-1.0.0,dup-00165,authoritative,media-audit-adc2e6f77a2b2cf1
inv-00488,need-to-know-podcast,Need to Know,2023-need-to-know-episode-44,podcast_episode,44,Need to Know Episode #44 — UFO Word Games,2023-09-27,mediaLinks,0,Watch Need to Know Episode #44 on YouTube,https://www.youtube.com/watch?v=QZWhxUAwiN4,https://youtube.com/watch?v=QZWhxUAwiN4,d5ceaa585806af6b1dcd,YouTube,episode,video,True,legacy_unspecified,approved,,False,False,network_check_pending,2026-07-28T00:00:00Z,23.5C.1-1.0.0,dup-00166,duplicate,media-audit-2d1f63e96d1cd713
inv-00489,need-to-know-podcast,Need to Know,2023-need-to-know-episode-44,podcast_episode,44,Need to Know Episode #44 — UFO Word Games,2023-09-27,mediaLinks,1,Watch the official Need to Know collection,https://www.youtube.com/playlist?list=PLXdU8QbJkboeMcvUNyGpb9h6FUS9cVBti,https://youtube.com/playlist?list=PLXdU8QbJkboeMcvUNyGpb9h6FUS9cVBti,24259ff69bbafb114bed,YouTube,playlist,video,True,legacy_unspecified,approved,,False,False,network_check_pending,2026-07-28T00:00:00Z,23.5C.1-1.0.0,dup-00165,duplicate,media-audit-adc2e6f77a2b2cf1
inv-00490,need-to-know-podcast,Need to Know,2023-need-to-know-episode-44,podcast_episode,44,Need to Know Episode #44 — UFO Word Games,2023-09-27,referenceSources,0,Official Need to Know Episode 44 video — UFO Word Games,https://www.youtube.com/watch?v=QZWhxUAwiN4,https://youtube.com/watch?v=QZWhxUAwiN4,d5ceaa585806af6b1dcd,YouTube,episode,video,False,legacy_unspecified,approved,,False,False,network_check_pending,2026-07-28T00:00:00Z,23.5C.1-1.0.0,dup-00166,duplicate,media-audit-2d1f63e96d1cd713
inv-00491,need-to-know-podcast,Need to Know,2023-need-to-know-episode-44,podcast_episode,44,Need to Know Episode #44 — UFO Word Games,2023-09-27,referenceSources,1,Need to Know official YouTube collection,https://www.youtube.com/playlist?list=PLXdU8QbJkboeMcvUNyGpb9h6FUS9cVBti,https://youtube.com/playlist?list=PLXdU8QbJkboeMcvUNyGpb9h6FUS9cVBti,24259ff69bbafb114bed,YouTube,playlist,video,False,legacy_unspecified,approved,,False,False,network_check_pending,2026-07-28T00:00:00Z,23.5C.1-1.0.0,dup-00165,duplicate,media-audit-adc2e6f77a2b2cf1
inv-00492,need-to-know-podcast,Need to Know,2023-need-to-know-episode-45,podcast_episode,45,Need to Know Episode #45 — Same Old UFO Song,2023-10-24,officialMedia,0,Watch on YouTube,https://www.youtube.com/watch?v=n6CjzI5aaww,https://youtube.com/watch?v=n6CjzI5aaww,bc48578041075f698424,YouTube,episode,video,True,verified,approved,2,False,False,network_check_pending,2026-07-28T00:00:00Z,23.5C.1-1.0.0,dup-00168,authoritative,media-audit-c3ab7722829dd8cb
inv-00493,need-to-know-podcast,Need to Know,2023-need-to-know-episode-45,podcast_episode,45,Need to Know Episode #45 — Same Old UFO Song,2023-10-24,officialMedia,1,Browse Official YouTube Playlist,https://www.youtube.com/playlist?list=PLXdU8QbJkboeMcvUNyGpb9h6FUS9cVBti,https://youtube.com/playlist?list=PLXdU8QbJkboeMcvUNyGpb9h6FUS9cVBti,24259ff69bbafb114bed,YouTube,playlist,video,True,verified,approved,6,False,False,network_check_pending,2026-07-28T00:00:00Z,23.5C.1-1.0.0,dup-00167,authoritative,media-audit-718e23919427a9be
inv-00494,need-to-know-podcast,Need to Know,2023-need-to-know-episode-45,podcast_episode,45,Need to Know Episode #45 — Same Old UFO Song,2023-10-24,mediaLinks,0,Watch Need to Know Episode #45 on YouTube,https://www.youtube.com/watch?v=n6CjzI5aaww,https://youtube.com/watch?v=n6CjzI5aaww,bc48578041075f698424,YouTube,episode,video,True,legacy_unspecified,approved,,False,False,network_check_pending,2026-07-28T00:00:00Z,23.5C.1-1.0.0,dup-00168,duplicate,media-audit-c3ab7722829dd8cb
inv-00495,need-to-know-podcast,Need to Know,2023-need-to-know-episode-45,podcast_episode,45,Need to Know Episode #45 — Same Old UFO Song,2023-10-24,mediaLinks,1,Watch the official Need to Know collection,https://www.youtube.com/playlist?list=PLXdU8QbJkboeMcvUNyGpb9h6FUS9cVBti,https://youtube.com/playlist?list=PLXdU8QbJkboeMcvUNyGpb9h6FUS9cVBti,24259ff69bbafb114bed,YouTube,playlist,video,True,legacy_unspecified,approved,,False,False,network_check_pending,2026-07-28T00:00:00Z,23.5C.1-1.0.0,dup-00167,duplicate,media-audit-718e23919427a9be
inv-00496,need-to-know-podcast,Need to Know,2023-need-to-know-episode-45,podcast_episode,45,Need to Know Episode #45 — Same Old UFO Song,2023-10-24,referenceSources,0,Official Need to Know Episode 45 video — Same Old UFO Song,https://www.youtube.com/watch?v=n6CjzI5aaww,https://youtube.com/watch?v=n6CjzI5aaww,bc48578041075f698424,YouTube,episode,video,False,legacy_unspecified,approved,,False,False,network_check_pending,2026-07-28T00:00:00Z,23.5C.1-1.0.0,dup-00168,duplicate,media-audit-c3ab7722829dd8cb
inv-00497,need-to-know-podcast,Need to Know,2023-need-to-know-episode-45,podcast_episode,45,Need to Know Episode #45 — Same Old UFO Song,2023-10-24,referenceSources,1,Need to Know official YouTube collection,https://www.youtube.com/playlist?list=PLXdU8QbJkboeMcvUNyGpb9h6FUS9cVBti,https://youtube.com/playlist?list=PLXdU8QbJkboeMcvUNyGpb9h6FUS9cVBti,24259ff69bbafb114bed,YouTube,playlist,video,False,legacy_unspecified,approved,,False,False,network_check_pending,2026-07-28T00:00:00Z,23.5C.1-1.0.0,dup-00167,duplicate,media-audit-718e23919427a9be
inv-00498,need-to-know-podcast,Need to Know,2023-need-to-know-episode-46,podcast_episode,46,Need to Know Episode #46 — JFK and UFOs?,2023-11-17,officialMedia,0,Watch on YouTube,https://www.youtube.com/watch?v=cwR8pOz9Gvg,https://youtube.com/watch?v=cwR8pOz9Gvg,1b759f13b38aaf22566f,YouTube,episode,video,True,verified,approved,2,False,False,network_check_pending,2026-07-28T00:00:00Z,23.5C.1-1.0.0,dup-00170,authoritative,media-audit-48a23d6416fb4d0a
inv-00499,need-to-know-podcast,Need to Know,2023-need-to-know-episode-46,podcast_episode,46,Need to Know Episode #46 — JFK and UFOs?,2023-11-17,officialMedia,1,Browse Official YouTube Playlist,https://www.youtube.com/playlist?list=PLXdU8QbJkboeMcvUNyGpb9h6FUS9cVBti,https://youtube.com/playlist?list=PLXdU8QbJkboeMcvUNyGpb9h6FUS9cVBti,24259ff69bbafb114bed,YouTube,playlist,video,True,verified,approved,6,False,False,network_check_pending,2026-07-28T00:00:00Z,23.5C.1-1.0.0,dup-00169,authoritative,media-audit-25996f35b9bd7dc1
inv-00500,need-to-know-podcast,Need to Know,2023-need-to-know-episode-46,podcast_episode,46,Need to Know Episode #46 — JFK and UFOs?,2023-11-17,mediaLinks,0,Watch Need to Know Episode #46 on YouTube,https://www.youtube.com/watch?v=cwR8pOz9Gvg,https://youtube.com/watch?v=cwR8pOz9Gvg,1b759f13b38aaf22566f,YouTube,episode,video,True,legacy_unspecified,approved,,False,False,network_check_pending,2026-07-28T00:00:00Z,23.5C.1-1.0.0,dup-00170,duplicate,media-audit-48a23d6416fb4d0a
inv-00501,need-to-know-podcast,Need to Know,2023-need-to-know-episode-46,podcast_episode,46,Need to Know Episode #46 — JFK and UFOs?,2023-11-17,mediaLinks,1,Watch the official Need to Know collection,https://www.youtube.com/playlist?list=PLXdU8QbJkboeMcvUNyGpb9h6FUS9cVBti,https://youtube.com/playlist?list=PLXdU8QbJkboeMcvUNyGpb9h6FUS9cVBti,24259ff69bbafb114bed,YouTube,playlist,video,True,legacy_unspecified,approved,,False,False,network_check_pending,2026-07-28T00:00:00Z,23.5C.1-1.0.0,dup-00169,duplicate,media-audit-25996f35b9bd7dc1
inv-00502,need-to-know-podcast,Need to Know,2023-need-to-know-episode-46,podcast_episode,46,Need to Know Episode #46 — JFK and UFOs?,2023-11-17,referenceSources,0,Official Need to Know Episode 46 video — JFK and UFOs?,https://www.youtube.com/watch?v=cwR8pOz9Gvg,https://youtube.com/watch?v=cwR8pOz9Gvg,1b759f13b38aaf22566f,YouTube,episode,video,False,legacy_unspecified,approved,,False,False,network_check_pending,2026-07-28T00:00:00Z,23.5C.1-1.0.0,dup-00170,duplicate,media-audit-48a23d6416fb4d0a
inv-00503,need-to-know-podcast,Need to Know,2023-need-to-know-episode-46,podcast_episode,46,Need to Know Episode #46 — JFK and UFOs?,2023-11-17,referenceSources,1,Need to Know official YouTube collection,https://www.youtube.com/playlist?list=PLXdU8QbJkboeMcvUNyGpb9h6FUS9cVBti,https://youtube.com/playlist?list=PLXdU8QbJkboeMcvUNyGpb9h6FUS9cVBti,24259ff69bbafb114bed,YouTube,playlist,video,False,legacy_unspecified,approved,,False,False,network_check_pending,2026-07-28T00:00:00Z,23.5C.1-1.0.0,dup-00169,duplicate,media-audit-25996f35b9bd7dc1
inv-00504,need-to-know-podcast,Need to Know,2023-need-to-know-episode-47,podcast_episode,47,Need to Know Episode #47 — UFO Gatekeepers Strike Back,2023-12-08,officialMedia,0,Watch on YouTube,https://www.youtube.com/watch?v=vSpHaNbd5A8,https://youtube.com/watch?v=vSpHaNbd5A8,a6cd2d6dc950c1b5f185,YouTube,episode,video,True,verified,approved,2,False,False,network_check_pending,2026-07-28T00:00:00Z,23.5C.1-1.0.0,dup-00172,authoritative,media-audit-695df5c3e489e943
inv-00505,need-to-know-podcast,Need to Know,2023-need-to-know-episode-47,podcast_episode,47,Need to Know Episode #47 — UFO Gatekeepers Strike Back,2023-12-08,officialMedia,1,Browse Official YouTube Playlist,https://www.youtube.com/playlist?list=PLXdU8QbJkboeMcvUNyGpb9h6FUS9cVBti,https://youtube.com/playlist?list=PLXdU8QbJkboeMcvUNyGpb9h6FUS9cVBti,24259ff69bbafb114bed,YouTube,playlist,video,True,verified,approved,6,False,False,network_check_pending,2026-07-28T00:00:00Z,23.5C.1-1.0.0,dup-00171,authoritative,media-audit-d8dfe667b24d28be
inv-00506,need-to-know-podcast,Need to Know,2023-need-to-know-episode-47,podcast_episode,47,Need to Know Episode #47 — UFO Gatekeepers Strike Back,2023-12-08,mediaLinks,0,Watch Need to Know Episode #47 on YouTube,https://www.youtube.com/watch?v=vSpHaNbd5A8,https://youtube.com/watch?v=vSpHaNbd5A8,a6cd2d6dc950c1b5f185,YouTube,episode,video,True,legacy_unspecified,approved,,False,False,network_check_pending,2026-07-28T00:00:00Z,23.5C.1-1.0.0,dup-00172,duplicate,media-audit-695df5c3e489e943
inv-00507,need-to-know-podcast,Need to Know,2023-need-to-know-episode-47,podcast_episode,47,Need to Know Episode #47 — UFO Gatekeepers Strike Back,2023-12-08,mediaLinks,1,Watch the official Need to Know collection,https://www.youtube.com/playlist?list=PLXdU8QbJkboeMcvUNyGpb9h6FUS9cVBti,https://youtube.com/playlist?list=PLXdU8QbJkboeMcvUNyGpb9h6FUS9cVBti,24259ff69bbafb114bed,YouTube,playlist,video,True,legacy_unspecified,approved,,False,False,network_check_pending,2026-07-28T00:00:00Z,23.5C.1-1.0.0,dup-00171,duplicate,media-audit-d8dfe667b24d28be
inv-00508,need-to-know-podcast,Need to Know,2023-need-to-know-episode-47,podcast_episode,47,Need to Know Episode #47 — UFO Gatekeepers Strike Back,2023-12-08,referenceSources,0,Official Need to Know Episode 47 video — UFO Gatekeepers Strike Back,https://www.youtube.com/watch?v=vSpHaNbd5A8,https://youtube.com/watch?v=vSpHaNbd5A8,a6cd2d6dc950c1b5f185,YouTube,episode,video,False,legacy_unspecified,approved,,False,False,network_check_pending,2026-07-28T00:00:00Z,23.5C.1-1.0.0,dup-00172,duplicate,media-audit-695df5c3e489e943
inv-00509,need-to-know-podcast,Need to Know,2023-need-to-know-episode-47,podcast_episode,47,Need to Know Episode #47 — UFO Gatekeepers Strike Back,2023-12-08,referenceSources,1,Need to Know official YouTube collection,https://www.youtube.com/playlist?list=PLXdU8QbJkboeMcvUNyGpb9h6FUS9cVBti,https://youtube.com/playlist?list=PLXdU8QbJkboeMcvUNyGpb9h6FUS9cVBti,24259ff69bbafb114bed,YouTube,playlist,video,False,legacy_unspecified,approved,,False,False,network_check_pending,2026-07-28T00:00:00Z,23.5C.1-1.0.0,dup-00171,duplicate,media-audit-d8dfe667b24d28be
inv-00510,weaponized-podcast,WEAPONIZED,2023-weaponized-episode-1,podcast_episode,1,WEAPONIZED Episode #1 — Launching WEAPONIZED — A New Consensus Reality,2023-01-23,officialMedia,0,Open Official Episode Page,https://www.weaponizedpodcast.com/episodes-1/episode-number-1,https://weaponizedpodcast.com/episodes-1/episode-number-1,1eb30720f93a0a0a20e4,Official website,episode,web_page,True,verified,approved,1,False,False,network_check_pending,2026-07-28T00:00:00Z,23.5C.1-1.0.0,dup-00174,authoritative,media-audit-0d3f9ddc3bb8aa2c
inv-00511,weaponized-podcast,WEAPONIZED,2023-weaponized-episode-1,podcast_episode,1,WEAPONIZED Episode #1 — Launching WEAPONIZED — A New Consensus Reality,2023-01-23,officialMedia,1,Browse Official Podcast Archive,https://link.chtbl.com/Weaponized,https://link.chtbl.com/Weaponized,e431bef40967149e37ee,RSS,series,audio,True,verified,approved,6,False,False,network_check_pending,2026-07-28T00:00:00Z,23.5C.1-1.0.0,dup-00173,authoritative,media-audit-0c13be05d41459de
inv-00512,weaponized-podcast,WEAPONIZED,2023-weaponized-episode-1,podcast_episode,1,WEAPONIZED Episode #1 — Launching WEAPONIZED — A New Consensus Reality,2023-01-23,mediaLinks,0,Open the official Episode #1 page,https://www.weaponizedpodcast.com/episodes-1/episode-number-1,https://weaponizedpodcast.com/episodes-1/episode-number-1,1eb30720f93a0a0a20e4,WEAPONIZED,episode,web_page,True,legacy_unspecified,approved,,False,False,network_check_pending,2026-07-28T00:00:00Z,23.5C.1-1.0.0,dup-00174,duplicate,media-audit-0d3f9ddc3bb8aa2c
inv-00513,weaponized-podcast,WEAPONIZED,2023-weaponized-episode-1,podcast_episode,1,WEAPONIZED Episode #1 — Launching WEAPONIZED — A New Consensus Reality,2023-01-23,mediaLinks,1,Listen to WEAPONIZED,https://link.chtbl.com/Weaponized,https://link.chtbl.com/Weaponized,e431bef40967149e37ee,Official audio feed,series,web_page,True,legacy_unspecified,approved,,False,False,network_check_pending,2026-07-28T00:00:00Z,23.5C.1-1.0.0,dup-00173,duplicate,media-audit-0c13be05d41459de
inv-00514,weaponized-podcast,WEAPONIZED,2023-weaponized-episode-1,podcast_episode,1,WEAPONIZED Episode #1 — Launching WEAPONIZED — A New Consensus Reality,2023-01-23,referenceSources,0,Official WEAPONIZED Episode #1 page,https://www.weaponizedpodcast.com/episodes-1/episode-number-1,https://weaponizedpodcast.com/episodes-1/episode-number-1,1eb30720f93a0a0a20e4,WEAPONIZED website,episode,web_page,False,legacy_unspecified,approved,,False,False,network_check_pending,2026-07-28T00:00:00Z,23.5C.1-1.0.0,dup-00174,duplicate,media-audit-0d3f9ddc3bb8aa2c
inv-00515,weaponized-podcast,WEAPONIZED,2023-weaponized-episode-1,podcast_episode,1,WEAPONIZED Episode #1 — Launching WEAPONIZED — A New Consensus Reality,2023-01-23,referenceSources,1,Listen to WEAPONIZED,https://link.chtbl.com/Weaponized,https://link.chtbl.com/Weaponized,e431bef40967149e37ee,link.chtbl.com,series,web_page,False,legacy_unspecified,approved,,False,False,network_check_pending,2026-07-28T00:00:00Z,23.5C.1-1.0.0,dup-00173,duplicate,media-audit-0c13be05d41459de
inv-00516,weaponized-podcast,WEAPONIZED,2023-weaponized-episode-10,podcast_episode,10,"WEAPONIZED Episode #10 — Duncan Trussell — UFOs, AI, Spirituality, and Reality",2023-03-27,officialMedia,0,Open Official Episode Page,https://www.weaponizedpodcast.com/episodes-1/episode-number-10,https://weaponizedpodcast.com/episodes-1/episode-number-10,8728df05a4ed6cfae96c,Official website,episode,web_page,True,verified,approved,1,False,False,network_check_pending,2026-07-28T00:00:00Z,23.5C.1-1.0.0,dup-00176,authoritative,media-audit-0a65f05224ac30ab
inv-00517,weaponized-podcast,WEAPONIZED,2023-weaponized-episode-10,podcast_episode,10,"WEAPONIZED Episode #10 — Duncan Trussell — UFOs, AI, Spirituality, and Reality",2023-03-27,officialMedia,1,Browse Official Podcast Archive,https://link.chtbl.com/Weaponized,https://link.chtbl.com/Weaponized,e431bef40967149e37ee,RSS,series,audio,True,verified,approved,6,False,False,network_check_pending,2026-07-28T00:00:00Z,23.5C.1-1.0.0,dup-00175,authoritative,media-audit-329f4f3933245bab
inv-00518,weaponized-podcast,WEAPONIZED,2023-weaponized-episode-10,podcast_episode,10,"WEAPONIZED Episode #10 — Duncan Trussell — UFOs, AI, Spirituality, and Reality",2023-03-27,mediaLinks,0,Open the official Episode #10 page,https://www.weaponizedpodcast.com/episodes-1/episode-number-10,https://weaponizedpodcast.com/episodes-1/episode-number-10,8728df05a4ed6cfae96c,WEAPONIZED,episode,web_page,True,legacy_unspecified,approved,,False,False,network_check_pending,2026-07-28T00:00:00Z,23.5C.1-1.0.0,dup-00176,duplicate,media-audit-0a65f05224ac30ab
inv-00519,weaponized-podcast,WEAPONIZED,2023-weaponized-episode-10,podcast_episode,10,"WEAPONIZED Episode #10 — Duncan Trussell — UFOs, AI, Spirituality, and Reality",2023-03-27,mediaLinks,1,Listen to WEAPONIZED,https://link.chtbl.com/Weaponized,https://link.chtbl.com/Weaponized,e431bef40967149e37ee,Official audio feed,series,web_page,True,legacy_unspecified,approved,,False,False,network_check_pending,2026-07-28T00:00:00Z,23.5C.1-1.0.0,dup-00175,duplicate,media-audit-329f4f3933245bab
inv-00520,weaponized-podcast,WEAPONIZED,2023-weaponized-episode-10,podcast_episode,10,"WEAPONIZED Episode #10 — Duncan Trussell — UFOs, AI, Spirituality, and Reality",2023-03-27,referenceSources,0,Official WEAPONIZED Episode #10 page,https://www.weaponizedpodcast.com/episodes-1/episode-number-10,https://weaponizedpodcast.com/episodes-1/episode-number-10,8728df05a4ed6cfae96c,WEAPONIZED website,episode,web_page,False,legacy_unspecified,approved,,False,False,network_check_pending,2026-07-28T00:00:00Z,23.5C.1-1.0.0,dup-00176,duplicate,media-audit-0a65f05224ac30ab
inv-00521,weaponized-podcast,WEAPONIZED,2023-weaponized-episode-10,podcast_episode,10,"WEAPONIZED Episode #10 — Duncan Trussell — UFOs, AI, Spirituality, and Reality",2023-03-27,referenceSources,1,Listen to WEAPONIZED,https://link.chtbl.com/Weaponized,https://link.chtbl.com/Weaponized,e431bef40967149e37ee,link.chtbl.com,series,web_page,False,legacy_unspecified,approved,,False,False,network_check_pending,2026-07-28T00:00:00Z,23.5C.1-1.0.0,dup-00175,duplicate,media-audit-329f4f3933245bab
inv-00522,weaponized-podcast,WEAPONIZED,2023-weaponized-episode-11,podcast_episode,11,"WEAPONIZED Episode #11 — John Long — Hollywood, UFO Projects, and the Art of the Movie Trailer",2023-04-03,officialMedia,0,Open Official Episode Page,https://www.weaponizedpodcast.com/episodes-1/episode-number-11,https://weaponizedpodcast.com/episodes-1/episode-number-11,0013b408877d10cedc43,Official website,episode,web_page,True,verified,approved,1,False,False,network_check_pending,2026-07-28T00:00:00Z,23.5C.1-1.0.0,dup-00178,authoritative,media-audit-f1efa88fc5f4b2fe
inv-00523,weaponized-podcast,WEAPONIZED,2023-weaponized-episode-11,podcast_episode,11,"WEAPONIZED Episode #11 — John Long — Hollywood, UFO Projects, and the Art of the Movie Trailer",2023-04-03,officialMedia,1,Browse Official Podcast Archive,https://link.chtbl.com/Weaponized,https://link.chtbl.com/Weaponized,e431bef40967149e37ee,RSS,series,audio,True,verified,approved,6,False,False,network_check_pending,2026-07-28T00:00:00Z,23.5C.1-1.0.0,dup-00177,authoritative,media-audit-c4ebff90ab5552a1
inv-00524,weaponized-podcast,WEAPONIZED,2023-weaponized-episode-11,podcast_episode,11,"WEAPONIZED Episode #11 — John Long — Hollywood, UFO Projects, and the Art of the Movie Trailer",2023-04-03,mediaLinks,0,Open the official Episode #11 page,https://www.weaponizedpodcast.com/episodes-1/episode-number-11,https://weaponizedpodcast.com/episodes-1/episode-number-11,0013b408877d10cedc43,WEAPONIZED,episode,web_page,True,legacy_unspecified,approved,,False,False,network_check_pending,2026-07-28T00:00:00Z,23.5C.1-1.0.0,dup-00178,duplicate,media-audit-f1efa88fc5f4b2fe
inv-00525,weaponized-podcast,WEAPONIZED,2023-weaponized-episode-11,podcast_episode,11,"WEAPONIZED Episode #11 — John Long — Hollywood, UFO Projects, and the Art of the Movie Trailer",2023-04-03,mediaLinks,1,Listen to WEAPONIZED,https://link.chtbl.com/Weaponized,https://link.chtbl.com/Weaponized,e431bef40967149e37ee,Official audio feed,series,web_page,True,legacy_unspecified,approved,,False,False,network_check_pending,2026-07-28T00:00:00Z,23.5C.1-1.0.0,dup-00177,duplicate,media-audit-c4ebff90ab5552a1
inv-00526,weaponized-podcast,WEAPONIZED,2023-weaponized-episode-11,podcast_episode,11,"WEAPONIZED Episode #11 — John Long — Hollywood, UFO Projects, and the Art of the Movie Trailer",2023-04-03,referenceSources,0,Official WEAPONIZED Episode #11 page,https://www.weaponizedpodcast.com/episodes-1/episode-number-11,https://weaponizedpodcast.com/episodes-1/episode-number-11,0013b408877d10cedc43,WEAPONIZED website,episode,web_page,False,legacy_unspecified,approved,,False,False,network_check_pending,2026-07-28T00:00:00Z,23.5C.1-1.0.0,dup-00178,duplicate,media-audit-f1efa88fc5f4b2fe
inv-00527,weaponized-podcast,WEAPONIZED,2023-weaponized-episode-11,podcast_episode,11,"WEAPONIZED Episode #11 — John Long — Hollywood, UFO Projects, and the Art of the Movie Trailer",2023-04-03,referenceSources,1,Listen to WEAPONIZED,https://link.chtbl.com/Weaponized,https://link.chtbl.com/Weaponized,e431bef40967149e37ee,link.chtbl.com,series,web_page,False,legacy_unspecified,approved,,False,False,network_check_pending,2026-07-28T00:00:00Z,23.5C.1-1.0.0,dup-00177,duplicate,media-audit-c4ebff90ab5552a1
inv-00528,weaponized-podcast,WEAPONIZED,2023-weaponized-episode-12,podcast_episode,12,"WEAPONIZED Episode #12 — Colm Kelleher Part Two — AAWSAP, the Hitchhiker Effect, and Crash Retrievals",2023-04-10,officialMedia,0,Open Official Episode Page,https://www.weaponizedpodcast.com/episodes-1/episode-number-12,https://weaponizedpodcast.com/episodes-1/episode-number-12,3bb1d4b1b7dc804833a4,Official website,episode,web_page,True,verified,approved,1,False,False,network_check_pending,2026-07-28T00:00:00Z,23.5C.1-1.0.0,dup-00180,authoritative,media-audit-774af7250f2f9c2b
inv-00529,weaponized-podcast,WEAPONIZED,2023-weaponized-episode-12,podcast_episode,12,"WEAPONIZED Episode #12 — Colm Kelleher Part Two — AAWSAP, the Hitchhiker Effect, and Crash Retrievals",2023-04-10,officialMedia,1,Browse Official Podcast Archive,https://link.chtbl.com/Weaponized,https://link.chtbl.com/Weaponized,e431bef40967149e37ee,RSS,series,audio,True,verified,approved,6,False,False,network_check_pending,2026-07-28T00:00:00Z,23.5C.1-1.0.0,dup-00179,authoritative,media-audit-0fe2292f7b2e95a4
inv-00530,weaponized-podcast,WEAPONIZED,2023-weaponized-episode-12,podcast_episode,12,"WEAPONIZED Episode #12 — Colm Kelleher Part Two — AAWSAP, the Hitchhiker Effect, and Crash Retrievals",2023-04-10,mediaLinks,0,Open the official Episode #12 page,https://www.weaponizedpodcast.com/episodes-1/episode-number-12,https://weaponizedpodcast.com/episodes-1/episode-number-12,3bb1d4b1b7dc804833a4,WEAPONIZED,episode,web_page,True,legacy_unspecified,approved,,False,False,network_check_pending,2026-07-28T00:00:00Z,23.5C.1-1.0.0,dup-00180,duplicate,media-audit-774af7250f2f9c2b
inv-00531,weaponized-podcast,WEAPONIZED,2023-weaponized-episode-12,podcast_episode,12,"WEAPONIZED Episode #12 — Colm Kelleher Part Two — AAWSAP, the Hitchhiker Effect, and Crash Retrievals",2023-04-10,mediaLinks,1,Listen to WEAPONIZED,https://link.chtbl.com/Weaponized,https://link.chtbl.com/Weaponized,e431bef40967149e37ee,Official audio feed,series,web_page,True,legacy_unspecified,approved,,False,False,network_check_pending,2026-07-28T00:00:00Z,23.5C.1-1.0.0,dup-00179,duplicate,media-audit-0fe2292f7b2e95a4
inv-00532,weaponized-podcast,WEAPONIZED,2023-weaponized-episode-12,podcast_episode,12,"WEAPONIZED Episode #12 — Colm Kelleher Part Two — AAWSAP, the Hitchhiker Effect, and Crash Retrievals",2023-04-10,referenceSources,0,Official WEAPONIZED Episode #12 page,https://www.weaponizedpodcast.com/episodes-1/episode-number-12,https://weaponizedpodcast.com/episodes-1/episode-number-12,3bb1d4b1b7dc804833a4,WEAPONIZED website,episode,web_page,False,legacy_unspecified,approved,,False,False,network_check_pending,2026-07-28T00:00:00Z,23.5C.1-1.0.0,dup-00180,duplicate,media-audit-774af7250f2f9c2b
inv-00533,weaponized-podcast,WEAPONIZED,2023-weaponized-episode-12,podcast_episode,12,"WEAPONIZED Episode #12 — Colm Kelleher Part Two — AAWSAP, the Hitchhiker Effect, and Crash Retrievals",2023-04-10,referenceSources,1,Listen to WEAPONIZED,https://link.chtbl.com/Weaponized,https://link.chtbl.com/Weaponized,e431bef40967149e37ee,link.chtbl.com,series,web_page,False,legacy_unspecified,approved,,False,False,network_check_pending,2026-07-28T00:00:00Z,23.5C.1-1.0.0,dup-00179,duplicate,media-audit-0fe2292f7b2e95a4
inv-00534,weaponized-podcast,WEAPONIZED,2023-weaponized-episode-13,podcast_episode,13,WEAPONIZED Episode #13 — The Russian UFO Files — Military and Scientific Investigations,2023-04-17,officialMedia,0,Open Official Episode Page,https://www.weaponizedpodcast.com/episodes-1/episode-number-13,https://weaponizedpodcast.com/episodes-1/episode-number-13,a15dde7f6391cebe43a8,Official website,episode,web_page,True,verified,approved,1,False,False,network_check_pending,2026-07-28T00:00:00Z,23.5C.1-1.0.0,dup-00182,authoritative,media-audit-3110160d433217c8
inv-00535,weaponized-podcast,WEAPONIZED,2023-weaponized-episode-13,podcast_episode,13,WEAPONIZED Episode #13 — The Russian UFO Files — Military and Scientific Investigations,2023-04-17,officialMedia,1,Browse Official Podcast Archive,https://link.chtbl.com/Weaponized,https://link.chtbl.com/Weaponized,e431bef40967149e37ee,RSS,series,audio,True,verified,approved,6,False,False,network_check_pending,2026-07-28T00:00:00Z,23.5C.1-1.0.0,dup-00181,authoritative,media-audit-4944906f2909bb3f
inv-00536,weaponized-podcast,WEAPONIZED,2023-weaponized-episode-13,podcast_episode,13,WEAPONIZED Episode #13 — The Russian UFO Files — Military and Scientific Investigations,2023-04-17,mediaLinks,0,Open the official Episode #13 page,https://www.weaponizedpodcast.com/episodes-1/episode-number-13,https://weaponizedpodcast.com/episodes-1/episode-number-13,a15dde7f6391cebe43a8,WEAPONIZED,episode,web_page,True,legacy_unspecified,approved,,False,False,network_check_pending,2026-07-28T00:00:00Z,23.5C.1-1.0.0,dup-00182,duplicate,media-audit-3110160d433217c8
inv-00537,weaponized-podcast,WEAPONIZED,2023-weaponized-episode-13,podcast_episode,13,WEAPONIZED Episode #13 — The Russian UFO Files — Military and Scientific Investigations,2023-04-17,mediaLinks,1,Listen to WEAPONIZED,https://link.chtbl.com/Weaponized,https://link.chtbl.com/Weaponized,e431bef40967149e37ee,Official audio feed,series,web_page,True,legacy_unspecified,approved,,False,False,network_check_pending,2026-07-28T00:00:00Z,23.5C.1-1.0.0,dup-00181,duplicate,media-audit-4944906f2909bb3f
inv-00538,weaponized-podcast,WEAPONIZED,2023-weaponized-episode-13,podcast_episode,13,WEAPONIZED Episode #13 — The Russian UFO Files — Military and Scientific Investigations,2023-04-17,referenceSources,0,Official WEAPONIZED Episode #13 page,https://www.weaponizedpodcast.com/episodes-1/episode-number-13,https://weaponizedpodcast.com/episodes-1/episode-number-13,a15dde7f6391cebe43a8,WEAPONIZED website,episode,web_page,False,legacy_unspecified,approved,,False,False,network_check_pending,2026-07-28T00:00:00Z,23.5C.1-1.0.0,dup-00182,duplicate,media-audit-3110160d433217c8
inv-00539,weaponized-podcast,WEAPONIZED,2023-weaponized-episode-13,podcast_episode,13,WEAPONIZED Episode #13 — The Russian UFO Files — Military and Scientific Investigations,2023-04-17,referenceSources,1,Listen to WEAPONIZED,https://link.chtbl.com/Weaponized,https://link.chtbl.com/Weaponized,e431bef40967149e37ee,link.chtbl.com,series,web_page,False,legacy_unspecified,approved,,False,False,network_check_pending,2026-07-28T00:00:00Z,23.5C.1-1.0.0,dup-00181,duplicate,media-audit-4944906f2909bb3f
inv-00540,weaponized-podcast,WEAPONIZED,2023-weaponized-episode-14,podcast_episode,14,WEAPONIZED Episode #14 — AARO Testifies to the Senate — Sean Kirkpatrick and the Middle East UAP,2023-04-24,officialMedia,0,Open Official Episode Page,https://www.weaponizedpodcast.com/episodes-1/episode-number-14,https://weaponizedpodcast.com/episodes-1/episode-number-14,0c92758390f26a5f4a10,Official website,episode,web_page,True,verified,approved,1,False,False,network_check_pending,2026-07-28T00:00:00Z,23.5C.1-1.0.0,dup-00184,authoritative,media-audit-51fdb7b448968bf2
inv-00541,weaponized-podcast,WEAPONIZED,2023-weaponized-episode-14,podcast_episode,14,WEAPONIZED Episode #14 — AARO Testifies to the Senate — Sean Kirkpatrick and the Middle East UAP,2023-04-24,officialMedia,1,Browse Official Podcast Archive,https://link.chtbl.com/Weaponized,https://link.chtbl.com/Weaponized,e431bef40967149e37ee,RSS,series,audio,True,verified,approved,6,False,False,network_check_pending,2026-07-28T00:00:00Z,23.5C.1-1.0.0,dup-00183,authoritative,media-audit-f06b671031deb79d
inv-00542,weaponized-podcast,WEAPONIZED,2023-weaponized-episode-14,podcast_episode,14,WEAPONIZED Episode #14 — AARO Testifies to the Senate — Sean Kirkpatrick and the Middle East UAP,2023-04-24,mediaLinks,0,Open the official Episode #14 page,https://www.weaponizedpodcast.com/episodes-1/episode-number-14,https://weaponizedpodcast.com/episodes-1/episode-number-14,0c92758390f26a5f4a10,WEAPONIZED,episode,web_page,True,legacy_unspecified,approved,,False,False,network_check_pending,2026-07-28T00:00:00Z,23.5C.1-1.0.0,dup-00184,duplicate,media-audit-51fdb7b448968bf2
inv-00543,weaponized-podcast,WEAPONIZED,2023-weaponized-episode-14,podcast_episode,14,WEAPONIZED Episode #14 — AARO Testifies to the Senate — Sean Kirkpatrick and the Middle East UAP,2023-04-24,mediaLinks,1,Listen to WEAPONIZED,https://link.chtbl.com/Weaponized,https://link.chtbl.com/Weaponized,e431bef40967149e37ee,Official audio feed,series,web_page,True,legacy_unspecified,approved,,False,False,network_check_pending,2026-07-28T00:00:00Z,23.5C.1-1.0.0,dup-00183,duplicate,media-audit-f06b671031deb79d
inv-00544,weaponized-podcast,WEAPONIZED,2023-weaponized-episode-14,podcast_episode,14,WEAPONIZED Episode #14 — AARO Testifies to the Senate — Sean Kirkpatrick and the Middle East UAP,2023-04-24,referenceSources,0,Official WEAPONIZED Episode #14 page,https://www.weaponizedpodcast.com/episodes-1/episode-number-14,https://weaponizedpodcast.com/episodes-1/episode-number-14,0c92758390f26a5f4a10,WEAPONIZED website,episode,web_page,False,legacy_unspecified,approved,,False,False,network_check_pending,2026-07-28T00:00:00Z,23.5C.1-1.0.0,dup-00184,duplicate,media-audit-51fdb7b448968bf2
inv-00545,weaponized-podcast,WEAPONIZED,2023-weaponized-episode-14,podcast_episode,14,WEAPONIZED Episode #14 — AARO Testifies to the Senate — Sean Kirkpatrick and the Middle East UAP,2023-04-24,referenceSources,1,Listen to WEAPONIZED,https://link.chtbl.com/Weaponized,https://link.chtbl.com/Weaponized,e431bef40967149e37ee,link.chtbl.com,series,web_page,False,legacy_unspecified,approved,,False,False,network_check_pending,2026-07-28T00:00:00Z,23.5C.1-1.0.0,dup-00183,duplicate,media-audit-f06b671031deb79d
inv-00546,weaponized-podcast,WEAPONIZED,2023-weaponized-episode-15,podcast_episode,15,"WEAPONIZED Episode #15 — Dave Foley — Comedy, UFO Curiosity, and a Southern California Encounter",2023-05-01,officialMedia,0,Open Official Episode Page,https://www.weaponizedpodcast.com/episodes-1/episode-number-15,https://weaponizedpodcast.com/episodes-1/episode-number-15,b6ec94436d5d24c93ee2,Official website,episode,web_page,True,verified,approved,1,False,False,network_check_pending,2026-07-28T00:00:00Z,23.5C.1-1.0.0,dup-00186,authoritative,media-audit-ccb79ae8af8dc287
inv-00547,weaponized-podcast,WEAPONIZED,2023-weaponized-episode-15,podcast_episode,15,"WEAPONIZED Episode #15 — Dave Foley — Comedy, UFO Curiosity, and a Southern California Encounter",2023-05-01,officialMedia,1,Browse Official Podcast Archive,https://link.chtbl.com/Weaponized,https://link.chtbl.com/Weaponized,e431bef40967149e37ee,RSS,series,audio,True,verified,approved,6,False,False,network_check_pending,2026-07-28T00:00:00Z,23.5C.1-1.0.0,dup-00185,authoritative,media-audit-1a40025d604f0f85
inv-00548,weaponized-podcast,WEAPONIZED,2023-weaponized-episode-15,podcast_episode,15,"WEAPONIZED Episode #15 — Dave Foley — Comedy, UFO Curiosity, and a Southern California Encounter",2023-05-01,mediaLinks,0,Open the official Episode #15 page,https://www.weaponizedpodcast.com/episodes-1/episode-number-15,https://weaponizedpodcast.com/episodes-1/episode-number-15,b6ec94436d5d24c93ee2,WEAPONIZED,episode,web_page,True,legacy_unspecified,approved,,False,False,network_check_pending,2026-07-28T00:00:00Z,23.5C.1-1.0.0,dup-00186,duplicate,media-audit-ccb79ae8af8dc287
inv-00549,weaponized-podcast,WEAPONIZED,2023-weaponized-episode-15,podcast_episode,15,"WEAPONIZED Episode #15 — Dave Foley — Comedy, UFO Curiosity, and a Southern California Encounter",2023-05-01,mediaLinks,1,Listen to WEAPONIZED,https://link.chtbl.com/Weaponized,https://link.chtbl.com/Weaponized,e431bef40967149e37ee,Official audio feed,series,web_page,True,legacy_unspecified,approved,,False,False,network_check_pending,2026-07-28T00:00:00Z,23.5C.1-1.0.0,dup-00185,duplicate,media-audit-1a40025d604f0f85
inv-00550,weaponized-podcast,WEAPONIZED,2023-weaponized-episode-15,podcast_episode,15,"WEAPONIZED Episode #15 — Dave Foley — Comedy, UFO Curiosity, and a Southern California Encounter",2023-05-01,referenceSources,0,Official WEAPONIZED Episode #15 page,https://www.weaponizedpodcast.com/episodes-1/episode-number-15,https://weaponizedpodcast.com/episodes-1/episode-number-15,b6ec94436d5d24c93ee2,WEAPONIZED website,episode,web_page,False,legacy_unspecified,approved,,False,False,network_check_pending,2026-07-28T00:00:00Z,23.5C.1-1.0.0,dup-00186,duplicate,media-audit-ccb79ae8af8dc287
inv-00551,weaponized-podcast,WEAPONIZED,2023-weaponized-episode-15,podcast_episode,15,"WEAPONIZED Episode #15 — Dave Foley — Comedy, UFO Curiosity, and a Southern California Encounter",2023-05-01,referenceSources,1,Listen to WEAPONIZED,https://link.chtbl.com/Weaponized,https://link.chtbl.com/Weaponized,e431bef40967149e37ee,link.chtbl.com,series,web_page,False,legacy_unspecified,approved,,False,False,network_check_pending,2026-07-28T00:00:00Z,23.5C.1-1.0.0,dup-00185,duplicate,media-audit-1a40025d604f0f85
inv-00552,weaponized-podcast,WEAPONIZED,2023-weaponized-episode-16,podcast_episode,16,WEAPONIZED Episode #16 — Secret Soviet UFO Science — Researchers Behind the Iron Curtain,2023-05-08,officialMedia,0,Open Official Episode Page,https://www.weaponizedpodcast.com/episodes-1/episode-number-16,https://weaponizedpodcast.com/episodes-1/episode-number-16,9d65127d25e983b65835,Official website,episode,web_page,True,verified,approved,1,False,False,network_check_pending,2026-07-28T00:00:00Z,23.5C.1-1.0.0,dup-00188,authoritative,media-audit-8dc754430e1e7c69
inv-00553,weaponized-podcast,WEAPONIZED,2023-weaponized-episode-16,podcast_episode,16,WEAPONIZED Episode #16 — Secret Soviet UFO Science — Researchers Behind the Iron Curtain,2023-05-08,officialMedia,1,Browse Official Podcast Archive,https://link.chtbl.com/Weaponized,https://link.chtbl.com/Weaponized,e431bef40967149e37ee,RSS,series,audio,True,verified,approved,6,False,False,network_check_pending,2026-07-28T00:00:00Z,23.5C.1-1.0.0,dup-00187,authoritative,media-audit-d68c5d50066811c7
inv-00554,weaponized-podcast,WEAPONIZED,2023-weaponized-episode-16,podcast_episode,16,WEAPONIZED Episode #16 — Secret Soviet UFO Science — Researchers Behind the Iron Curtain,2023-05-08,mediaLinks,0,Open the official Episode #16 page,https://www.weaponizedpodcast.com/episodes-1/episode-number-16,https://weaponizedpodcast.com/episodes-1/episode-number-16,9d65127d25e983b65835,WEAPONIZED,episode,web_page,True,legacy_unspecified,approved,,False,False,network_check_pending,2026-07-28T00:00:00Z,23.5C.1-1.0.0,dup-00188,duplicate,media-audit-8dc754430e1e7c69
inv-00555,weaponized-podcast,WEAPONIZED,2023-weaponized-episode-16,podcast_episode,16,WEAPONIZED Episode #16 — Secret Soviet UFO Science — Researchers Behind the Iron Curtain,2023-05-08,mediaLinks,1,Listen to WEAPONIZED,https://link.chtbl.com/Weaponized,https://link.chtbl.com/Weaponized,e431bef40967149e37ee,Official audio feed,series,web_page,True,legacy_unspecified,approved,,False,False,network_check_pending,2026-07-28T00:00:00Z,23.5C.1-1.0.0,dup-00187,duplicate,media-audit-d68c5d50066811c7
inv-00556,weaponized-podcast,WEAPONIZED,2023-weaponized-episode-16,podcast_episode,16,WEAPONIZED Episode #16 — Secret Soviet UFO Science — Researchers Behind the Iron Curtain,2023-05-08,referenceSources,0,Official WEAPONIZED Episode #16 page,https://www.weaponizedpodcast.com/episodes-1/episode-number-16,https://weaponizedpodcast.com/episodes-1/episode-number-16,9d65127d25e983b65835,WEAPONIZED website,episode,web_page,False,legacy_unspecified,approved,,False,False,network_check_pending,2026-07-28T00:00:00Z,23.5C.1-1.0.0,dup-00188,duplicate,media-audit-8dc754430e1e7c69
inv-00557,weaponized-podcast,WEAPONIZED,2023-weaponized-episode-16,podcast_episode,16,WEAPONIZED Episode #16 — Secret Soviet UFO Science — Researchers Behind the Iron Curtain,2023-05-08,referenceSources,1,Listen to WEAPONIZED,https://link.chtbl.com/Weaponized,https://link.chtbl.com/Weaponized,e431bef40967149e37ee,link.chtbl.com,series,web_page,False,legacy_unspecified,approved,,False,False,network_check_pending,2026-07-28T00:00:00Z,23.5C.1-1.0.0,dup-00187,duplicate,media-audit-d68c5d50066811c7
inv-00558,weaponized-podcast,WEAPONIZED,2023-weaponized-episode-17,podcast_episode,17,"WEAPONIZED Episode #17 — Robbie Williams — Music, Unusual Experiences, and Skinwalker Ranch",2023-05-15,officialMedia,0,Open Official Episode Page,https://www.weaponizedpodcast.com/episodes-1/episode-number-17,https://weaponizedpodcast.com/episodes-1/episode-number-17,c735c69187bd8eb4b69b,Official website,episode,web_page,True,verified,approved,1,False,False,network_check_pending,2026-07-28T00:00:00Z,23.5C.1-1.0.0,dup-00190,authoritative,media-audit-2af35875670f3c6d
inv-00559,weaponized-podcast,WEAPONIZED,2023-weaponized-episode-17,podcast_episode,17,"WEAPONIZED Episode #17 — Robbie Williams — Music, Unusual Experiences, and Skinwalker Ranch",2023-05-15,officialMedia,1,Browse Official Podcast Archive,https://link.chtbl.com/Weaponized,https://link.chtbl.com/Weaponized,e431bef40967149e37ee,RSS,series,audio,True,verified,approved,6,False,False,network_check_pending,2026-07-28T00:00:00Z,23.5C.1-1.0.0,dup-00189,authoritative,media-audit-1a3b61a8c6fc8f19
inv-00560,weaponized-podcast,WEAPONIZED,2023-weaponized-episode-17,podcast_episode,17,"WEAPONIZED Episode #17 — Robbie Williams — Music, Unusual Experiences, and Skinwalker Ranch",2023-05-15,mediaLinks,0,Open the official Episode #17 page,https://www.weaponizedpodcast.com/episodes-1/episode-number-17,https://weaponizedpodcast.com/episodes-1/episode-number-17,c735c69187bd8eb4b69b,WEAPONIZED,episode,web_page,True,legacy_unspecified,approved,,False,False,network_check_pending,2026-07-28T00:00:00Z,23.5C.1-1.0.0,dup-00190,duplicate,media-audit-2af35875670f3c6d
inv-00561,weaponized-podcast,WEAPONIZED,2023-weaponized-episode-17,podcast_episode,17,"WEAPONIZED Episode #17 — Robbie Williams — Music, Unusual Experiences, and Skinwalker Ranch",2023-05-15,mediaLinks,1,Listen to WEAPONIZED,https://link.chtbl.com/Weaponized,https://link.chtbl.com/Weaponized,e431bef40967149e37ee,Official audio feed,series,web_page,True,legacy_unspecified,approved,,False,False,network_check_pending,2026-07-28T00:00:00Z,23.5C.1-1.0.0,dup-00189,duplicate,media-audit-1a3b61a8c6fc8f19
inv-00562,weaponized-podcast,WEAPONIZED,2023-weaponized-episode-17,podcast_episode,17,"WEAPONIZED Episode #17 — Robbie Williams — Music, Unusual Experiences, and Skinwalker Ranch",2023-05-15,referenceSources,0,Official WEAPONIZED Episode #17 page,https://www.weaponizedpodcast.com/episodes-1/episode-number-17,https://weaponizedpodcast.com/episodes-1/episode-number-17,c735c69187bd8eb4b69b,WEAPONIZED website,episode,web_page,False,legacy_unspecified,approved,,False,False,network_check_pending,2026-07-28T00:00:00Z,23.5C.1-1.0.0,dup-00190,duplicate,media-audit-2af35875670f3c6d
inv-00563,weaponized-podcast,WEAPONIZED,2023-weaponized-episode-17,podcast_episode,17,"WEAPONIZED Episode #17 — Robbie Williams — Music, Unusual Experiences, and Skinwalker Ranch",2023-05-15,referenceSources,1,Listen to WEAPONIZED,https://link.chtbl.com/Weaponized,https://link.chtbl.com/Weaponized,e431bef40967149e37ee,link.chtbl.com,series,web_page,False,legacy_unspecified,approved,,False,False,network_check_pending,2026-07-28T00:00:00Z,23.5C.1-1.0.0,dup-00189,duplicate,media-audit-1a3b61a8c6fc8f19
inv-00564,weaponized-podcast,WEAPONIZED,2023-weaponized-episode-18,podcast_episode,18,WEAPONIZED Episode #18 — The Mojave Triangle UAP — Marine Witnesses at Twentynine Palms,2023-05-22,officialMedia,0,Open Official Episode Page,https://www.weaponizedpodcast.com/episodes-1/episode-number-18,https://weaponizedpodcast.com/episodes-1/episode-number-18,2be91c4fb52c14fa429b,Official website,episode,web_page,True,verified,approved,1,False,False,network_check_pending,2026-07-28T00:00:00Z,23.5C.1-1.0.0,dup-00192,authoritative,media-audit-a237f6ee5cc6753d
inv-00565,weaponized-podcast,WEAPONIZED,2023-weaponized-episode-18,podcast_episode,18,WEAPONIZED Episode #18 — The Mojave Triangle UAP — Marine Witnesses at Twentynine Palms,2023-05-22,officialMedia,1,Browse Official Podcast Archive,https://link.chtbl.com/Weaponized,https://link.chtbl.com/Weaponized,e431bef40967149e37ee,RSS,series,audio,True,verified,approved,6,False,False,network_check_pending,2026-07-28T00:00:00Z,23.5C.1-1.0.0,dup-00191,authoritative,media-audit-eb81460b41ba66b7
inv-00566,weaponized-podcast,WEAPONIZED,2023-weaponized-episode-18,podcast_episode,18,WEAPONIZED Episode #18 — The Mojave Triangle UAP — Marine Witnesses at Twentynine Palms,2023-05-22,mediaLinks,0,Open the official Episode #18 page,https://www.weaponizedpodcast.com/episodes-1/episode-number-18,https://weaponizedpodcast.com/episodes-1/episode-number-18,2be91c4fb52c14fa429b,WEAPONIZED,episode,web_page,True,legacy_unspecified,approved,,False,False,network_check_pending,2026-07-28T00:00:00Z,23.5C.1-1.0.0,dup-00192,duplicate,media-audit-a237f6ee5cc6753d
inv-00567,weaponized-podcast,WEAPONIZED,2023-weaponized-episode-18,podcast_episode,18,WEAPONIZED Episode #18 — The Mojave Triangle UAP — Marine Witnesses at Twentynine Palms,2023-05-22,mediaLinks,1,Listen to WEAPONIZED,https://link.chtbl.com/Weaponized,https://link.chtbl.com/Weaponized,e431bef40967149e37ee,Official audio feed,series,web_page,True,legacy_unspecified,approved,,False,False,network_check_pending,2026-07-28T00:00:00Z,23.5C.1-1.0.0,dup-00191,duplicate,media-audit-eb81460b41ba66b7
inv-00568,weaponized-podcast,WEAPONIZED,2023-weaponized-episode-18,podcast_episode,18,WEAPONIZED Episode #18 — The Mojave Triangle UAP — Marine Witnesses at Twentynine Palms,2023-05-22,referenceSources,0,Official WEAPONIZED Episode #18 page,https://www.weaponizedpodcast.com/episodes-1/episode-number-18,https://weaponizedpodcast.com/episodes-1/episode-number-18,2be91c4fb52c14fa429b,WEAPONIZED website,episode,web_page,False,legacy_unspecified,approved,,False,False,network_check_pending,2026-07-28T00:00:00Z,23.5C.1-1.0.0,dup-00192,duplicate,media-audit-a237f6ee5cc6753d
inv-00569,weaponized-podcast,WEAPONIZED,2023-weaponized-episode-18,podcast_episode,18,WEAPONIZED Episode #18 — The Mojave Triangle UAP — Marine Witnesses at Twentynine Palms,2023-05-22,referenceSources,1,Listen to WEAPONIZED,https://link.chtbl.com/Weaponized,https://link.chtbl.com/Weaponized,e431bef40967149e37ee,link.chtbl.com,series,web_page,False,legacy_unspecified,approved,,False,False,network_check_pending,2026-07-28T00:00:00Z,23.5C.1-1.0.0,dup-00191,duplicate,media-audit-eb81460b41ba66b7
inv-00570,weaponized-podcast,WEAPONIZED,2023-weaponized-episode-19,podcast_episode,19,WEAPONIZED Episode #19 — The Mojave Triangle Investigation Continues — New Marine Testimony,2023-05-29,officialMedia,0,Open Official Episode Page,https://www.weaponizedpodcast.com/episodes-1/episode-number-19,https://weaponizedpodcast.com/episodes-1/episode-number-19,f9f82cf30442dd20a4cf,Official website,episode,web_page,True,verified,approved,1,False,False,network_check_pending,2026-07-28T00:00:00Z,23.5C.1-1.0.0,dup-00194,authoritative,media-audit-711bee7f4b1a4a4b
inv-00571,weaponized-podcast,WEAPONIZED,2023-weaponized-episode-19,podcast_episode,19,WEAPONIZED Episode #19 — The Mojave Triangle Investigation Continues — New Marine Testimony,2023-05-29,officialMedia,1,Browse Official Podcast Archive,https://link.chtbl.com/Weaponized,https://link.chtbl.com/Weaponized,e431bef40967149e37ee,RSS,series,audio,True,verified,approved,6,False,False,network_check_pending,2026-07-28T00:00:00Z,23.5C.1-1.0.0,dup-00193,authoritative,media-audit-1d0cfd4b925446b4
inv-00572,weaponized-podcast,WEAPONIZED,2023-weaponized-episode-19,podcast_episode,19,WEAPONIZED Episode #19 — The Mojave Triangle Investigation Continues — New Marine Testimony,2023-05-29,mediaLinks,0,Open the official Episode #19 page,https://www.weaponizedpodcast.com/episodes-1/episode-number-19,https://weaponizedpodcast.com/episodes-1/episode-number-19,f9f82cf30442dd20a4cf,WEAPONIZED,episode,web_page,True,legacy_unspecified,approved,,False,False,network_check_pending,2026-07-28T00:00:00Z,23.5C.1-1.0.0,dup-00194,duplicate,media-audit-711bee7f4b1a4a4b
inv-00573,weaponized-podcast,WEAPONIZED,2023-weaponized-episode-19,podcast_episode,19,WEAPONIZED Episode #19 — The Mojave Triangle Investigation Continues — New Marine Testimony,2023-05-29,mediaLinks,1,Listen to WEAPONIZED,https://link.chtbl.com/Weaponized,https://link.chtbl.com/Weaponized,e431bef40967149e37ee,Official audio feed,series,web_page,True,legacy_unspecified,approved,,False,False,network_check_pending,2026-07-28T00:00:00Z,23.5C.1-1.0.0,dup-00193,duplicate,media-audit-1d0cfd4b925446b4
inv-00574,weaponized-podcast,WEAPONIZED,2023-weaponized-episode-19,podcast_episode,19,WEAPONIZED Episode #19 — The Mojave Triangle Investigation Continues — New Marine Testimony,2023-05-29,referenceSources,0,Official WEAPONIZED Episode #19 page,https://www.weaponizedpodcast.com/episodes-1/episode-number-19,https://weaponizedpodcast.com/episodes-1/episode-number-19,f9f82cf30442dd20a4cf,WEAPONIZED website,episode,web_page,False,legacy_unspecified,approved,,False,False,network_check_pending,2026-07-28T00:00:00Z,23.5C.1-1.0.0,dup-00194,duplicate,media-audit-711bee7f4b1a4a4b
inv-00575,weaponized-podcast,WEAPONIZED,2023-weaponized-episode-19,podcast_episode,19,WEAPONIZED Episode #19 — The Mojave Triangle Investigation Continues — New Marine Testimony,2023-05-29,referenceSources,1,Listen to WEAPONIZED,https://link.chtbl.com/Weaponized,https://link.chtbl.com/Weaponized,e431bef40967149e37ee,link.chtbl.com,series,web_page,False,legacy_unspecified,approved,,False,False,network_check_pending,2026-07-28T00:00:00Z,23.5C.1-1.0.0,dup-00193,duplicate,media-audit-1d0cfd4b925446b4
inv-00576,weaponized-podcast,WEAPONIZED,2023-weaponized-episode-2,podcast_episode,2,WEAPONIZED Episode #2 — John “Guts” Gutierrez and the 2019 Navy UAP Swarms,2023-01-30,officialMedia,0,Open Official Episode Page,https://www.weaponizedpodcast.com/episodes-1/episode-number-2,https://weaponizedpodcast.com/episodes-1/episode-number-2,743870d533ba49f6c560,Official website,episode,web_page,True,verified,approved,1,False,False,network_check_pending,2026-07-28T00:00:00Z,23.5C.1-1.0.0,dup-00196,authoritative,media-audit-bdf754a28ba4e108
inv-00577,weaponized-podcast,WEAPONIZED,2023-weaponized-episode-2,podcast_episode,2,WEAPONIZED Episode #2 — John “Guts” Gutierrez and the 2019 Navy UAP Swarms,2023-01-30,officialMedia,1,Browse Official Podcast Archive,https://link.chtbl.com/Weaponized,https://link.chtbl.com/Weaponized,e431bef40967149e37ee,RSS,series,audio,True,verified,approved,6,False,False,network_check_pending,2026-07-28T00:00:00Z,23.5C.1-1.0.0,dup-00195,authoritative,media-audit-84fe1575c6c03bcc
inv-00578,weaponized-podcast,WEAPONIZED,2023-weaponized-episode-2,podcast_episode,2,WEAPONIZED Episode #2 — John “Guts” Gutierrez and the 2019 Navy UAP Swarms,2023-01-30,mediaLinks,0,Open the official Episode #2 page,https://www.weaponizedpodcast.com/episodes-1/episode-number-2,https://weaponizedpodcast.com/episodes-1/episode-number-2,743870d533ba49f6c560,WEAPONIZED,episode,web_page,True,legacy_unspecified,approved,,False,False,network_check_pending,2026-07-28T00:00:00Z,23.5C.1-1.0.0,dup-00196,duplicate,media-audit-bdf754a28ba4e108
inv-00579,weaponized-podcast,WEAPONIZED,2023-weaponized-episode-2,podcast_episode,2,WEAPONIZED Episode #2 — John “Guts” Gutierrez and the 2019 Navy UAP Swarms,2023-01-30,mediaLinks,1,Listen to WEAPONIZED,https://link.chtbl.com/Weaponized,https://link.chtbl.com/Weaponized,e431bef40967149e37ee,Official audio feed,series,web_page,True,legacy_unspecified,approved,,False,False,network_check_pending,2026-07-28T00:00:00Z,23.5C.1-1.0.0,dup-00195,duplicate,media-audit-84fe1575c6c03bcc
inv-00580,weaponized-podcast,WEAPONIZED,2023-weaponized-episode-2,podcast_episode,2,WEAPONIZED Episode #2 — John “Guts” Gutierrez and the 2019 Navy UAP Swarms,2023-01-30,referenceSources,0,Official WEAPONIZED Episode #2 page,https://www.weaponizedpodcast.com/episodes-1/episode-number-2,https://weaponizedpodcast.com/episodes-1/episode-number-2,743870d533ba49f6c560,WEAPONIZED website,episode,web_page,False,legacy_unspecified,approved,,False,False,network_check_pending,2026-07-28T00:00:00Z,23.5C.1-1.0.0,dup-00196,duplicate,media-audit-bdf754a28ba4e108
inv-00581,weaponized-podcast,WEAPONIZED,2023-weaponized-episode-2,podcast_episode,2,WEAPONIZED Episode #2 — John “Guts” Gutierrez and the 2019 Navy UAP Swarms,2023-01-30,referenceSources,1,Listen to WEAPONIZED,https://link.chtbl.com/Weaponized,https://link.chtbl.com/Weaponized,e431bef40967149e37ee,link.chtbl.com,series,web_page,False,legacy_unspecified,approved,,False,False,network_check_pending,2026-07-28T00:00:00Z,23.5C.1-1.0.0,dup-00195,duplicate,media-audit-84fe1575c6c03bcc
inv-00582,weaponized-podcast,WEAPONIZED,2023-weaponized-episode-20,podcast_episode,20,"WEAPONIZED Episode #20 — Ben Schneider and Lord Huron — Music, Myth, Ghosts, and Cosmic Questions",2023-06-05,officialMedia,0,Open Official Episode Page,https://www.weaponizedpodcast.com/episodes-1/episode-number-20,https://weaponizedpodcast.com/episodes-1/episode-number-20,82682d35472a45b6164f,Official website,episode,web_page,True,verified,approved,1,False,False,network_check_pending,2026-07-28T00:00:00Z,23.5C.1-1.0.0,dup-00198,authoritative,media-audit-af024c8fad378167
inv-00583,weaponized-podcast,WEAPONIZED,2023-weaponized-episode-20,podcast_episode,20,"WEAPONIZED Episode #20 — Ben Schneider and Lord Huron — Music, Myth, Ghosts, and Cosmic Questions",2023-06-05,officialMedia,1,Browse Official Podcast Archive,https://link.chtbl.com/Weaponized,https://link.chtbl.com/Weaponized,e431bef40967149e37ee,RSS,series,audio,True,verified,approved,6,False,False,network_check_pending,2026-07-28T00:00:00Z,23.5C.1-1.0.0,dup-00197,authoritative,media-audit-f278901b6250d22f
inv-00584,weaponized-podcast,WEAPONIZED,2023-weaponized-episode-20,podcast_episode,20,"WEAPONIZED Episode #20 — Ben Schneider and Lord Huron — Music, Myth, Ghosts, and Cosmic Questions",2023-06-05,mediaLinks,0,Open the official Episode #20 page,https://www.weaponizedpodcast.com/episodes-1/episode-number-20,https://weaponizedpodcast.com/episodes-1/episode-number-20,82682d35472a45b6164f,WEAPONIZED,episode,web_page,True,legacy_unspecified,approved,,False,False,network_check_pending,2026-07-28T00:00:00Z,23.5C.1-1.0.0,dup-00198,duplicate,media-audit-af024c8fad378167
inv-00585,weaponized-podcast,WEAPONIZED,2023-weaponized-episode-20,podcast_episode,20,"WEAPONIZED Episode #20 — Ben Schneider and Lord Huron — Music, Myth, Ghosts, and Cosmic Questions",2023-06-05,mediaLinks,1,Listen to WEAPONIZED,https://link.chtbl.com/Weaponized,https://link.chtbl.com/Weaponized,e431bef40967149e37ee,Official audio feed,series,web_page,True,legacy_unspecified,approved,,False,False,network_check_pending,2026-07-28T00:00:00Z,23.5C.1-1.0.0,dup-00197,duplicate,media-audit-f278901b6250d22f
inv-00586,weaponized-podcast,WEAPONIZED,2023-weaponized-episode-20,podcast_episode,20,"WEAPONIZED Episode #20 — Ben Schneider and Lord Huron — Music, Myth, Ghosts, and Cosmic Questions",2023-06-05,referenceSources,0,Official WEAPONIZED Episode #20 page,https://www.weaponizedpodcast.com/episodes-1/episode-number-20,https://weaponizedpodcast.com/episodes-1/episode-number-20,82682d35472a45b6164f,WEAPONIZED website,episode,web_page,False,legacy_unspecified,approved,,False,False,network_check_pending,2026-07-28T00:00:00Z,23.5C.1-1.0.0,dup-00198,duplicate,media-audit-af024c8fad378167
inv-00587,weaponized-podcast,WEAPONIZED,2023-weaponized-episode-20,podcast_episode,20,"WEAPONIZED Episode #20 — Ben Schneider and Lord Huron — Music, Myth, Ghosts, and Cosmic Questions",2023-06-05,referenceSources,1,Listen to WEAPONIZED,https://link.chtbl.com/Weaponized,https://link.chtbl.com/Weaponized,e431bef40967149e37ee,link.chtbl.com,series,web_page,False,legacy_unspecified,approved,,False,False,network_check_pending,2026-07-28T00:00:00Z,23.5C.1-1.0.0,dup-00197,duplicate,media-audit-f278901b6250d22f
inv-00588,weaponized-podcast,WEAPONIZED,2023-weaponized-episode-21,podcast_episode,21,WEAPONIZED Episode #21 — The David Grusch Revelations,2023-06-12,officialMedia,0,Open Official Episode Page,https://www.weaponizedpodcast.com/episodes-1/episode-number-21,https://weaponizedpodcast.com/episodes-1/episode-number-21,83953baf177ebac62f6d,Official website,episode,web_page,True,verified,approved,1,False,False,network_check_pending,2026-07-28T00:00:00Z,23.5C.1-1.0.0,dup-00200,authoritative,media-audit-0a466f97f25599dc
inv-00589,weaponized-podcast,WEAPONIZED,2023-weaponized-episode-21,podcast_episode,21,WEAPONIZED Episode #21 — The David Grusch Revelations,2023-06-12,officialMedia,1,Browse Official Podcast Archive,https://link.chtbl.com/Weaponized,https://link.chtbl.com/Weaponized,e431bef40967149e37ee,RSS,series,audio,True,verified,approved,6,False,False,network_check_pending,2026-07-28T00:00:00Z,23.5C.1-1.0.0,dup-00199,authoritative,media-audit-ae89427ac8db53f2
inv-00590,weaponized-podcast,WEAPONIZED,2023-weaponized-episode-21,podcast_episode,21,WEAPONIZED Episode #21 — The David Grusch Revelations,2023-06-12,mediaLinks,0,Open the official Episode #21 page,https://www.weaponizedpodcast.com/episodes-1/episode-number-21,https://weaponizedpodcast.com/episodes-1/episode-number-21,83953baf177ebac62f6d,WEAPONIZED,episode,web_page,True,legacy_unspecified,approved,,False,False,network_check_pending,2026-07-28T00:00:00Z,23.5C.1-1.0.0,dup-00200,duplicate,media-audit-0a466f97f25599dc
inv-00591,weaponized-podcast,WEAPONIZED,2023-weaponized-episode-21,podcast_episode,21,WEAPONIZED Episode #21 — The David Grusch Revelations,2023-06-12,mediaLinks,1,Listen to WEAPONIZED,https://link.chtbl.com/Weaponized,https://link.chtbl.com/Weaponized,e431bef40967149e37ee,Official audio feed,series,web_page,True,legacy_unspecified,approved,,False,False,network_check_pending,2026-07-28T00:00:00Z,23.5C.1-1.0.0,dup-00199,duplicate,media-audit-ae89427ac8db53f2
inv-00592,weaponized-podcast,WEAPONIZED,2023-weaponized-episode-21,podcast_episode,21,WEAPONIZED Episode #21 — The David Grusch Revelations,2023-06-12,referenceSources,0,Open the official Episode #21 page,https://www.weaponizedpodcast.com/episodes-1/episode-number-21,https://weaponizedpodcast.com/episodes-1/episode-number-21,83953baf177ebac62f6d,WEAPONIZED website,episode,web_page,False,legacy_unspecified,approved,,False,False,network_check_pending,2026-07-28T00:00:00Z,23.5C.1-1.0.0,dup-00200,duplicate,media-audit-0a466f97f25599dc
inv-00593,weaponized-podcast,WEAPONIZED,2023-weaponized-episode-21,podcast_episode,21,WEAPONIZED Episode #21 — The David Grusch Revelations,2023-06-12,referenceSources,1,Listen to WEAPONIZED,https://link.chtbl.com/Weaponized,https://link.chtbl.com/Weaponized,e431bef40967149e37ee,link.chtbl.com,series,web_page,False,legacy_unspecified,approved,,False,False,network_check_pending,2026-07-28T00:00:00Z,23.5C.1-1.0.0,dup-00199,duplicate,media-audit-ae89427ac8db53f2
inv-00594,weaponized-podcast,WEAPONIZED,2023-weaponized-episode-22,podcast_episode,22,WEAPONIZED Episode #22 — Allied UAP Reverse-Engineering Programs and the Larry Maguire Letter,2023-06-19,officialMedia,0,Open Official Episode Page,https://www.weaponizedpodcast.com/episodes-1/episode-number-22,https://weaponizedpodcast.com/episodes-1/episode-number-22,9c230238a51ec931322b,Official website,episode,web_page,True,verified,approved,1,False,False,network_check_pending,2026-07-28T00:00:00Z,23.5C.1-1.0.0,dup-00202,authoritative,media-audit-2d948d9fe466f169
inv-00595,weaponized-podcast,WEAPONIZED,2023-weaponized-episode-22,podcast_episode,22,WEAPONIZED Episode #22 — Allied UAP Reverse-Engineering Programs and the Larry Maguire Letter,2023-06-19,officialMedia,1,Browse Official Podcast Archive,https://link.chtbl.com/Weaponized,https://link.chtbl.com/Weaponized,e431bef40967149e37ee,RSS,series,audio,True,verified,approved,6,False,False,network_check_pending,2026-07-28T00:00:00Z,23.5C.1-1.0.0,dup-00201,authoritative,media-audit-b8b3b68cd1a45633
inv-00596,weaponized-podcast,WEAPONIZED,2023-weaponized-episode-22,podcast_episode,22,WEAPONIZED Episode #22 — Allied UAP Reverse-Engineering Programs and the Larry Maguire Letter,2023-06-19,mediaLinks,0,Open the official Episode #22 page,https://www.weaponizedpodcast.com/episodes-1/episode-number-22,https://weaponizedpodcast.com/episodes-1/episode-number-22,9c230238a51ec931322b,WEAPONIZED,episode,web_page,True,legacy_unspecified,approved,,False,False,network_check_pending,2026-07-28T00:00:00Z,23.5C.1-1.0.0,dup-00202,duplicate,media-audit-2d948d9fe466f169
inv-00597,weaponized-podcast,WEAPONIZED,2023-weaponized-episode-22,podcast_episode,22,WEAPONIZED Episode #22 — Allied UAP Reverse-Engineering Programs and the Larry Maguire Letter,2023-06-19,mediaLinks,1,Listen to WEAPONIZED,https://link.chtbl.com/Weaponized,https://link.chtbl.com/Weaponized,e431bef40967149e37ee,Official audio feed,series,web_page,True,legacy_unspecified,approved,,False,False,network_check_pending,2026-07-28T00:00:00Z,23.5C.1-1.0.0,dup-00201,duplicate,media-audit-b8b3b68cd1a45633
inv-00598,weaponized-podcast,WEAPONIZED,2023-weaponized-episode-22,podcast_episode,22,WEAPONIZED Episode #22 — Allied UAP Reverse-Engineering Programs and the Larry Maguire Letter,2023-06-19,referenceSources,0,Official WEAPONIZED Episode #22 page,https://www.weaponizedpodcast.com/episodes-1/episode-number-22,https://weaponizedpodcast.com/episodes-1/episode-number-22,9c230238a51ec931322b,WEAPONIZED website,episode,web_page,False,legacy_unspecified,approved,,False,False,network_check_pending,2026-07-28T00:00:00Z,23.5C.1-1.0.0,dup-00202,duplicate,media-audit-2d948d9fe466f169
inv-00599,weaponized-podcast,WEAPONIZED,2023-weaponized-episode-22,podcast_episode,22,WEAPONIZED Episode #22 — Allied UAP Reverse-Engineering Programs and the Larry Maguire Letter,2023-06-19,referenceSources,1,Listen to WEAPONIZED,https://link.chtbl.com/Weaponized,https://link.chtbl.com/Weaponized,e431bef40967149e37ee,link.chtbl.com,series,web_page,False,legacy_unspecified,approved,,False,False,network_check_pending,2026-07-28T00:00:00Z,23.5C.1-1.0.0,dup-00201,duplicate,media-audit-b8b3b68cd1a45633
inv-00600,weaponized-podcast,WEAPONIZED,2023-weaponized-episode-23,podcast_episode,23,"WEAPONIZED Episode #23 — Whitley Strieber — Communion, The Visitors, and Readiness for Disclosure",2023-06-26,officialMedia,0,Open Official Episode Page,https://www.weaponizedpodcast.com/episodes-1/episode-number-23,https://weaponizedpodcast.com/episodes-1/episode-number-23,ab57e2b0e952d4721efe,Official website,episode,web_page,True,verified,approved,1,False,False,network_check_pending,2026-07-28T00:00:00Z,23.5C.1-1.0.0,dup-00204,authoritative,media-audit-5ad841696009627e
inv-00601,weaponized-podcast,WEAPONIZED,2023-weaponized-episode-23,podcast_episode,23,"WEAPONIZED Episode #23 — Whitley Strieber — Communion, The Visitors, and Readiness for Disclosure",2023-06-26,officialMedia,1,Browse Official Podcast Archive,https://link.chtbl.com/Weaponized,https://link.chtbl.com/Weaponized,e431bef40967149e37ee,RSS,series,audio,True,verified,approved,6,False,False,network_check_pending,2026-07-28T00:00:00Z,23.5C.1-1.0.0,dup-00203,authoritative,media-audit-7d7ae69f4f146da7
inv-00602,weaponized-podcast,WEAPONIZED,2023-weaponized-episode-23,podcast_episode,23,"WEAPONIZED Episode #23 — Whitley Strieber — Communion, The Visitors, and Readiness for Disclosure",2023-06-26,mediaLinks,0,Open the official Episode #23 page,https://www.weaponizedpodcast.com/episodes-1/episode-number-23,https://weaponizedpodcast.com/episodes-1/episode-number-23,ab57e2b0e952d4721efe,WEAPONIZED,episode,web_page,True,legacy_unspecified,approved,,False,False,network_check_pending,2026-07-28T00:00:00Z,23.5C.1-1.0.0,dup-00204,duplicate,media-audit-5ad841696009627e
inv-00603,weaponized-podcast,WEAPONIZED,2023-weaponized-episode-23,podcast_episode,23,"WEAPONIZED Episode #23 — Whitley Strieber — Communion, The Visitors, and Readiness for Disclosure",2023-06-26,mediaLinks,1,Listen to WEAPONIZED,https://link.chtbl.com/Weaponized,https://link.chtbl.com/Weaponized,e431bef40967149e37ee,Official audio feed,series,web_page,True,legacy_unspecified,approved,,False,False,network_check_pending,2026-07-28T00:00:00Z,23.5C.1-1.0.0,dup-00203,duplicate,media-audit-7d7ae69f4f146da7
inv-00604,weaponized-podcast,WEAPONIZED,2023-weaponized-episode-23,podcast_episode,23,"WEAPONIZED Episode #23 — Whitley Strieber — Communion, The Visitors, and Readiness for Disclosure",2023-06-26,referenceSources,0,Official WEAPONIZED Episode #23 page,https://www.weaponizedpodcast.com/episodes-1/episode-number-23,https://weaponizedpodcast.com/episodes-1/episode-number-23,ab57e2b0e952d4721efe,WEAPONIZED website,episode,web_page,False,legacy_unspecified,approved,,False,False,network_check_pending,2026-07-28T00:00:00Z,23.5C.1-1.0.0,dup-00204,duplicate,media-audit-5ad841696009627e
inv-00605,weaponized-podcast,WEAPONIZED,2023-weaponized-episode-23,podcast_episode,23,"WEAPONIZED Episode #23 — Whitley Strieber — Communion, The Visitors, and Readiness for Disclosure",2023-06-26,referenceSources,1,Listen to WEAPONIZED,https://link.chtbl.com/Weaponized,https://link.chtbl.com/Weaponized,e431bef40967149e37ee,link.chtbl.com,series,web_page,False,legacy_unspecified,approved,,False,False,network_check_pending,2026-07-28T00:00:00Z,23.5C.1-1.0.0,dup-00203,duplicate,media-audit-7d7ae69f4f146da7
inv-00606,weaponized-podcast,WEAPONIZED,2023-weaponized-episode-24,podcast_episode,24,"WEAPONIZED Episode #24 — Congressional Momentum, Canadian Transparency, and Barriers to UAP Disclosure",2023-07-03,officialMedia,0,Open Official Episode Page,https://www.weaponizedpodcast.com/episodes-1/episode-number-24,https://weaponizedpodcast.com/episodes-1/episode-number-24,54df5170c44642550e06,Official website,episode,web_page,True,verified,approved,1,False,False,network_check_pending,2026-07-28T00:00:00Z,23.5C.1-1.0.0,dup-00206,authoritative,media-audit-d78aee37f87ec21d
inv-00607,weaponized-podcast,WEAPONIZED,2023-weaponized-episode-24,podcast_episode,24,"WEAPONIZED Episode #24 — Congressional Momentum, Canadian Transparency, and Barriers to UAP Disclosure",2023-07-03,officialMedia,1,Browse Official Podcast Archive,https://link.chtbl.com/Weaponized,https://link.chtbl.com/Weaponized,e431bef40967149e37ee,RSS,series,audio,True,verified,approved,6,False,False,network_check_pending,2026-07-28T00:00:00Z,23.5C.1-1.0.0,dup-00205,authoritative,media-audit-cddcd9776567e18a
inv-00608,weaponized-podcast,WEAPONIZED,2023-weaponized-episode-24,podcast_episode,24,"WEAPONIZED Episode #24 — Congressional Momentum, Canadian Transparency, and Barriers to UAP Disclosure",2023-07-03,mediaLinks,0,Open the official Episode #24 page,https://www.weaponizedpodcast.com/episodes-1/episode-number-24,https://weaponizedpodcast.com/episodes-1/episode-number-24,54df5170c44642550e06,WEAPONIZED,episode,web_page,True,legacy_unspecified,approved,,False,False,network_check_pending,2026-07-28T00:00:00Z,23.5C.1-1.0.0,dup-00206,duplicate,media-audit-d78aee37f87ec21d
inv-00609,weaponized-podcast,WEAPONIZED,2023-weaponized-episode-24,podcast_episode,24,"WEAPONIZED Episode #24 — Congressional Momentum, Canadian Transparency, and Barriers to UAP Disclosure",2023-07-03,mediaLinks,1,Listen to WEAPONIZED,https://link.chtbl.com/Weaponized,https://link.chtbl.com/Weaponized,e431bef40967149e37ee,Official audio feed,series,web_page,True,legacy_unspecified,approved,,False,False,network_check_pending,2026-07-28T00:00:00Z,23.5C.1-1.0.0,dup-00205,duplicate,media-audit-cddcd9776567e18a
inv-00610,weaponized-podcast,WEAPONIZED,2023-weaponized-episode-24,podcast_episode,24,"WEAPONIZED Episode #24 — Congressional Momentum, Canadian Transparency, and Barriers to UAP Disclosure",2023-07-03,referenceSources,0,Official WEAPONIZED Episode #24 page,https://www.weaponizedpodcast.com/episodes-1/episode-number-24,https://weaponizedpodcast.com/episodes-1/episode-number-24,54df5170c44642550e06,WEAPONIZED website,episode,web_page,False,legacy_unspecified,approved,,False,False,network_check_pending,2026-07-28T00:00:00Z,23.5C.1-1.0.0,dup-00206,duplicate,media-audit-d78aee37f87ec21d
inv-00611,weaponized-podcast,WEAPONIZED,2023-weaponized-episode-24,podcast_episode,24,"WEAPONIZED Episode #24 — Congressional Momentum, Canadian Transparency, and Barriers to UAP Disclosure",2023-07-03,referenceSources,1,Listen to WEAPONIZED,https://link.chtbl.com/Weaponized,https://link.chtbl.com/Weaponized,e431bef40967149e37ee,link.chtbl.com,series,web_page,False,legacy_unspecified,approved,,False,False,network_check_pending,2026-07-28T00:00:00Z,23.5C.1-1.0.0,dup-00205,duplicate,media-audit-cddcd9776567e18a
inv-00612,weaponized-podcast,WEAPONIZED,2023-weaponized-episode-25,podcast_episode,25,"WEAPONIZED Episode #25 — Tim Burchett, Congressional UFO Hearings, and the Coming House Testimony",2023-07-10,officialMedia,0,Open Official Episode Page,https://www.weaponizedpodcast.com/episodes-1/episode-number-25,https://weaponizedpodcast.com/episodes-1/episode-number-25,d58676eaee3aba616d40,Official website,episode,web_page,True,verified,approved,1,False,False,network_check_pending,2026-07-28T00:00:00Z,23.5C.1-1.0.0,dup-00208,authoritative,media-audit-3ddc066a3997194c
inv-00613,weaponized-podcast,WEAPONIZED,2023-weaponized-episode-25,podcast_episode,25,"WEAPONIZED Episode #25 — Tim Burchett, Congressional UFO Hearings, and the Coming House Testimony",2023-07-10,officialMedia,1,Browse Official Podcast Archive,https://link.chtbl.com/Weaponized,https://link.chtbl.com/Weaponized,e431bef40967149e37ee,RSS,series,audio,True,verified,approved,6,False,False,network_check_pending,2026-07-28T00:00:00Z,23.5C.1-1.0.0,dup-00207,authoritative,media-audit-baa0b47ad3a61450
inv-00614,weaponized-podcast,WEAPONIZED,2023-weaponized-episode-25,podcast_episode,25,"WEAPONIZED Episode #25 — Tim Burchett, Congressional UFO Hearings, and the Coming House Testimony",2023-07-10,mediaLinks,0,Open the official Episode #25 page,https://www.weaponizedpodcast.com/episodes-1/episode-number-25,https://weaponizedpodcast.com/episodes-1/episode-number-25,d58676eaee3aba616d40,WEAPONIZED,episode,web_page,True,legacy_unspecified,approved,,False,False,network_check_pending,2026-07-28T00:00:00Z,23.5C.1-1.0.0,dup-00208,duplicate,media-audit-3ddc066a3997194c
inv-00615,weaponized-podcast,WEAPONIZED,2023-weaponized-episode-25,podcast_episode,25,"WEAPONIZED Episode #25 — Tim Burchett, Congressional UFO Hearings, and the Coming House Testimony",2023-07-10,mediaLinks,1,Listen to WEAPONIZED,https://link.chtbl.com/Weaponized,https://link.chtbl.com/Weaponized,e431bef40967149e37ee,Official audio feed,series,web_page,True,legacy_unspecified,approved,,False,False,network_check_pending,2026-07-28T00:00:00Z,23.5C.1-1.0.0,dup-00207,duplicate,media-audit-baa0b47ad3a61450
inv-00616,weaponized-podcast,WEAPONIZED,2023-weaponized-episode-25,podcast_episode,25,"WEAPONIZED Episode #25 — Tim Burchett, Congressional UFO Hearings, and the Coming House Testimony",2023-07-10,referenceSources,0,Official WEAPONIZED Episode #25 page,https://www.weaponizedpodcast.com/episodes-1/episode-number-25,https://weaponizedpodcast.com/episodes-1/episode-number-25,d58676eaee3aba616d40,WEAPONIZED website,episode,web_page,False,legacy_unspecified,approved,,False,False,network_check_pending,2026-07-28T00:00:00Z,23.5C.1-1.0.0,dup-00208,duplicate,media-audit-3ddc066a3997194c
inv-00617,weaponized-podcast,WEAPONIZED,2023-weaponized-episode-25,podcast_episode,25,"WEAPONIZED Episode #25 — Tim Burchett, Congressional UFO Hearings, and the Coming House Testimony",2023-07-10,referenceSources,1,Listen to WEAPONIZED,https://link.chtbl.com/Weaponized,https://link.chtbl.com/Weaponized,e431bef40967149e37ee,link.chtbl.com,series,web_page,False,legacy_unspecified,approved,,False,False,network_check_pending,2026-07-28T00:00:00Z,23.5C.1-1.0.0,dup-00207,duplicate,media-audit-baa0b47ad3a61450
inv-00618,weaponized-podcast,WEAPONIZED,2023-weaponized-episode-26,podcast_episode,26,"WEAPONIZED Episode #26 — The UAP Disclosure Act, Chuck Schumer, and the Upcoming House Hearing",2023-07-17,officialMedia,0,Open Official Episode Page,https://www.weaponizedpodcast.com/episodes-1/episode-number-26,https://weaponizedpodcast.com/episodes-1/episode-number-26,b3b611c283e92f7ec031,Official website,episode,web_page,True,verified,approved,1,False,False,network_check_pending,2026-07-28T00:00:00Z,23.5C.1-1.0.0,dup-00210,authoritative,media-audit-45daa3bac13f0dae
inv-00619,weaponized-podcast,WEAPONIZED,2023-weaponized-episode-26,podcast_episode,26,"WEAPONIZED Episode #26 — The UAP Disclosure Act, Chuck Schumer, and the Upcoming House Hearing",2023-07-17,officialMedia,1,Browse Official Podcast Archive,https://link.chtbl.com/Weaponized,https://link.chtbl.com/Weaponized,e431bef40967149e37ee,RSS,series,audio,True,verified,approved,6,False,False,network_check_pending,2026-07-28T00:00:00Z,23.5C.1-1.0.0,dup-00209,authoritative,media-audit-f2376f885b0f797f
inv-00620,weaponized-podcast,WEAPONIZED,2023-weaponized-episode-26,podcast_episode,26,"WEAPONIZED Episode #26 — The UAP Disclosure Act, Chuck Schumer, and the Upcoming House Hearing",2023-07-17,mediaLinks,0,Open the official Episode #26 page,https://www.weaponizedpodcast.com/episodes-1/episode-number-26,https://weaponizedpodcast.com/episodes-1/episode-number-26,b3b611c283e92f7ec031,WEAPONIZED,episode,web_page,True,legacy_unspecified,approved,,False,False,network_check_pending,2026-07-28T00:00:00Z,23.5C.1-1.0.0,dup-00210,duplicate,media-audit-45daa3bac13f0dae
inv-00621,weaponized-podcast,WEAPONIZED,2023-weaponized-episode-26,podcast_episode,26,"WEAPONIZED Episode #26 — The UAP Disclosure Act, Chuck Schumer, and the Upcoming House Hearing",2023-07-17,mediaLinks,1,Listen to WEAPONIZED,https://link.chtbl.com/Weaponized,https://link.chtbl.com/Weaponized,e431bef40967149e37ee,Official audio feed,series,web_page,True,legacy_unspecified,approved,,False,False,network_check_pending,2026-07-28T00:00:00Z,23.5C.1-1.0.0,dup-00209,duplicate,media-audit-f2376f885b0f797f
inv-00622,weaponized-podcast,WEAPONIZED,2023-weaponized-episode-26,podcast_episode,26,"WEAPONIZED Episode #26 — The UAP Disclosure Act, Chuck Schumer, and the Upcoming House Hearing",2023-07-17,referenceSources,0,Official WEAPONIZED Episode #26 page,https://www.weaponizedpodcast.com/episodes-1/episode-number-26,https://weaponizedpodcast.com/episodes-1/episode-number-26,b3b611c283e92f7ec031,WEAPONIZED website,episode,web_page,False,legacy_unspecified,approved,,False,False,network_check_pending,2026-07-28T00:00:00Z,23.5C.1-1.0.0,dup-00210,duplicate,media-audit-45daa3bac13f0dae
inv-00623,weaponized-podcast,WEAPONIZED,2023-weaponized-episode-26,podcast_episode,26,"WEAPONIZED Episode #26 — The UAP Disclosure Act, Chuck Schumer, and the Upcoming House Hearing",2023-07-17,referenceSources,1,Listen to WEAPONIZED,https://link.chtbl.com/Weaponized,https://link.chtbl.com/Weaponized,e431bef40967149e37ee,link.chtbl.com,series,web_page,False,legacy_unspecified,approved,,False,False,network_check_pending,2026-07-28T00:00:00Z,23.5C.1-1.0.0,dup-00209,duplicate,media-audit-f2376f885b0f797f
inv-00624,weaponized-podcast,WEAPONIZED,2023-weaponized-episode-27,podcast_episode,27,WEAPONIZED Episode #27 — The Historic House UAP Hearing and a Fresh Look at the Nimitz Tic Tac Case,2023-07-24,officialMedia,0,Open Official Episode Page,https://www.weaponizedpodcast.com/episodes-1/episode-number-27,https://weaponizedpodcast.com/episodes-1/episode-number-27,9a1ad3bf9c42378cc7fc,Official website,episode,web_page,True,verified,approved,1,False,False,network_check_pending,2026-07-28T00:00:00Z,23.5C.1-1.0.0,dup-00212,authoritative,media-audit-bdb88c482b7478eb
inv-00625,weaponized-podcast,WEAPONIZED,2023-weaponized-episode-27,podcast_episode,27,WEAPONIZED Episode #27 — The Historic House UAP Hearing and a Fresh Look at the Nimitz Tic Tac Case,2023-07-24,officialMedia,1,Browse Official Podcast Archive,https://link.chtbl.com/Weaponized,https://link.chtbl.com/Weaponized,e431bef40967149e37ee,RSS,series,audio,True,verified,approved,6,False,False,network_check_pending,2026-07-28T00:00:00Z,23.5C.1-1.0.0,dup-00211,authoritative,media-audit-2eb85a26a13c174d
inv-00626,weaponized-podcast,WEAPONIZED,2023-weaponized-episode-27,podcast_episode,27,WEAPONIZED Episode #27 — The Historic House UAP Hearing and a Fresh Look at the Nimitz Tic Tac Case,2023-07-24,mediaLinks,0,Open the official Episode #27 page,https://www.weaponizedpodcast.com/episodes-1/episode-number-27,https://weaponizedpodcast.com/episodes-1/episode-number-27,9a1ad3bf9c42378cc7fc,WEAPONIZED,episode,web_page,True,legacy_unspecified,approved,,False,False,network_check_pending,2026-07-28T00:00:00Z,23.5C.1-1.0.0,dup-00212,duplicate,media-audit-bdb88c482b7478eb
inv-00627,weaponized-podcast,WEAPONIZED,2023-weaponized-episode-27,podcast_episode,27,WEAPONIZED Episode #27 — The Historic House UAP Hearing and a Fresh Look at the Nimitz Tic Tac Case,2023-07-24,mediaLinks,1,Listen to WEAPONIZED,https://link.chtbl.com/Weaponized,https://link.chtbl.com/Weaponized,e431bef40967149e37ee,Official audio feed,series,web_page,True,legacy_unspecified,approved,,False,False,network_check_pending,2026-07-28T00:00:00Z,23.5C.1-1.0.0,dup-00211,duplicate,media-audit-2eb85a26a13c174d
inv-00628,weaponized-podcast,WEAPONIZED,2023-weaponized-episode-27,podcast_episode,27,WEAPONIZED Episode #27 — The Historic House UAP Hearing and a Fresh Look at the Nimitz Tic Tac Case,2023-07-24,referenceSources,0,Official WEAPONIZED Episode #27 page,https://www.weaponizedpodcast.com/episodes-1/episode-number-27,https://weaponizedpodcast.com/episodes-1/episode-number-27,9a1ad3bf9c42378cc7fc,WEAPONIZED website,episode,web_page,False,legacy_unspecified,approved,,False,False,network_check_pending,2026-07-28T00:00:00Z,23.5C.1-1.0.0,dup-00212,duplicate,media-audit-bdb88c482b7478eb
inv-00629,weaponized-podcast,WEAPONIZED,2023-weaponized-episode-27,podcast_episode,27,WEAPONIZED Episode #27 — The Historic House UAP Hearing and a Fresh Look at the Nimitz Tic Tac Case,2023-07-24,referenceSources,1,Listen to WEAPONIZED,https://link.chtbl.com/Weaponized,https://link.chtbl.com/Weaponized,e431bef40967149e37ee,link.chtbl.com,series,web_page,False,legacy_unspecified,approved,,False,False,network_check_pending,2026-07-28T00:00:00Z,23.5C.1-1.0.0,dup-00211,duplicate,media-audit-2eb85a26a13c174d
inv-00630,weaponized-podcast,WEAPONIZED,2023-weaponized-episode-28,podcast_episode,28,WEAPONIZED Episode #28 — Congressional Hearing Roundtable,2023-07-31,officialMedia,0,Open Official Episode Page,https://www.weaponizedpodcast.com/episodes-1/episode-number-28,https://weaponizedpodcast.com/episodes-1/episode-number-28,50520ba2c6265702f183,Official website,episode,web_page,True,verified,approved,1,False,False,network_check_pending,2026-07-28T00:00:00Z,23.5C.1-1.0.0,dup-00214,authoritative,media-audit-41851bba3e2ff526
inv-00631,weaponized-podcast,WEAPONIZED,2023-weaponized-episode-28,podcast_episode,28,WEAPONIZED Episode #28 — Congressional Hearing Roundtable,2023-07-31,officialMedia,1,Browse Official Podcast Archive,https://link.chtbl.com/Weaponized,https://link.chtbl.com/Weaponized,e431bef40967149e37ee,RSS,series,audio,True,verified,approved,6,False,False,network_check_pending,2026-07-28T00:00:00Z,23.5C.1-1.0.0,dup-00213,authoritative,media-audit-b4d1fbcaa05924b9
inv-00632,weaponized-podcast,WEAPONIZED,2023-weaponized-episode-28,podcast_episode,28,WEAPONIZED Episode #28 — Congressional Hearing Roundtable,2023-07-31,mediaLinks,0,Open the official Episode #28 page,https://www.weaponizedpodcast.com/episodes-1/episode-number-28,https://weaponizedpodcast.com/episodes-1/episode-number-28,50520ba2c6265702f183,WEAPONIZED,episode,web_page,True,legacy_unspecified,approved,,False,False,network_check_pending,2026-07-28T00:00:00Z,23.5C.1-1.0.0,dup-00214,duplicate,media-audit-41851bba3e2ff526
inv-00633,weaponized-podcast,WEAPONIZED,2023-weaponized-episode-28,podcast_episode,28,WEAPONIZED Episode #28 — Congressional Hearing Roundtable,2023-07-31,mediaLinks,1,Listen to WEAPONIZED,https://link.chtbl.com/Weaponized,https://link.chtbl.com/Weaponized,e431bef40967149e37ee,Official audio feed,series,web_page,True,legacy_unspecified,approved,,False,False,network_check_pending,2026-07-28T00:00:00Z,23.5C.1-1.0.0,dup-00213,duplicate,media-audit-b4d1fbcaa05924b9
inv-00634,weaponized-podcast,WEAPONIZED,2023-weaponized-episode-28,podcast_episode,28,WEAPONIZED Episode #28 — Congressional Hearing Roundtable,2023-07-31,referenceSources,0,Open the official Episode #28 page,https://www.weaponizedpodcast.com/episodes-1/episode-number-28,https://weaponizedpodcast.com/episodes-1/episode-number-28,50520ba2c6265702f183,WEAPONIZED website,episode,web_page,False,legacy_unspecified,approved,,False,False,network_check_pending,2026-07-28T00:00:00Z,23.5C.1-1.0.0,dup-00214,duplicate,media-audit-41851bba3e2ff526
inv-00635,weaponized-podcast,WEAPONIZED,2023-weaponized-episode-28,podcast_episode,28,WEAPONIZED Episode #28 — Congressional Hearing Roundtable,2023-07-31,referenceSources,1,Listen to WEAPONIZED,https://link.chtbl.com/Weaponized,https://link.chtbl.com/Weaponized,e431bef40967149e37ee,link.chtbl.com,series,web_page,False,legacy_unspecified,approved,,False,False,network_check_pending,2026-07-28T00:00:00Z,23.5C.1-1.0.0,dup-00213,duplicate,media-audit-b4d1fbcaa05924b9
inv-00636,weaponized-podcast,WEAPONIZED,2023-weaponized-episode-29,podcast_episode,29,WEAPONIZED Episode #29 — David Fravor and the Nimitz Tic Tac Encounter,2023-08-07,officialMedia,0,Open Official Episode Page,https://www.weaponizedpodcast.com/episodes-1/episode-number-29,https://weaponizedpodcast.com/episodes-1/episode-number-29,f4b5dfbf7e83b41cbea5,Official website,episode,web_page,True,verified,approved,1,False,False,network_check_pending,2026-07-28T00:00:00Z,23.5C.1-1.0.0,dup-00216,authoritative,media-audit-e721857e28c84d6c
inv-00637,weaponized-podcast,WEAPONIZED,2023-weaponized-episode-29,podcast_episode,29,WEAPONIZED Episode #29 — David Fravor and the Nimitz Tic Tac Encounter,2023-08-07,officialMedia,1,Browse Official Podcast Archive,https://link.chtbl.com/Weaponized,https://link.chtbl.com/Weaponized,e431bef40967149e37ee,RSS,series,audio,True,verified,approved,6,False,False,network_check_pending,2026-07-28T00:00:00Z,23.5C.1-1.0.0,dup-00215,authoritative,media-audit-0aa30e5f4bedd15c
inv-00638,weaponized-podcast,WEAPONIZED,2023-weaponized-episode-29,podcast_episode,29,WEAPONIZED Episode #29 — David Fravor and the Nimitz Tic Tac Encounter,2023-08-07,mediaLinks,0,Open the official Episode #29 page,https://www.weaponizedpodcast.com/episodes-1/episode-number-29,https://weaponizedpodcast.com/episodes-1/episode-number-29,f4b5dfbf7e83b41cbea5,WEAPONIZED,episode,web_page,True,legacy_unspecified,approved,,False,False,network_check_pending,2026-07-28T00:00:00Z,23.5C.1-1.0.0,dup-00216,duplicate,media-audit-e721857e28c84d6c
inv-00639,weaponized-podcast,WEAPONIZED,2023-weaponized-episode-29,podcast_episode,29,WEAPONIZED Episode #29 — David Fravor and the Nimitz Tic Tac Encounter,2023-08-07,mediaLinks,1,Listen to WEAPONIZED,https://link.chtbl.com/Weaponized,https://link.chtbl.com/Weaponized,e431bef40967149e37ee,Official audio feed,series,web_page,True,legacy_unspecified,approved,,False,False,network_check_pending,2026-07-28T00:00:00Z,23.5C.1-1.0.0,dup-00215,duplicate,media-audit-0aa30e5f4bedd15c
inv-00640,weaponized-podcast,WEAPONIZED,2023-weaponized-episode-29,podcast_episode,29,WEAPONIZED Episode #29 — David Fravor and the Nimitz Tic Tac Encounter,2023-08-07,referenceSources,0,Official WEAPONIZED Episode #29 page,https://www.weaponizedpodcast.com/episodes-1/episode-number-29,https://weaponizedpodcast.com/episodes-1/episode-number-29,f4b5dfbf7e83b41cbea5,WEAPONIZED website,episode,web_page,False,legacy_unspecified,approved,,False,False,network_check_pending,2026-07-28T00:00:00Z,23.5C.1-1.0.0,dup-00216,duplicate,media-audit-e721857e28c84d6c
inv-00641,weaponized-podcast,WEAPONIZED,2023-weaponized-episode-29,podcast_episode,29,WEAPONIZED Episode #29 — David Fravor and the Nimitz Tic Tac Encounter,2023-08-07,referenceSources,1,Listen to WEAPONIZED,https://link.chtbl.com/Weaponized,https://link.chtbl.com/Weaponized,e431bef40967149e37ee,link.chtbl.com,series,web_page,False,legacy_unspecified,approved,,False,False,network_check_pending,2026-07-28T00:00:00Z,23.5C.1-1.0.0,dup-00215,duplicate,media-audit-0aa30e5f4bedd15c
inv-00642,weaponized-podcast,WEAPONIZED,2023-weaponized-episode-3,podcast_episode,3,"WEAPONIZED Episode #3 — Jay Stratton — AAWSAP, AATIP, and the UAP Task Force",2023-02-06,officialMedia,0,Open Official Episode Page,https://www.weaponizedpodcast.com/episodes-1/episode-number-3,https://weaponizedpodcast.com/episodes-1/episode-number-3,d17db1255417d816e0a3,Official website,episode,web_page,True,verified,approved,1,False,False,network_check_pending,2026-07-28T00:00:00Z,23.5C.1-1.0.0,dup-00218,authoritative,media-audit-bc50d8fe11bff461
inv-00643,weaponized-podcast,WEAPONIZED,2023-weaponized-episode-3,podcast_episode,3,"WEAPONIZED Episode #3 — Jay Stratton — AAWSAP, AATIP, and the UAP Task Force",2023-02-06,officialMedia,1,Browse Official Podcast Archive,https://link.chtbl.com/Weaponized,https://link.chtbl.com/Weaponized,e431bef40967149e37ee,RSS,series,audio,True,verified,approved,6,False,False,network_check_pending,2026-07-28T00:00:00Z,23.5C.1-1.0.0,dup-00217,authoritative,media-audit-653247859411c19b
inv-00644,weaponized-podcast,WEAPONIZED,2023-weaponized-episode-3,podcast_episode,3,"WEAPONIZED Episode #3 — Jay Stratton — AAWSAP, AATIP, and the UAP Task Force",2023-02-06,mediaLinks,0,Open the official Episode #3 page,https://www.weaponizedpodcast.com/episodes-1/episode-number-3,https://weaponizedpodcast.com/episodes-1/episode-number-3,d17db1255417d816e0a3,WEAPONIZED,episode,web_page,True,legacy_unspecified,approved,,False,False,network_check_pending,2026-07-28T00:00:00Z,23.5C.1-1.0.0,dup-00218,duplicate,media-audit-bc50d8fe11bff461
inv-00645,weaponized-podcast,WEAPONIZED,2023-weaponized-episode-3,podcast_episode,3,"WEAPONIZED Episode #3 — Jay Stratton — AAWSAP, AATIP, and the UAP Task Force",2023-02-06,mediaLinks,1,Listen to WEAPONIZED,https://link.chtbl.com/Weaponized,https://link.chtbl.com/Weaponized,e431bef40967149e37ee,Official audio feed,series,web_page,True,legacy_unspecified,approved,,False,False,network_check_pending,2026-07-28T00:00:00Z,23.5C.1-1.0.0,dup-00217,duplicate,media-audit-653247859411c19b
inv-00646,weaponized-podcast,WEAPONIZED,2023-weaponized-episode-3,podcast_episode,3,"WEAPONIZED Episode #3 — Jay Stratton — AAWSAP, AATIP, and the UAP Task Force",2023-02-06,referenceSources,0,Official WEAPONIZED Episode #3 page,https://www.weaponizedpodcast.com/episodes-1/episode-number-3,https://weaponizedpodcast.com/episodes-1/episode-number-3,d17db1255417d816e0a3,WEAPONIZED website,episode,web_page,False,legacy_unspecified,approved,,False,False,network_check_pending,2026-07-28T00:00:00Z,23.5C.1-1.0.0,dup-00218,duplicate,media-audit-bc50d8fe11bff461
inv-00647,weaponized-podcast,WEAPONIZED,2023-weaponized-episode-3,podcast_episode,3,"WEAPONIZED Episode #3 — Jay Stratton — AAWSAP, AATIP, and the UAP Task Force",2023-02-06,referenceSources,1,Listen to WEAPONIZED,https://link.chtbl.com/Weaponized,https://link.chtbl.com/Weaponized,e431bef40967149e37ee,link.chtbl.com,series,web_page,False,legacy_unspecified,approved,,False,False,network_check_pending,2026-07-28T00:00:00Z,23.5C.1-1.0.0,dup-00217,duplicate,media-audit-653247859411c19b
inv-00648,weaponized-podcast,WEAPONIZED,2023-weaponized-episode-30,podcast_episode,30,"WEAPONIZED Episode #30 — David Grusch, Whistleblower Retaliation, and the Attempt to Discredit His Testimony",2023-08-14,officialMedia,0,Open Official Episode Page,https://www.weaponizedpodcast.com/episodes-1/episode-number-30,https://weaponizedpodcast.com/episodes-1/episode-number-30,4e80af68ed2996f27227,Official website,episode,web_page,True,verified,approved,1,False,False,network_check_pending,2026-07-28T00:00:00Z,23.5C.1-1.0.0,dup-00220,authoritative,media-audit-0a55811474541663
inv-00649,weaponized-podcast,WEAPONIZED,2023-weaponized-episode-30,podcast_episode,30,"WEAPONIZED Episode #30 — David Grusch, Whistleblower Retaliation, and the Attempt to Discredit His Testimony",2023-08-14,officialMedia,1,Browse Official Podcast Archive,https://link.chtbl.com/Weaponized,https://link.chtbl.com/Weaponized,e431bef40967149e37ee,RSS,series,audio,True,verified,approved,6,False,False,network_check_pending,2026-07-28T00:00:00Z,23.5C.1-1.0.0,dup-00219,authoritative,media-audit-fa94005c600ef254
inv-00650,weaponized-podcast,WEAPONIZED,2023-weaponized-episode-30,podcast_episode,30,"WEAPONIZED Episode #30 — David Grusch, Whistleblower Retaliation, and the Attempt to Discredit His Testimony",2023-08-14,mediaLinks,0,Open the official Episode #30 page,https://www.weaponizedpodcast.com/episodes-1/episode-number-30,https://weaponizedpodcast.com/episodes-1/episode-number-30,4e80af68ed2996f27227,WEAPONIZED,episode,web_page,True,legacy_unspecified,approved,,False,False,network_check_pending,2026-07-28T00:00:00Z,23.5C.1-1.0.0,dup-00220,duplicate,media-audit-0a55811474541663
inv-00651,weaponized-podcast,WEAPONIZED,2023-weaponized-episode-30,podcast_episode,30,"WEAPONIZED Episode #30 — David Grusch, Whistleblower Retaliation, and the Attempt to Discredit His Testimony",2023-08-14,mediaLinks,1,Listen to WEAPONIZED,https://link.chtbl.com/Weaponized,https://link.chtbl.com/Weaponized,e431bef40967149e37ee,Official audio feed,series,web_page,True,legacy_unspecified,approved,,False,False,network_check_pending,2026-07-28T00:00:00Z,23.5C.1-1.0.0,dup-00219,duplicate,media-audit-fa94005c600ef254
inv-00652,weaponized-podcast,WEAPONIZED,2023-weaponized-episode-30,podcast_episode,30,"WEAPONIZED Episode #30 — David Grusch, Whistleblower Retaliation, and the Attempt to Discredit His Testimony",2023-08-14,referenceSources,0,Official WEAPONIZED Episode #30 page,https://www.weaponizedpodcast.com/episodes-1/episode-number-30,https://weaponizedpodcast.com/episodes-1/episode-number-30,4e80af68ed2996f27227,WEAPONIZED website,episode,web_page,False,legacy_unspecified,approved,,False,False,network_check_pending,2026-07-28T00:00:00Z,23.5C.1-1.0.0,dup-00220,duplicate,media-audit-0a55811474541663
inv-00653,weaponized-podcast,WEAPONIZED,2023-weaponized-episode-30,podcast_episode,30,"WEAPONIZED Episode #30 — David Grusch, Whistleblower Retaliation, and the Attempt to Discredit His Testimony",2023-08-14,referenceSources,1,Listen to WEAPONIZED,https://link.chtbl.com/Weaponized,https://link.chtbl.com/Weaponized,e431bef40967149e37ee,link.chtbl.com,series,web_page,False,legacy_unspecified,approved,,False,False,network_check_pending,2026-07-28T00:00:00Z,23.5C.1-1.0.0,dup-00219,duplicate,media-audit-fa94005c600ef254
inv-00654,weaponized-podcast,WEAPONIZED,2023-weaponized-episode-31,podcast_episode,31,"WEAPONIZED Episode #31 — Wayne Pacelle — Factory Farming, Animal Welfare, and Corporate Power",2023-08-21,officialMedia,0,Open Official Episode Page,https://www.weaponizedpodcast.com/episodes-2/episode-31,https://weaponizedpodcast.com/episodes-2/episode-31,c468bf46ba487f8ca64f,Official website,episode,web_page,True,verified,approved,1,False,False,network_check_pending,2026-07-28T00:00:00Z,23.5C.1-1.0.0,dup-00222,authoritative,media-audit-1465db79fd0c9a6d
inv-00655,weaponized-podcast,WEAPONIZED,2023-weaponized-episode-31,podcast_episode,31,"WEAPONIZED Episode #31 — Wayne Pacelle — Factory Farming, Animal Welfare, and Corporate Power",2023-08-21,officialMedia,1,Browse Official Podcast Archive,https://link.chtbl.com/Weaponized,https://link.chtbl.com/Weaponized,e431bef40967149e37ee,RSS,series,audio,True,verified,approved,6,False,False,network_check_pending,2026-07-28T00:00:00Z,23.5C.1-1.0.0,dup-00221,authoritative,media-audit-aae9dc07b158c59d
inv-00656,weaponized-podcast,WEAPONIZED,2023-weaponized-episode-31,podcast_episode,31,"WEAPONIZED Episode #31 — Wayne Pacelle — Factory Farming, Animal Welfare, and Corporate Power",2023-08-21,mediaLinks,0,Open the official Episode #31 page,https://www.weaponizedpodcast.com/episodes-2/episode-31,https://weaponizedpodcast.com/episodes-2/episode-31,c468bf46ba487f8ca64f,WEAPONIZED,episode,web_page,True,legacy_unspecified,approved,,False,False,network_check_pending,2026-07-28T00:00:00Z,23.5C.1-1.0.0,dup-00222,duplicate,media-audit-1465db79fd0c9a6d
inv-00657,weaponized-podcast,WEAPONIZED,2023-weaponized-episode-31,podcast_episode,31,"WEAPONIZED Episode #31 — Wayne Pacelle — Factory Farming, Animal Welfare, and Corporate Power",2023-08-21,mediaLinks,1,Listen to WEAPONIZED,https://link.chtbl.com/Weaponized,https://link.chtbl.com/Weaponized,e431bef40967149e37ee,Official audio feed,series,web_page,True,legacy_unspecified,approved,,False,False,network_check_pending,2026-07-28T00:00:00Z,23.5C.1-1.0.0,dup-00221,duplicate,media-audit-aae9dc07b158c59d
inv-00658,weaponized-podcast,WEAPONIZED,2023-weaponized-episode-31,podcast_episode,31,"WEAPONIZED Episode #31 — Wayne Pacelle — Factory Farming, Animal Welfare, and Corporate Power",2023-08-21,referenceSources,0,Official WEAPONIZED Episode #31 page,https://www.weaponizedpodcast.com/episodes-2/episode-31,https://weaponizedpodcast.com/episodes-2/episode-31,c468bf46ba487f8ca64f,WEAPONIZED website,episode,web_page,False,legacy_unspecified,approved,,False,False,network_check_pending,2026-07-28T00:00:00Z,23.5C.1-1.0.0,dup-00222,duplicate,media-audit-1465db79fd0c9a6d
inv-00659,weaponized-podcast,WEAPONIZED,2023-weaponized-episode-31,podcast_episode,31,"WEAPONIZED Episode #31 — Wayne Pacelle — Factory Farming, Animal Welfare, and Corporate Power",2023-08-21,referenceSources,1,Listen to WEAPONIZED,https://link.chtbl.com/Weaponized,https://link.chtbl.com/Weaponized,e431bef40967149e37ee,link.chtbl.com,series,web_page,False,legacy_unspecified,approved,,False,False,network_check_pending,2026-07-28T00:00:00Z,23.5C.1-1.0.0,dup-00221,duplicate,media-audit-aae9dc07b158c59d
inv-00660,weaponized-podcast,WEAPONIZED,2023-weaponized-episode-32,podcast_episode,32,"WEAPONIZED Episode #32 — John Lear — Aviation, Secrecy, and a Controversial UFO Legacy",2023-08-28,officialMedia,0,Open Official Episode Page,https://www.weaponizedpodcast.com/episodes-2/episode-32,https://weaponizedpodcast.com/episodes-2/episode-32,042f9d04242e25d67045,Official website,episode,web_page,True,verified,approved,1,False,False,network_check_pending,2026-07-28T00:00:00Z,23.5C.1-1.0.0,dup-00224,authoritative,media-audit-b94e6a2beb2b9085
inv-00661,weaponized-podcast,WEAPONIZED,2023-weaponized-episode-32,podcast_episode,32,"WEAPONIZED Episode #32 — John Lear — Aviation, Secrecy, and a Controversial UFO Legacy",2023-08-28,officialMedia,1,Browse Official Podcast Archive,https://link.chtbl.com/Weaponized,https://link.chtbl.com/Weaponized,e431bef40967149e37ee,RSS,series,audio,True,verified,approved,6,False,False,network_check_pending,2026-07-28T00:00:00Z,23.5C.1-1.0.0,dup-00223,authoritative,media-audit-248f007143a29970
inv-00662,weaponized-podcast,WEAPONIZED,2023-weaponized-episode-32,podcast_episode,32,"WEAPONIZED Episode #32 — John Lear — Aviation, Secrecy, and a Controversial UFO Legacy",2023-08-28,mediaLinks,0,Open the official Episode #32 page,https://www.weaponizedpodcast.com/episodes-2/episode-32,https://weaponizedpodcast.com/episodes-2/episode-32,042f9d04242e25d67045,WEAPONIZED,episode,web_page,True,legacy_unspecified,approved,,False,False,network_check_pending,2026-07-28T00:00:00Z,23.5C.1-1.0.0,dup-00224,duplicate,media-audit-b94e6a2beb2b9085
inv-00663,weaponized-podcast,WEAPONIZED,2023-weaponized-episode-32,podcast_episode,32,"WEAPONIZED Episode #32 — John Lear — Aviation, Secrecy, and a Controversial UFO Legacy",2023-08-28,mediaLinks,1,Listen to WEAPONIZED,https://link.chtbl.com/Weaponized,https://link.chtbl.com/Weaponized,e431bef40967149e37ee,Official audio feed,series,web_page,True,legacy_unspecified,approved,,False,False,network_check_pending,2026-07-28T00:00:00Z,23.5C.1-1.0.0,dup-00223,duplicate,media-audit-248f007143a29970
inv-00664,weaponized-podcast,WEAPONIZED,2023-weaponized-episode-32,podcast_episode,32,"WEAPONIZED Episode #32 — John Lear — Aviation, Secrecy, and a Controversial UFO Legacy",2023-08-28,referenceSources,0,Official WEAPONIZED Episode #32 page,https://www.weaponizedpodcast.com/episodes-2/episode-32,https://weaponizedpodcast.com/episodes-2/episode-32,042f9d04242e25d67045,WEAPONIZED website,episode,web_page,False,legacy_unspecified,approved,,False,False,network_check_pending,2026-07-28T00:00:00Z,23.5C.1-1.0.0,dup-00224,duplicate,media-audit-b94e6a2beb2b9085
inv-00665,weaponized-podcast,WEAPONIZED,2023-weaponized-episode-32,podcast_episode,32,"WEAPONIZED Episode #32 — John Lear — Aviation, Secrecy, and a Controversial UFO Legacy",2023-08-28,referenceSources,1,Listen to WEAPONIZED,https://link.chtbl.com/Weaponized,https://link.chtbl.com/Weaponized,e431bef40967149e37ee,link.chtbl.com,series,web_page,False,legacy_unspecified,approved,,False,False,network_check_pending,2026-07-28T00:00:00Z,23.5C.1-1.0.0,dup-00223,duplicate,media-audit-248f007143a29970
inv-00666,weaponized-podcast,WEAPONIZED,2023-weaponized-episode-33,podcast_episode,33,"WEAPONIZED Episode #33 — AARO, Crash Retrievals, and the Dark Side of the UFO Mystery",2023-09-04,officialMedia,0,Open Official Episode Page,https://www.weaponizedpodcast.com/episodes-2/episode-33,https://weaponizedpodcast.com/episodes-2/episode-33,632b3988ba4707f5dc44,Official website,episode,web_page,True,verified,approved,1,False,False,network_check_pending,2026-07-28T00:00:00Z,23.5C.1-1.0.0,dup-00226,authoritative,media-audit-56712018c3e24f58
inv-00667,weaponized-podcast,WEAPONIZED,2023-weaponized-episode-33,podcast_episode,33,"WEAPONIZED Episode #33 — AARO, Crash Retrievals, and the Dark Side of the UFO Mystery",2023-09-04,officialMedia,1,Browse Official Podcast Archive,https://link.chtbl.com/Weaponized,https://link.chtbl.com/Weaponized,e431bef40967149e37ee,RSS,series,audio,True,verified,approved,6,False,False,network_check_pending,2026-07-28T00:00:00Z,23.5C.1-1.0.0,dup-00225,authoritative,media-audit-8e0048c272d739eb
inv-00668,weaponized-podcast,WEAPONIZED,2023-weaponized-episode-33,podcast_episode,33,"WEAPONIZED Episode #33 — AARO, Crash Retrievals, and the Dark Side of the UFO Mystery",2023-09-04,mediaLinks,0,Open the official Episode #33 page,https://www.weaponizedpodcast.com/episodes-2/episode-33,https://weaponizedpodcast.com/episodes-2/episode-33,632b3988ba4707f5dc44,WEAPONIZED,episode,web_page,True,legacy_unspecified,approved,,False,False,network_check_pending,2026-07-28T00:00:00Z,23.5C.1-1.0.0,dup-00226,duplicate,media-audit-56712018c3e24f58
inv-00669,weaponized-podcast,WEAPONIZED,2023-weaponized-episode-33,podcast_episode,33,"WEAPONIZED Episode #33 — AARO, Crash Retrievals, and the Dark Side of the UFO Mystery",2023-09-04,mediaLinks,1,Listen to WEAPONIZED,https://link.chtbl.com/Weaponized,https://link.chtbl.com/Weaponized,e431bef40967149e37ee,Official audio feed,series,web_page,True,legacy_unspecified,approved,,False,False,network_check_pending,2026-07-28T00:00:00Z,23.5C.1-1.0.0,dup-00225,duplicate,media-audit-8e0048c272d739eb
inv-00670,weaponized-podcast,WEAPONIZED,2023-weaponized-episode-33,podcast_episode,33,"WEAPONIZED Episode #33 — AARO, Crash Retrievals, and the Dark Side of the UFO Mystery",2023-09-04,referenceSources,0,Official WEAPONIZED Episode #33 page,https://www.weaponizedpodcast.com/episodes-2/episode-33,https://weaponizedpodcast.com/episodes-2/episode-33,632b3988ba4707f5dc44,WEAPONIZED website,episode,web_page,False,legacy_unspecified,approved,,False,False,network_check_pending,2026-07-28T00:00:00Z,23.5C.1-1.0.0,dup-00226,duplicate,media-audit-56712018c3e24f58
inv-00671,weaponized-podcast,WEAPONIZED,2023-weaponized-episode-33,podcast_episode,33,"WEAPONIZED Episode #33 — AARO, Crash Retrievals, and the Dark Side of the UFO Mystery",2023-09-04,referenceSources,1,Listen to WEAPONIZED,https://link.chtbl.com/Weaponized,https://link.chtbl.com/Weaponized,e431bef40967149e37ee,link.chtbl.com,series,web_page,False,legacy_unspecified,approved,,False,False,network_check_pending,2026-07-28T00:00:00Z,23.5C.1-1.0.0,dup-00225,duplicate,media-audit-8e0048c272d739eb
inv-00672,weaponized-podcast,WEAPONIZED,2023-weaponized-episode-34,podcast_episode,34,WEAPONIZED Episode #34 — The Pushback Against UFO Transparency,2023-09-18,officialMedia,0,Open Official Episode Page,https://www.weaponizedpodcast.com/episodes-2/episode-34,https://weaponizedpodcast.com/episodes-2/episode-34,975e5e49e6b4a2c59ed3,Official website,episode,web_page,True,verified,approved,1,False,False,network_check_pending,2026-07-28T00:00:00Z,23.5C.1-1.0.0,dup-00228,authoritative,media-audit-672e5ff0293341b6
inv-00673,weaponized-podcast,WEAPONIZED,2023-weaponized-episode-34,podcast_episode,34,WEAPONIZED Episode #34 — The Pushback Against UFO Transparency,2023-09-18,officialMedia,1,Browse Official Podcast Archive,https://link.chtbl.com/Weaponized,https://link.chtbl.com/Weaponized,e431bef40967149e37ee,RSS,series,audio,True,verified,approved,6,False,False,network_check_pending,2026-07-28T00:00:00Z,23.5C.1-1.0.0,dup-00227,authoritative,media-audit-b115c27112770ca9
inv-00674,weaponized-podcast,WEAPONIZED,2023-weaponized-episode-34,podcast_episode,34,WEAPONIZED Episode #34 — The Pushback Against UFO Transparency,2023-09-18,mediaLinks,0,Open the official Episode #34 page,https://www.weaponizedpodcast.com/episodes-2/episode-34,https://weaponizedpodcast.com/episodes-2/episode-34,975e5e49e6b4a2c59ed3,WEAPONIZED,episode,web_page,True,legacy_unspecified,approved,,False,False,network_check_pending,2026-07-28T00:00:00Z,23.5C.1-1.0.0,dup-00228,duplicate,media-audit-672e5ff0293341b6
inv-00675,weaponized-podcast,WEAPONIZED,2023-weaponized-episode-34,podcast_episode,34,WEAPONIZED Episode #34 — The Pushback Against UFO Transparency,2023-09-18,mediaLinks,1,Listen to WEAPONIZED,https://link.chtbl.com/Weaponized,https://link.chtbl.com/Weaponized,e431bef40967149e37ee,Official audio feed,series,web_page,True,legacy_unspecified,approved,,False,False,network_check_pending,2026-07-28T00:00:00Z,23.5C.1-1.0.0,dup-00227,duplicate,media-audit-b115c27112770ca9
inv-00676,weaponized-podcast,WEAPONIZED,2023-weaponized-episode-34,podcast_episode,34,WEAPONIZED Episode #34 — The Pushback Against UFO Transparency,2023-09-18,referenceSources,0,Official WEAPONIZED Episode #34 page,https://www.weaponizedpodcast.com/episodes-2/episode-34,https://weaponizedpodcast.com/episodes-2/episode-34,975e5e49e6b4a2c59ed3,WEAPONIZED website,episode,web_page,False,legacy_unspecified,approved,,False,False,network_check_pending,2026-07-28T00:00:00Z,23.5C.1-1.0.0,dup-00228,duplicate,media-audit-672e5ff0293341b6
inv-00677,weaponized-podcast,WEAPONIZED,2023-weaponized-episode-34,podcast_episode,34,WEAPONIZED Episode #34 — The Pushback Against UFO Transparency,2023-09-18,referenceSources,1,Listen to WEAPONIZED,https://link.chtbl.com/Weaponized,https://link.chtbl.com/Weaponized,e431bef40967149e37ee,link.chtbl.com,series,web_page,False,legacy_unspecified,approved,,False,False,network_check_pending,2026-07-28T00:00:00Z,23.5C.1-1.0.0,dup-00227,duplicate,media-audit-b115c27112770ca9
inv-00678,weaponized-podcast,WEAPONIZED,2023-weaponized-episode-35,podcast_episode,35,"WEAPONIZED Episode #35 — UFO History, Gulf of Mexico Objects, and Congressional Stakes",2023-09-25,officialMedia,0,Open Official Episode Page,https://www.weaponizedpodcast.com/episodes-2/episode-35,https://weaponizedpodcast.com/episodes-2/episode-35,8b49908fcc392ce829e2,Official website,episode,web_page,True,verified,approved,1,False,False,network_check_pending,2026-07-28T00:00:00Z,23.5C.1-1.0.0,dup-00230,authoritative,media-audit-3b4cd39ef7490349
inv-00679,weaponized-podcast,WEAPONIZED,2023-weaponized-episode-35,podcast_episode,35,"WEAPONIZED Episode #35 — UFO History, Gulf of Mexico Objects, and Congressional Stakes",2023-09-25,officialMedia,1,Browse Official Podcast Archive,https://link.chtbl.com/Weaponized,https://link.chtbl.com/Weaponized,e431bef40967149e37ee,RSS,series,audio,True,verified,approved,6,False,False,network_check_pending,2026-07-28T00:00:00Z,23.5C.1-1.0.0,dup-00229,authoritative,media-audit-d1988692212bd100
inv-00680,weaponized-podcast,WEAPONIZED,2023-weaponized-episode-35,podcast_episode,35,"WEAPONIZED Episode #35 — UFO History, Gulf of Mexico Objects, and Congressional Stakes",2023-09-25,mediaLinks,0,Open the official Episode #35 page,https://www.weaponizedpodcast.com/episodes-2/episode-35,https://weaponizedpodcast.com/episodes-2/episode-35,8b49908fcc392ce829e2,WEAPONIZED,episode,web_page,True,legacy_unspecified,approved,,False,False,network_check_pending,2026-07-28T00:00:00Z,23.5C.1-1.0.0,dup-00230,duplicate,media-audit-3b4cd39ef7490349
inv-00681,weaponized-podcast,WEAPONIZED,2023-weaponized-episode-35,podcast_episode,35,"WEAPONIZED Episode #35 — UFO History, Gulf of Mexico Objects, and Congressional Stakes",2023-09-25,mediaLinks,1,Listen to WEAPONIZED,https://link.chtbl.com/Weaponized,https://link.chtbl.com/Weaponized,e431bef40967149e37ee,Official audio feed,series,web_page,True,legacy_unspecified,approved,,False,False,network_check_pending,2026-07-28T00:00:00Z,23.5C.1-1.0.0,dup-00229,duplicate,media-audit-d1988692212bd100
inv-00682,weaponized-podcast,WEAPONIZED,2023-weaponized-episode-35,podcast_episode,35,"WEAPONIZED Episode #35 — UFO History, Gulf of Mexico Objects, and Congressional Stakes",2023-09-25,referenceSources,0,Official WEAPONIZED Episode #35 page,https://www.weaponizedpodcast.com/episodes-2/episode-35,https://weaponizedpodcast.com/episodes-2/episode-35,8b49908fcc392ce829e2,WEAPONIZED website,episode,web_page,False,legacy_unspecified,approved,,False,False,network_check_pending,2026-07-28T00:00:00Z,23.5C.1-1.0.0,dup-00230,duplicate,media-audit-3b4cd39ef7490349
inv-00683,weaponized-podcast,WEAPONIZED,2023-weaponized-episode-35,podcast_episode,35,"WEAPONIZED Episode #35 — UFO History, Gulf of Mexico Objects, and Congressional Stakes",2023-09-25,referenceSources,1,Listen to WEAPONIZED,https://link.chtbl.com/Weaponized,https://link.chtbl.com/Weaponized,e431bef40967149e37ee,link.chtbl.com,series,web_page,False,legacy_unspecified,approved,,False,False,network_check_pending,2026-07-28T00:00:00Z,23.5C.1-1.0.0,dup-00229,duplicate,media-audit-d1988692212bd100
inv-00684,weaponized-podcast,WEAPONIZED,2023-weaponized-episode-36,podcast_episode,36,"WEAPONIZED Episode #36 — Jules Urbach — Virtual Reality, AI, and Post-Biological Intelligence",2023-10-02,officialMedia,0,Open Official Episode Page,https://www.weaponizedpodcast.com/episodes-2/episode-36,https://weaponizedpodcast.com/episodes-2/episode-36,5083c7ed7674923f52bc,Official website,episode,web_page,True,verified,approved,1,False,False,network_check_pending,2026-07-28T00:00:00Z,23.5C.1-1.0.0,dup-00232,authoritative,media-audit-aa5f5efdb11fbcb5
inv-00685,weaponized-podcast,WEAPONIZED,2023-weaponized-episode-36,podcast_episode,36,"WEAPONIZED Episode #36 — Jules Urbach — Virtual Reality, AI, and Post-Biological Intelligence",2023-10-02,officialMedia,1,Browse Official Podcast Archive,https://link.chtbl.com/Weaponized,https://link.chtbl.com/Weaponized,e431bef40967149e37ee,RSS,series,audio,True,verified,approved,6,False,False,network_check_pending,2026-07-28T00:00:00Z,23.5C.1-1.0.0,dup-00231,authoritative,media-audit-1679fbfd0a5be6af
inv-00686,weaponized-podcast,WEAPONIZED,2023-weaponized-episode-36,podcast_episode,36,"WEAPONIZED Episode #36 — Jules Urbach — Virtual Reality, AI, and Post-Biological Intelligence",2023-10-02,mediaLinks,0,Open the official Episode #36 page,https://www.weaponizedpodcast.com/episodes-2/episode-36,https://weaponizedpodcast.com/episodes-2/episode-36,5083c7ed7674923f52bc,WEAPONIZED,episode,web_page,True,legacy_unspecified,approved,,False,False,network_check_pending,2026-07-28T00:00:00Z,23.5C.1-1.0.0,dup-00232,duplicate,media-audit-aa5f5efdb11fbcb5
inv-00687,weaponized-podcast,WEAPONIZED,2023-weaponized-episode-36,podcast_episode,36,"WEAPONIZED Episode #36 — Jules Urbach — Virtual Reality, AI, and Post-Biological Intelligence",2023-10-02,mediaLinks,1,Listen to WEAPONIZED,https://link.chtbl.com/Weaponized,https://link.chtbl.com/Weaponized,e431bef40967149e37ee,Official audio feed,series,web_page,True,legacy_unspecified,approved,,False,False,network_check_pending,2026-07-28T00:00:00Z,23.5C.1-1.0.0,dup-00231,duplicate,media-audit-1679fbfd0a5be6af
inv-00688,weaponized-podcast,WEAPONIZED,2023-weaponized-episode-36,podcast_episode,36,"WEAPONIZED Episode #36 — Jules Urbach — Virtual Reality, AI, and Post-Biological Intelligence",2023-10-02,referenceSources,0,Official WEAPONIZED Episode #36 page,https://www.weaponizedpodcast.com/episodes-2/episode-36,https://weaponizedpodcast.com/episodes-2/episode-36,5083c7ed7674923f52bc,WEAPONIZED website,episode,web_page,False,legacy_unspecified,approved,,False,False,network_check_pending,2026-07-28T00:00:00Z,23.5C.1-1.0.0,dup-00232,duplicate,media-audit-aa5f5efdb11fbcb5
inv-00689,weaponized-podcast,WEAPONIZED,2023-weaponized-episode-36,podcast_episode,36,"WEAPONIZED Episode #36 — Jules Urbach — Virtual Reality, AI, and Post-Biological Intelligence",2023-10-02,referenceSources,1,Listen to WEAPONIZED,https://link.chtbl.com/Weaponized,https://link.chtbl.com/Weaponized,e431bef40967149e37ee,link.chtbl.com,series,web_page,False,legacy_unspecified,approved,,False,False,network_check_pending,2026-07-28T00:00:00Z,23.5C.1-1.0.0,dup-00231,duplicate,media-audit-1679fbfd0a5be6af
inv-00690,weaponized-podcast,WEAPONIZED,2023-weaponized-episode-37,podcast_episode,37,WEAPONIZED Episode #37 — Chris Ramsay — Remote Viewing and Psychic Espionage,2023-10-09,officialMedia,0,Open Official Episode Page,https://www.weaponizedpodcast.com/episodes-2/episode-37,https://weaponizedpodcast.com/episodes-2/episode-37,7cc383cc00e1356e2c5a,Official website,episode,web_page,True,verified,approved,1,False,False,network_check_pending,2026-07-28T00:00:00Z,23.5C.1-1.0.0,dup-00234,authoritative,media-audit-807f086e8152ed23
inv-00691,weaponized-podcast,WEAPONIZED,2023-weaponized-episode-37,podcast_episode,37,WEAPONIZED Episode #37 — Chris Ramsay — Remote Viewing and Psychic Espionage,2023-10-09,officialMedia,1,Browse Official Podcast Archive,https://link.chtbl.com/Weaponized,https://link.chtbl.com/Weaponized,e431bef40967149e37ee,RSS,series,audio,True,verified,approved,6,False,False,network_check_pending,2026-07-28T00:00:00Z,23.5C.1-1.0.0,dup-00233,authoritative,media-audit-be9161ec4fba738e
inv-00692,weaponized-podcast,WEAPONIZED,2023-weaponized-episode-37,podcast_episode,37,WEAPONIZED Episode #37 — Chris Ramsay — Remote Viewing and Psychic Espionage,2023-10-09,mediaLinks,0,Open the official Episode #37 page,https://www.weaponizedpodcast.com/episodes-2/episode-37,https://weaponizedpodcast.com/episodes-2/episode-37,7cc383cc00e1356e2c5a,WEAPONIZED,episode,web_page,True,legacy_unspecified,approved,,False,False,network_check_pending,2026-07-28T00:00:00Z,23.5C.1-1.0.0,dup-00234,duplicate,media-audit-807f086e8152ed23
inv-00693,weaponized-podcast,WEAPONIZED,2023-weaponized-episode-37,podcast_episode,37,WEAPONIZED Episode #37 — Chris Ramsay — Remote Viewing and Psychic Espionage,2023-10-09,mediaLinks,1,Listen to WEAPONIZED,https://link.chtbl.com/Weaponized,https://link.chtbl.com/Weaponized,e431bef40967149e37ee,Official audio feed,series,web_page,True,legacy_unspecified,approved,,False,False,network_check_pending,2026-07-28T00:00:00Z,23.5C.1-1.0.0,dup-00233,duplicate,media-audit-be9161ec4fba738e
inv-00694,weaponized-podcast,WEAPONIZED,2023-weaponized-episode-37,podcast_episode,37,WEAPONIZED Episode #37 — Chris Ramsay — Remote Viewing and Psychic Espionage,2023-10-09,referenceSources,0,Official WEAPONIZED Episode #37 page,https://www.weaponizedpodcast.com/episodes-2/episode-37,https://weaponizedpodcast.com/episodes-2/episode-37,7cc383cc00e1356e2c5a,WEAPONIZED website,episode,web_page,False,legacy_unspecified,approved,,False,False,network_check_pending,2026-07-28T00:00:00Z,23.5C.1-1.0.0,dup-00234,duplicate,media-audit-807f086e8152ed23
inv-00695,weaponized-podcast,WEAPONIZED,2023-weaponized-episode-37,podcast_episode,37,WEAPONIZED Episode #37 — Chris Ramsay — Remote Viewing and Psychic Espionage,2023-10-09,referenceSources,1,Listen to WEAPONIZED,https://link.chtbl.com/Weaponized,https://link.chtbl.com/Weaponized,e431bef40967149e37ee,link.chtbl.com,series,web_page,False,legacy_unspecified,approved,,False,False,network_check_pending,2026-07-28T00:00:00Z,23.5C.1-1.0.0,dup-00233,duplicate,media-audit-be9161ec4fba738e
inv-00696,weaponized-podcast,WEAPONIZED,2023-weaponized-episode-38,podcast_episode,38,WEAPONIZED Episode #38 — James Lacatski and Colm Kelleher — Inside AAWSAP,2023-10-16,officialMedia,0,Open Official Episode Page,https://www.weaponizedpodcast.com/episodes-2/episode-38,https://weaponizedpodcast.com/episodes-2/episode-38,059cdcfa34b908e9fc0d,Official website,episode,web_page,True,verified,approved,1,False,False,network_check_pending,2026-07-28T00:00:00Z,23.5C.1-1.0.0,dup-00236,authoritative,media-audit-bdc5754d7e27f8f6
inv-00697,weaponized-podcast,WEAPONIZED,2023-weaponized-episode-38,podcast_episode,38,WEAPONIZED Episode #38 — James Lacatski and Colm Kelleher — Inside AAWSAP,2023-10-16,officialMedia,1,Browse Official Podcast Archive,https://link.chtbl.com/Weaponized,https://link.chtbl.com/Weaponized,e431bef40967149e37ee,RSS,series,audio,True,verified,approved,6,False,False,network_check_pending,2026-07-28T00:00:00Z,23.5C.1-1.0.0,dup-00235,authoritative,media-audit-183058eb4802cbad
inv-00698,weaponized-podcast,WEAPONIZED,2023-weaponized-episode-38,podcast_episode,38,WEAPONIZED Episode #38 — James Lacatski and Colm Kelleher — Inside AAWSAP,2023-10-16,mediaLinks,0,Open the official Episode #38 page,https://www.weaponizedpodcast.com/episodes-2/episode-38,https://weaponizedpodcast.com/episodes-2/episode-38,059cdcfa34b908e9fc0d,WEAPONIZED,episode,web_page,True,legacy_unspecified,approved,,False,False,network_check_pending,2026-07-28T00:00:00Z,23.5C.1-1.0.0,dup-00236,duplicate,media-audit-bdc5754d7e27f8f6
inv-00699,weaponized-podcast,WEAPONIZED,2023-weaponized-episode-38,podcast_episode,38,WEAPONIZED Episode #38 — James Lacatski and Colm Kelleher — Inside AAWSAP,2023-10-16,mediaLinks,1,Listen to WEAPONIZED,https://link.chtbl.com/Weaponized,https://link.chtbl.com/Weaponized,e431bef40967149e37ee,Official audio feed,series,web_page,True,legacy_unspecified,approved,,False,False,network_check_pending,2026-07-28T00:00:00Z,23.5C.1-1.0.0,dup-00235,duplicate,media-audit-183058eb4802cbad
inv-00700,weaponized-podcast,WEAPONIZED,2023-weaponized-episode-38,podcast_episode,38,WEAPONIZED Episode #38 — James Lacatski and Colm Kelleher — Inside AAWSAP,2023-10-16,referenceSources,0,Official WEAPONIZED Episode #38 page,https://www.weaponizedpodcast.com/episodes-2/episode-38,https://weaponizedpodcast.com/episodes-2/episode-38,059cdcfa34b908e9fc0d,WEAPONIZED website,episode,web_page,False,legacy_unspecified,approved,,False,False,network_check_pending,2026-07-28T00:00:00Z,23.5C.1-1.0.0,dup-00236,duplicate,media-audit-bdc5754d7e27f8f6
inv-00701,weaponized-podcast,WEAPONIZED,2023-weaponized-episode-38,podcast_episode,38,WEAPONIZED Episode #38 — James Lacatski and Colm Kelleher — Inside AAWSAP,2023-10-16,referenceSources,1,Listen to WEAPONIZED,https://link.chtbl.com/Weaponized,https://link.chtbl.com/Weaponized,e431bef40967149e37ee,link.chtbl.com,series,web_page,False,legacy_unspecified,approved,,False,False,network_check_pending,2026-07-28T00:00:00Z,23.5C.1-1.0.0,dup-00235,duplicate,media-audit-183058eb4802cbad
inv-00702,weaponized-podcast,WEAPONIZED,2023-weaponized-episode-39,podcast_episode,39,WEAPONIZED Episode #39 — AARO’s Report and the Lacatski Revelations,2023-10-23,officialMedia,0,Open Official Episode Page,https://www.weaponizedpodcast.com/episodes-2/episode-39,https://weaponizedpodcast.com/episodes-2/episode-39,e17cf9dd58c8774746eb,Official website,episode,web_page,True,verified,approved,1,False,False,network_check_pending,2026-07-28T00:00:00Z,23.5C.1-1.0.0,dup-00238,authoritative,media-audit-bc80b53c65058972
inv-00703,weaponized-podcast,WEAPONIZED,2023-weaponized-episode-39,podcast_episode,39,WEAPONIZED Episode #39 — AARO’s Report and the Lacatski Revelations,2023-10-23,officialMedia,1,Browse Official Podcast Archive,https://link.chtbl.com/Weaponized,https://link.chtbl.com/Weaponized,e431bef40967149e37ee,RSS,series,audio,True,verified,approved,6,False,False,network_check_pending,2026-07-28T00:00:00Z,23.5C.1-1.0.0,dup-00237,authoritative,media-audit-f8888c6464d16788
inv-00704,weaponized-podcast,WEAPONIZED,2023-weaponized-episode-39,podcast_episode,39,WEAPONIZED Episode #39 — AARO’s Report and the Lacatski Revelations,2023-10-23,mediaLinks,0,Open the official Episode #39 page,https://www.weaponizedpodcast.com/episodes-2/episode-39,https://weaponizedpodcast.com/episodes-2/episode-39,e17cf9dd58c8774746eb,WEAPONIZED,episode,web_page,True,legacy_unspecified,approved,,False,False,network_check_pending,2026-07-28T00:00:00Z,23.5C.1-1.0.0,dup-00238,duplicate,media-audit-bc80b53c65058972
inv-00705,weaponized-podcast,WEAPONIZED,2023-weaponized-episode-39,podcast_episode,39,WEAPONIZED Episode #39 — AARO’s Report and the Lacatski Revelations,2023-10-23,mediaLinks,1,Listen to WEAPONIZED,https://link.chtbl.com/Weaponized,https://link.chtbl.com/Weaponized,e431bef40967149e37ee,Official audio feed,series,web_page,True,legacy_unspecified,approved,,False,False,network_check_pending,2026-07-28T00:00:00Z,23.5C.1-1.0.0,dup-00237,duplicate,media-audit-f8888c6464d16788
inv-00706,weaponized-podcast,WEAPONIZED,2023-weaponized-episode-39,podcast_episode,39,WEAPONIZED Episode #39 — AARO’s Report and the Lacatski Revelations,2023-10-23,referenceSources,0,Official WEAPONIZED Episode #39 page,https://www.weaponizedpodcast.com/episodes-2/episode-39,https://weaponizedpodcast.com/episodes-2/episode-39,e17cf9dd58c8774746eb,WEAPONIZED website,episode,web_page,False,legacy_unspecified,approved,,False,False,network_check_pending,2026-07-28T00:00:00Z,23.5C.1-1.0.0,dup-00238,duplicate,media-audit-bc80b53c65058972
inv-00707,weaponized-podcast,WEAPONIZED,2023-weaponized-episode-39,podcast_episode,39,WEAPONIZED Episode #39 — AARO’s Report and the Lacatski Revelations,2023-10-23,referenceSources,1,Listen to WEAPONIZED,https://link.chtbl.com/Weaponized,https://link.chtbl.com/Weaponized,e431bef40967149e37ee,link.chtbl.com,series,web_page,False,legacy_unspecified,approved,,False,False,network_check_pending,2026-07-28T00:00:00Z,23.5C.1-1.0.0,dup-00237,duplicate,media-audit-f8888c6464d16788
inv-00708,weaponized-podcast,WEAPONIZED,2023-weaponized-episode-4,podcast_episode,4,"WEAPONIZED Episode #4 — Spy Balloons, Unknown Objects, and UAP Transparency",2023-02-13,officialMedia,0,Open Official Episode Page,https://www.weaponizedpodcast.com/episodes-1/episode-number-4,https://weaponizedpodcast.com/episodes-1/episode-number-4,e81b0085a2c12f3bbd08,Official website,episode,web_page,True,verified,approved,1,False,False,network_check_pending,2026-07-28T00:00:00Z,23.5C.1-1.0.0,dup-00240,authoritative,media-audit-9845e5c17dd781f8
inv-00709,weaponized-podcast,WEAPONIZED,2023-weaponized-episode-4,podcast_episode,4,"WEAPONIZED Episode #4 — Spy Balloons, Unknown Objects, and UAP Transparency",2023-02-13,officialMedia,1,Browse Official Podcast Archive,https://link.chtbl.com/Weaponized,https://link.chtbl.com/Weaponized,e431bef40967149e37ee,RSS,series,audio,True,verified,approved,6,False,False,network_check_pending,2026-07-28T00:00:00Z,23.5C.1-1.0.0,dup-00239,authoritative,media-audit-ee72c2874a3e08c7
inv-00710,weaponized-podcast,WEAPONIZED,2023-weaponized-episode-4,podcast_episode,4,"WEAPONIZED Episode #4 — Spy Balloons, Unknown Objects, and UAP Transparency",2023-02-13,mediaLinks,0,Open the official Episode #4 page,https://www.weaponizedpodcast.com/episodes-1/episode-number-4,https://weaponizedpodcast.com/episodes-1/episode-number-4,e81b0085a2c12f3bbd08,WEAPONIZED,episode,web_page,True,legacy_unspecified,approved,,False,False,network_check_pending,2026-07-28T00:00:00Z,23.5C.1-1.0.0,dup-00240,duplicate,media-audit-9845e5c17dd781f8
inv-00711,weaponized-podcast,WEAPONIZED,2023-weaponized-episode-4,podcast_episode,4,"WEAPONIZED Episode #4 — Spy Balloons, Unknown Objects, and UAP Transparency",2023-02-13,mediaLinks,1,Listen to WEAPONIZED,https://link.chtbl.com/Weaponized,https://link.chtbl.com/Weaponized,e431bef40967149e37ee,Official audio feed,series,web_page,True,legacy_unspecified,approved,,False,False,network_check_pending,2026-07-28T00:00:00Z,23.5C.1-1.0.0,dup-00239,duplicate,media-audit-ee72c2874a3e08c7
inv-00712,weaponized-podcast,WEAPONIZED,2023-weaponized-episode-4,podcast_episode,4,"WEAPONIZED Episode #4 — Spy Balloons, Unknown Objects, and UAP Transparency",2023-02-13,referenceSources,0,Official WEAPONIZED Episode #4 page,https://www.weaponizedpodcast.com/episodes-1/episode-number-4,https://weaponizedpodcast.com/episodes-1/episode-number-4,e81b0085a2c12f3bbd08,WEAPONIZED website,episode,web_page,False,legacy_unspecified,approved,,False,False,network_check_pending,2026-07-28T00:00:00Z,23.5C.1-1.0.0,dup-00240,duplicate,media-audit-9845e5c17dd781f8
inv-00713,weaponized-podcast,WEAPONIZED,2023-weaponized-episode-4,podcast_episode,4,"WEAPONIZED Episode #4 — Spy Balloons, Unknown Objects, and UAP Transparency",2023-02-13,referenceSources,1,Listen to WEAPONIZED,https://link.chtbl.com/Weaponized,https://link.chtbl.com/Weaponized,e431bef40967149e37ee,link.chtbl.com,series,web_page,False,legacy_unspecified,approved,,False,False,network_check_pending,2026-07-28T00:00:00Z,23.5C.1-1.0.0,dup-00239,duplicate,media-audit-ee72c2874a3e08c7
inv-00714,weaponized-podcast,WEAPONIZED,2023-weaponized-episode-40,podcast_episode,40,WEAPONIZED Episode #40 — Tim Burchett — The SCIF Briefing and Congressional UFO Oversight,2023-11-06,officialMedia,0,Open Official Episode Page,https://www.weaponizedpodcast.com/episodes-2/episode-40,https://weaponizedpodcast.com/episodes-2/episode-40,dd79228ccdf11124192f,Official website,episode,web_page,True,verified,approved,1,False,False,network_check_pending,2026-07-28T00:00:00Z,23.5C.1-1.0.0,dup-00242,authoritative,media-audit-87347d6d80c5c668
inv-00715,weaponized-podcast,WEAPONIZED,2023-weaponized-episode-40,podcast_episode,40,WEAPONIZED Episode #40 — Tim Burchett — The SCIF Briefing and Congressional UFO Oversight,2023-11-06,officialMedia,1,Browse Official Podcast Archive,https://link.chtbl.com/Weaponized,https://link.chtbl.com/Weaponized,e431bef40967149e37ee,RSS,series,audio,True,verified,approved,6,False,False,network_check_pending,2026-07-28T00:00:00Z,23.5C.1-1.0.0,dup-00241,authoritative,media-audit-8c7170448bebd2aa
inv-00716,weaponized-podcast,WEAPONIZED,2023-weaponized-episode-40,podcast_episode,40,WEAPONIZED Episode #40 — Tim Burchett — The SCIF Briefing and Congressional UFO Oversight,2023-11-06,mediaLinks,0,Open the official Episode #40 page,https://www.weaponizedpodcast.com/episodes-2/episode-40,https://weaponizedpodcast.com/episodes-2/episode-40,dd79228ccdf11124192f,WEAPONIZED,episode,web_page,True,legacy_unspecified,approved,,False,False,network_check_pending,2026-07-28T00:00:00Z,23.5C.1-1.0.0,dup-00242,duplicate,media-audit-87347d6d80c5c668
inv-00717,weaponized-podcast,WEAPONIZED,2023-weaponized-episode-40,podcast_episode,40,WEAPONIZED Episode #40 — Tim Burchett — The SCIF Briefing and Congressional UFO Oversight,2023-11-06,mediaLinks,1,Listen to WEAPONIZED,https://link.chtbl.com/Weaponized,https://link.chtbl.com/Weaponized,e431bef40967149e37ee,Official audio feed,series,web_page,True,legacy_unspecified,approved,,False,False,network_check_pending,2026-07-28T00:00:00Z,23.5C.1-1.0.0,dup-00241,duplicate,media-audit-8c7170448bebd2aa
inv-00718,weaponized-podcast,WEAPONIZED,2023-weaponized-episode-40,podcast_episode,40,WEAPONIZED Episode #40 — Tim Burchett — The SCIF Briefing and Congressional UFO Oversight,2023-11-06,referenceSources,0,Official WEAPONIZED Episode #40 page,https://www.weaponizedpodcast.com/episodes-2/episode-40,https://weaponizedpodcast.com/episodes-2/episode-40,dd79228ccdf11124192f,WEAPONIZED website,episode,web_page,False,legacy_unspecified,approved,,False,False,network_check_pending,2026-07-28T00:00:00Z,23.5C.1-1.0.0,dup-00242,duplicate,media-audit-87347d6d80c5c668
inv-00719,weaponized-podcast,WEAPONIZED,2023-weaponized-episode-40,podcast_episode,40,WEAPONIZED Episode #40 — Tim Burchett — The SCIF Briefing and Congressional UFO Oversight,2023-11-06,referenceSources,1,Listen to WEAPONIZED,https://link.chtbl.com/Weaponized,https://link.chtbl.com/Weaponized,e431bef40967149e37ee,link.chtbl.com,series,web_page,False,legacy_unspecified,approved,,False,False,network_check_pending,2026-07-28T00:00:00Z,23.5C.1-1.0.0,dup-00241,duplicate,media-audit-8c7170448bebd2aa
inv-00720,weaponized-podcast,WEAPONIZED,2023-weaponized-episode-41,podcast_episode,41,WEAPONIZED Episode #41 — Military Engagements with Unidentified Aerial Intruders,2023-11-13,officialMedia,0,Open Official Episode Page,https://www.weaponizedpodcast.com/episodes-2/episode-41,https://weaponizedpodcast.com/episodes-2/episode-41,054a3b1aa8cd798f1e8b,Official website,episode,web_page,True,verified,approved,1,False,False,network_check_pending,2026-07-28T00:00:00Z,23.5C.1-1.0.0,dup-00244,authoritative,media-audit-e11b599d5d9d2266
inv-00721,weaponized-podcast,WEAPONIZED,2023-weaponized-episode-41,podcast_episode,41,WEAPONIZED Episode #41 — Military Engagements with Unidentified Aerial Intruders,2023-11-13,officialMedia,1,Browse Official Podcast Archive,https://link.chtbl.com/Weaponized,https://link.chtbl.com/Weaponized,e431bef40967149e37ee,RSS,series,audio,True,verified,approved,6,False,False,network_check_pending,2026-07-28T00:00:00Z,23.5C.1-1.0.0,dup-00243,authoritative,media-audit-1ccb339c38f9e21b
inv-00722,weaponized-podcast,WEAPONIZED,2023-weaponized-episode-41,podcast_episode,41,WEAPONIZED Episode #41 — Military Engagements with Unidentified Aerial Intruders,2023-11-13,mediaLinks,0,Open the official Episode #41 page,https://www.weaponizedpodcast.com/episodes-2/episode-41,https://weaponizedpodcast.com/episodes-2/episode-41,054a3b1aa8cd798f1e8b,WEAPONIZED,episode,web_page,True,legacy_unspecified,approved,,False,False,network_check_pending,2026-07-28T00:00:00Z,23.5C.1-1.0.0,dup-00244,duplicate,media-audit-e11b599d5d9d2266
inv-00723,weaponized-podcast,WEAPONIZED,2023-weaponized-episode-41,podcast_episode,41,WEAPONIZED Episode #41 — Military Engagements with Unidentified Aerial Intruders,2023-11-13,mediaLinks,1,Listen to WEAPONIZED,https://link.chtbl.com/Weaponized,https://link.chtbl.com/Weaponized,e431bef40967149e37ee,Official audio feed,series,web_page,True,legacy_unspecified,approved,,False,False,network_check_pending,2026-07-28T00:00:00Z,23.5C.1-1.0.0,dup-00243,duplicate,media-audit-1ccb339c38f9e21b
inv-00724,weaponized-podcast,WEAPONIZED,2023-weaponized-episode-41,podcast_episode,41,WEAPONIZED Episode #41 — Military Engagements with Unidentified Aerial Intruders,2023-11-13,referenceSources,0,Official WEAPONIZED Episode #41 page,https://www.weaponizedpodcast.com/episodes-2/episode-41,https://weaponizedpodcast.com/episodes-2/episode-41,054a3b1aa8cd798f1e8b,WEAPONIZED website,episode,web_page,False,legacy_unspecified,approved,,False,False,network_check_pending,2026-07-28T00:00:00Z,23.5C.1-1.0.0,dup-00244,duplicate,media-audit-e11b599d5d9d2266
inv-00725,weaponized-podcast,WEAPONIZED,2023-weaponized-episode-41,podcast_episode,41,WEAPONIZED Episode #41 — Military Engagements with Unidentified Aerial Intruders,2023-11-13,referenceSources,1,Listen to WEAPONIZED,https://link.chtbl.com/Weaponized,https://link.chtbl.com/Weaponized,e431bef40967149e37ee,link.chtbl.com,series,web_page,False,legacy_unspecified,approved,,False,False,network_check_pending,2026-07-28T00:00:00Z,23.5C.1-1.0.0,dup-00243,duplicate,media-audit-1ccb339c38f9e21b
inv-00726,weaponized-podcast,WEAPONIZED,2023-weaponized-episode-42,podcast_episode,42,WEAPONIZED Episode #42 — The Sol Foundation Conference and Grusch Revelations,2023-11-27,officialMedia,0,Open Official Episode Page,https://www.weaponizedpodcast.com/episodes-2/episode-42,https://weaponizedpodcast.com/episodes-2/episode-42,fd2f2544d09b74894a3b,Official website,episode,web_page,True,verified,approved,1,False,False,network_check_pending,2026-07-28T00:00:00Z,23.5C.1-1.0.0,dup-00246,authoritative,media-audit-7bc2f54569cea7a5
inv-00727,weaponized-podcast,WEAPONIZED,2023-weaponized-episode-42,podcast_episode,42,WEAPONIZED Episode #42 — The Sol Foundation Conference and Grusch Revelations,2023-11-27,officialMedia,1,Browse Official Podcast Archive,https://link.chtbl.com/Weaponized,https://link.chtbl.com/Weaponized,e431bef40967149e37ee,RSS,series,audio,True,verified,approved,6,False,False,network_check_pending,2026-07-28T00:00:00Z,23.5C.1-1.0.0,dup-00245,authoritative,media-audit-b5066a6a784a1929
inv-00728,weaponized-podcast,WEAPONIZED,2023-weaponized-episode-42,podcast_episode,42,WEAPONIZED Episode #42 — The Sol Foundation Conference and Grusch Revelations,2023-11-27,mediaLinks,0,Open the official Episode #42 page,https://www.weaponizedpodcast.com/episodes-2/episode-42,https://weaponizedpodcast.com/episodes-2/episode-42,fd2f2544d09b74894a3b,WEAPONIZED,episode,web_page,True,legacy_unspecified,approved,,False,False,network_check_pending,2026-07-28T00:00:00Z,23.5C.1-1.0.0,dup-00246,duplicate,media-audit-7bc2f54569cea7a5
inv-00729,weaponized-podcast,WEAPONIZED,2023-weaponized-episode-42,podcast_episode,42,WEAPONIZED Episode #42 — The Sol Foundation Conference and Grusch Revelations,2023-11-27,mediaLinks,1,Listen to WEAPONIZED,https://link.chtbl.com/Weaponized,https://link.chtbl.com/Weaponized,e431bef40967149e37ee,Official audio feed,series,web_page,True,legacy_unspecified,approved,,False,False,network_check_pending,2026-07-28T00:00:00Z,23.5C.1-1.0.0,dup-00245,duplicate,media-audit-b5066a6a784a1929
inv-00730,weaponized-podcast,WEAPONIZED,2023-weaponized-episode-42,podcast_episode,42,WEAPONIZED Episode #42 — The Sol Foundation Conference and Grusch Revelations,2023-11-27,referenceSources,0,Official WEAPONIZED Episode #42 page,https://www.weaponizedpodcast.com/episodes-2/episode-42,https://weaponizedpodcast.com/episodes-2/episode-42,fd2f2544d09b74894a3b,WEAPONIZED website,episode,web_page,False,legacy_unspecified,approved,,False,False,network_check_pending,2026-07-28T00:00:00Z,23.5C.1-1.0.0,dup-00246,duplicate,media-audit-7bc2f54569cea7a5
inv-00731,weaponized-podcast,WEAPONIZED,2023-weaponized-episode-42,podcast_episode,42,WEAPONIZED Episode #42 — The Sol Foundation Conference and Grusch Revelations,2023-11-27,referenceSources,1,Listen to WEAPONIZED,https://link.chtbl.com/Weaponized,https://link.chtbl.com/Weaponized,e431bef40967149e37ee,link.chtbl.com,series,web_page,False,legacy_unspecified,approved,,False,False,network_check_pending,2026-07-28T00:00:00Z,23.5C.1-1.0.0,dup-00245,duplicate,media-audit-b5066a6a784a1929
inv-00732,weaponized-podcast,WEAPONIZED,2023-weaponized-episode-43,podcast_episode,43,WEAPONIZED Episode #43 — The Unreleased Philip Corso Tapes,2023-12-04,officialMedia,0,Open Official Episode Page,https://www.weaponizedpodcast.com/episodes-2/episode-43,https://weaponizedpodcast.com/episodes-2/episode-43,73ce8648d2019cdbdc4d,Official website,episode,web_page,True,verified,approved,1,False,False,network_check_pending,2026-07-28T00:00:00Z,23.5C.1-1.0.0,dup-00248,authoritative,media-audit-01e399cfbf4cd281
inv-00733,weaponized-podcast,WEAPONIZED,2023-weaponized-episode-43,podcast_episode,43,WEAPONIZED Episode #43 — The Unreleased Philip Corso Tapes,2023-12-04,officialMedia,1,Browse Official Podcast Archive,https://link.chtbl.com/Weaponized,https://link.chtbl.com/Weaponized,e431bef40967149e37ee,RSS,series,audio,True,verified,approved,6,False,False,network_check_pending,2026-07-28T00:00:00Z,23.5C.1-1.0.0,dup-00247,authoritative,media-audit-c3feec768d4c4cee
inv-00734,weaponized-podcast,WEAPONIZED,2023-weaponized-episode-43,podcast_episode,43,WEAPONIZED Episode #43 — The Unreleased Philip Corso Tapes,2023-12-04,mediaLinks,0,Open the official Episode #43 page,https://www.weaponizedpodcast.com/episodes-2/episode-43,https://weaponizedpodcast.com/episodes-2/episode-43,73ce8648d2019cdbdc4d,WEAPONIZED,episode,web_page,True,legacy_unspecified,approved,,False,False,network_check_pending,2026-07-28T00:00:00Z,23.5C.1-1.0.0,dup-00248,duplicate,media-audit-01e399cfbf4cd281
inv-00735,weaponized-podcast,WEAPONIZED,2023-weaponized-episode-43,podcast_episode,43,WEAPONIZED Episode #43 — The Unreleased Philip Corso Tapes,2023-12-04,mediaLinks,1,Listen to WEAPONIZED,https://link.chtbl.com/Weaponized,https://link.chtbl.com/Weaponized,e431bef40967149e37ee,Official audio feed,series,web_page,True,legacy_unspecified,approved,,False,False,network_check_pending,2026-07-28T00:00:00Z,23.5C.1-1.0.0,dup-00247,duplicate,media-audit-c3feec768d4c4cee
inv-00736,weaponized-podcast,WEAPONIZED,2023-weaponized-episode-43,podcast_episode,43,WEAPONIZED Episode #43 — The Unreleased Philip Corso Tapes,2023-12-04,referenceSources,0,Official WEAPONIZED Episode #43 page,https://www.weaponizedpodcast.com/episodes-2/episode-43,https://weaponizedpodcast.com/episodes-2/episode-43,73ce8648d2019cdbdc4d,WEAPONIZED website,episode,web_page,False,legacy_unspecified,approved,,False,False,network_check_pending,2026-07-28T00:00:00Z,23.5C.1-1.0.0,dup-00248,duplicate,media-audit-01e399cfbf4cd281
inv-00737,weaponized-podcast,WEAPONIZED,2023-weaponized-episode-43,podcast_episode,43,WEAPONIZED Episode #43 — The Unreleased Philip Corso Tapes,2023-12-04,referenceSources,1,Listen to WEAPONIZED,https://link.chtbl.com/Weaponized,https://link.chtbl.com/Weaponized,e431bef40967149e37ee,link.chtbl.com,series,web_page,False,legacy_unspecified,approved,,False,False,network_check_pending,2026-07-28T00:00:00Z,23.5C.1-1.0.0,dup-00247,duplicate,media-audit-c3feec768d4c4cee
inv-00738,weaponized-podcast,WEAPONIZED,2023-weaponized-episode-44,podcast_episode,44,WEAPONIZED Episode #44 — The Fight Over the UAP Disclosure Act,2023-12-11,officialMedia,0,Open Official Episode Page,https://www.weaponizedpodcast.com/episodes-2/episode-44,https://weaponizedpodcast.com/episodes-2/episode-44,85dce7d217c5c9bfb52f,Official website,episode,web_page,True,verified,approved,1,False,False,network_check_pending,2026-07-28T00:00:00Z,23.5C.1-1.0.0,dup-00250,authoritative,media-audit-6e2be83ee3adffe2
inv-00739,weaponized-podcast,WEAPONIZED,2023-weaponized-episode-44,podcast_episode,44,WEAPONIZED Episode #44 — The Fight Over the UAP Disclosure Act,2023-12-11,officialMedia,1,Browse Official Podcast Archive,https://link.chtbl.com/Weaponized,https://link.chtbl.com/Weaponized,e431bef40967149e37ee,RSS,series,audio,True,verified,approved,6,False,False,network_check_pending,2026-07-28T00:00:00Z,23.5C.1-1.0.0,dup-00249,authoritative,media-audit-efce8e520e9b75cf
inv-00740,weaponized-podcast,WEAPONIZED,2023-weaponized-episode-44,podcast_episode,44,WEAPONIZED Episode #44 — The Fight Over the UAP Disclosure Act,2023-12-11,mediaLinks,0,Open the official Episode #44 page,https://www.weaponizedpodcast.com/episodes-2/episode-44,https://weaponizedpodcast.com/episodes-2/episode-44,85dce7d217c5c9bfb52f,WEAPONIZED,episode,web_page,True,legacy_unspecified,approved,,False,False,network_check_pending,2026-07-28T00:00:00Z,23.5C.1-1.0.0,dup-00250,duplicate,media-audit-6e2be83ee3adffe2
inv-00741,weaponized-podcast,WEAPONIZED,2023-weaponized-episode-44,podcast_episode,44,WEAPONIZED Episode #44 — The Fight Over the UAP Disclosure Act,2023-12-11,mediaLinks,1,Listen to WEAPONIZED,https://link.chtbl.com/Weaponized,https://link.chtbl.com/Weaponized,e431bef40967149e37ee,Official audio feed,series,web_page,True,legacy_unspecified,approved,,False,False,network_check_pending,2026-07-28T00:00:00Z,23.5C.1-1.0.0,dup-00249,duplicate,media-audit-efce8e520e9b75cf
inv-00742,weaponized-podcast,WEAPONIZED,2023-weaponized-episode-44,podcast_episode,44,WEAPONIZED Episode #44 — The Fight Over the UAP Disclosure Act,2023-12-11,referenceSources,0,Official WEAPONIZED Episode #44 page,https://www.weaponizedpodcast.com/episodes-2/episode-44,https://weaponizedpodcast.com/episodes-2/episode-44,85dce7d217c5c9bfb52f,WEAPONIZED website,episode,web_page,False,legacy_unspecified,approved,,False,False,network_check_pending,2026-07-28T00:00:00Z,23.5C.1-1.0.0,dup-00250,duplicate,media-audit-6e2be83ee3adffe2
inv-00743,weaponized-podcast,WEAPONIZED,2023-weaponized-episode-44,podcast_episode,44,WEAPONIZED Episode #44 — The Fight Over the UAP Disclosure Act,2023-12-11,referenceSources,1,Listen to WEAPONIZED,https://link.chtbl.com/Weaponized,https://link.chtbl.com/Weaponized,e431bef40967149e37ee,link.chtbl.com,series,web_page,False,legacy_unspecified,approved,,False,False,network_check_pending,2026-07-28T00:00:00Z,23.5C.1-1.0.0,dup-00249,duplicate,media-audit-efce8e520e9b75cf
inv-00744,weaponized-podcast,WEAPONIZED,2023-weaponized-episode-45,podcast_episode,45,"WEAPONIZED Episode #45 — John Alexander on Crash Retrievals, NIDS, and the Sol Conference",2023-12-18,officialMedia,0,Open Official Episode Page,https://www.weaponizedpodcast.com/episodes-2/episode-45,https://weaponizedpodcast.com/episodes-2/episode-45,9e1fc407c2b109d31060,Official website,episode,web_page,True,verified,approved,1,False,False,network_check_pending,2026-07-28T00:00:00Z,23.5C.1-1.0.0,dup-00252,authoritative,media-audit-9412cf38528c9957
inv-00745,weaponized-podcast,WEAPONIZED,2023-weaponized-episode-45,podcast_episode,45,"WEAPONIZED Episode #45 — John Alexander on Crash Retrievals, NIDS, and the Sol Conference",2023-12-18,officialMedia,1,Browse Official Podcast Archive,https://link.chtbl.com/Weaponized,https://link.chtbl.com/Weaponized,e431bef40967149e37ee,RSS,series,audio,True,verified,approved,6,False,False,network_check_pending,2026-07-28T00:00:00Z,23.5C.1-1.0.0,dup-00251,authoritative,media-audit-865f830b910c231a
inv-00746,weaponized-podcast,WEAPONIZED,2023-weaponized-episode-45,podcast_episode,45,"WEAPONIZED Episode #45 — John Alexander on Crash Retrievals, NIDS, and the Sol Conference",2023-12-18,mediaLinks,0,Open the official Episode #45 page,https://www.weaponizedpodcast.com/episodes-2/episode-45,https://weaponizedpodcast.com/episodes-2/episode-45,9e1fc407c2b109d31060,WEAPONIZED,episode,web_page,True,legacy_unspecified,approved,,False,False,network_check_pending,2026-07-28T00:00:00Z,23.5C.1-1.0.0,dup-00252,duplicate,media-audit-9412cf38528c9957
inv-00747,weaponized-podcast,WEAPONIZED,2023-weaponized-episode-45,podcast_episode,45,"WEAPONIZED Episode #45 — John Alexander on Crash Retrievals, NIDS, and the Sol Conference",2023-12-18,mediaLinks,1,Listen to WEAPONIZED,https://link.chtbl.com/Weaponized,https://link.chtbl.com/Weaponized,e431bef40967149e37ee,Official audio feed,series,web_page,True,legacy_unspecified,approved,,False,False,network_check_pending,2026-07-28T00:00:00Z,23.5C.1-1.0.0,dup-00251,duplicate,media-audit-865f830b910c231a
inv-00748,weaponized-podcast,WEAPONIZED,2023-weaponized-episode-45,podcast_episode,45,"WEAPONIZED Episode #45 — John Alexander on Crash Retrievals, NIDS, and the Sol Conference",2023-12-18,referenceSources,0,Official WEAPONIZED Episode #45 page,https://www.weaponizedpodcast.com/episodes-2/episode-45,https://weaponizedpodcast.com/episodes-2/episode-45,9e1fc407c2b109d31060,WEAPONIZED website,episode,web_page,False,legacy_unspecified,approved,,False,False,network_check_pending,2026-07-28T00:00:00Z,23.5C.1-1.0.0,dup-00252,duplicate,media-audit-9412cf38528c9957
inv-00749,weaponized-podcast,WEAPONIZED,2023-weaponized-episode-45,podcast_episode,45,"WEAPONIZED Episode #45 — John Alexander on Crash Retrievals, NIDS, and the Sol Conference",2023-12-18,referenceSources,1,Listen to WEAPONIZED,https://link.chtbl.com/Weaponized,https://link.chtbl.com/Weaponized,e431bef40967149e37ee,link.chtbl.com,series,web_page,False,legacy_unspecified,approved,,False,False,network_check_pending,2026-07-28T00:00:00Z,23.5C.1-1.0.0,dup-00251,duplicate,media-audit-865f830b910c231a
inv-00750,weaponized-podcast,WEAPONIZED,2023-weaponized-episode-5,podcast_episode,5,WEAPONIZED Episode #5 — Colm Kelleher — AAWSAP and Scientific Anomaly Research,2023-02-20,officialMedia,0,Open Official Episode Page,https://www.weaponizedpodcast.com/episodes-1/episode-number-5,https://weaponizedpodcast.com/episodes-1/episode-number-5,2e2f5608b3f77b251022,Official website,episode,web_page,True,verified,approved,1,False,False,network_check_pending,2026-07-28T00:00:00Z,23.5C.1-1.0.0,dup-00254,authoritative,media-audit-417f419dbbb93c7d
inv-00751,weaponized-podcast,WEAPONIZED,2023-weaponized-episode-5,podcast_episode,5,WEAPONIZED Episode #5 — Colm Kelleher — AAWSAP and Scientific Anomaly Research,2023-02-20,officialMedia,1,Browse Official Podcast Archive,https://link.chtbl.com/Weaponized,https://link.chtbl.com/Weaponized,e431bef40967149e37ee,RSS,series,audio,True,verified,approved,6,False,False,network_check_pending,2026-07-28T00:00:00Z,23.5C.1-1.0.0,dup-00253,authoritative,media-audit-45aab5a0f7fafdf2
inv-00752,weaponized-podcast,WEAPONIZED,2023-weaponized-episode-5,podcast_episode,5,WEAPONIZED Episode #5 — Colm Kelleher — AAWSAP and Scientific Anomaly Research,2023-02-20,mediaLinks,0,Open the official Episode #5 page,https://www.weaponizedpodcast.com/episodes-1/episode-number-5,https://weaponizedpodcast.com/episodes-1/episode-number-5,2e2f5608b3f77b251022,WEAPONIZED,episode,web_page,True,legacy_unspecified,approved,,False,False,network_check_pending,2026-07-28T00:00:00Z,23.5C.1-1.0.0,dup-00254,duplicate,media-audit-417f419dbbb93c7d
inv-00753,weaponized-podcast,WEAPONIZED,2023-weaponized-episode-5,podcast_episode,5,WEAPONIZED Episode #5 — Colm Kelleher — AAWSAP and Scientific Anomaly Research,2023-02-20,mediaLinks,1,Listen to WEAPONIZED,https://link.chtbl.com/Weaponized,https://link.chtbl.com/Weaponized,e431bef40967149e37ee,Official audio feed,series,web_page,True,legacy_unspecified,approved,,False,False,network_check_pending,2026-07-28T00:00:00Z,23.5C.1-1.0.0,dup-00253,duplicate,media-audit-45aab5a0f7fafdf2
inv-00754,weaponized-podcast,WEAPONIZED,2023-weaponized-episode-5,podcast_episode,5,WEAPONIZED Episode #5 — Colm Kelleher — AAWSAP and Scientific Anomaly Research,2023-02-20,referenceSources,0,Official WEAPONIZED Episode #5 page,https://www.weaponizedpodcast.com/episodes-1/episode-number-5,https://weaponizedpodcast.com/episodes-1/episode-number-5,2e2f5608b3f77b251022,WEAPONIZED website,episode,web_page,False,legacy_unspecified,approved,,False,False,network_check_pending,2026-07-28T00:00:00Z,23.5C.1-1.0.0,dup-00254,duplicate,media-audit-417f419dbbb93c7d
inv-00755,weaponized-podcast,WEAPONIZED,2023-weaponized-episode-5,podcast_episode,5,WEAPONIZED Episode #5 — Colm Kelleher — AAWSAP and Scientific Anomaly Research,2023-02-20,referenceSources,1,Listen to WEAPONIZED,https://link.chtbl.com/Weaponized,https://link.chtbl.com/Weaponized,e431bef40967149e37ee,link.chtbl.com,series,web_page,False,legacy_unspecified,approved,,False,False,network_check_pending,2026-07-28T00:00:00Z,23.5C.1-1.0.0,dup-00253,duplicate,media-audit-45aab5a0f7fafdf2
inv-00756,weaponized-podcast,WEAPONIZED,2023-weaponized-episode-6,podcast_episode,6,"WEAPONIZED Episode #6 — The Defense Executive, a Recovered Craft, and a Living Occupant",2023-02-27,officialMedia,0,Open Official Episode Page,https://www.weaponizedpodcast.com/episodes-1/episode-number-6,https://weaponizedpodcast.com/episodes-1/episode-number-6,1760f3f82a4be266c111,Official website,episode,web_page,True,verified,approved,1,False,False,network_check_pending,2026-07-28T00:00:00Z,23.5C.1-1.0.0,dup-00256,authoritative,media-audit-9d32dc488bfc50f0
inv-00757,weaponized-podcast,WEAPONIZED,2023-weaponized-episode-6,podcast_episode,6,"WEAPONIZED Episode #6 — The Defense Executive, a Recovered Craft, and a Living Occupant",2023-02-27,officialMedia,1,Browse Official Podcast Archive,https://link.chtbl.com/Weaponized,https://link.chtbl.com/Weaponized,e431bef40967149e37ee,RSS,series,audio,True,verified,approved,6,False,False,network_check_pending,2026-07-28T00:00:00Z,23.5C.1-1.0.0,dup-00255,authoritative,media-audit-9f7979909b4087f2
inv-00758,weaponized-podcast,WEAPONIZED,2023-weaponized-episode-6,podcast_episode,6,"WEAPONIZED Episode #6 — The Defense Executive, a Recovered Craft, and a Living Occupant",2023-02-27,mediaLinks,0,Open the official Episode #6 page,https://www.weaponizedpodcast.com/episodes-1/episode-number-6,https://weaponizedpodcast.com/episodes-1/episode-number-6,1760f3f82a4be266c111,WEAPONIZED,episode,web_page,True,legacy_unspecified,approved,,False,False,network_check_pending,2026-07-28T00:00:00Z,23.5C.1-1.0.0,dup-00256,duplicate,media-audit-9d32dc488bfc50f0
inv-00759,weaponized-podcast,WEAPONIZED,2023-weaponized-episode-6,podcast_episode,6,"WEAPONIZED Episode #6 — The Defense Executive, a Recovered Craft, and a Living Occupant",2023-02-27,mediaLinks,1,Listen to WEAPONIZED,https://link.chtbl.com/Weaponized,https://link.chtbl.com/Weaponized,e431bef40967149e37ee,Official audio feed,series,web_page,True,legacy_unspecified,approved,,False,False,network_check_pending,2026-07-28T00:00:00Z,23.5C.1-1.0.0,dup-00255,duplicate,media-audit-9f7979909b4087f2
inv-00760,weaponized-podcast,WEAPONIZED,2023-weaponized-episode-6,podcast_episode,6,"WEAPONIZED Episode #6 — The Defense Executive, a Recovered Craft, and a Living Occupant",2023-02-27,referenceSources,0,Official WEAPONIZED Episode #6 page,https://www.weaponizedpodcast.com/episodes-1/episode-number-6,https://weaponizedpodcast.com/episodes-1/episode-number-6,1760f3f82a4be266c111,WEAPONIZED website,episode,web_page,False,legacy_unspecified,approved,,False,False,network_check_pending,2026-07-28T00:00:00Z,23.5C.1-1.0.0,dup-00256,duplicate,media-audit-9d32dc488bfc50f0
inv-00761,weaponized-podcast,WEAPONIZED,2023-weaponized-episode-6,podcast_episode,6,"WEAPONIZED Episode #6 — The Defense Executive, a Recovered Craft, and a Living Occupant",2023-02-27,referenceSources,1,Listen to WEAPONIZED,https://link.chtbl.com/Weaponized,https://link.chtbl.com/Weaponized,e431bef40967149e37ee,link.chtbl.com,series,web_page,False,legacy_unspecified,approved,,False,False,network_check_pending,2026-07-28T00:00:00Z,23.5C.1-1.0.0,dup-00255,duplicate,media-audit-9f7979909b4087f2
inv-00762,weaponized-podcast,WEAPONIZED,2023-weaponized-episode-7,podcast_episode,7,WEAPONIZED Episode #7 — Storm Area 51 and the Baghdad Phantom,2023-03-06,officialMedia,0,Open Official Episode Page,https://www.weaponizedpodcast.com/episodes-1/episode-number-7,https://weaponizedpodcast.com/episodes-1/episode-number-7,e6f50480a11d759c9834,Official website,episode,web_page,True,verified,approved,1,False,False,network_check_pending,2026-07-28T00:00:00Z,23.5C.1-1.0.0,dup-00258,authoritative,media-audit-5cc20f8b225ec631
inv-00763,weaponized-podcast,WEAPONIZED,2023-weaponized-episode-7,podcast_episode,7,WEAPONIZED Episode #7 — Storm Area 51 and the Baghdad Phantom,2023-03-06,officialMedia,1,Browse Official Podcast Archive,https://link.chtbl.com/Weaponized,https://link.chtbl.com/Weaponized,e431bef40967149e37ee,RSS,series,audio,True,verified,approved,6,False,False,network_check_pending,2026-07-28T00:00:00Z,23.5C.1-1.0.0,dup-00257,authoritative,media-audit-1dd612896a278ea2
inv-00764,weaponized-podcast,WEAPONIZED,2023-weaponized-episode-7,podcast_episode,7,WEAPONIZED Episode #7 — Storm Area 51 and the Baghdad Phantom,2023-03-06,mediaLinks,0,Open the official Episode #7 page,https://www.weaponizedpodcast.com/episodes-1/episode-number-7,https://weaponizedpodcast.com/episodes-1/episode-number-7,e6f50480a11d759c9834,WEAPONIZED,episode,web_page,True,legacy_unspecified,approved,,False,False,network_check_pending,2026-07-28T00:00:00Z,23.5C.1-1.0.0,dup-00258,duplicate,media-audit-5cc20f8b225ec631
inv-00765,weaponized-podcast,WEAPONIZED,2023-weaponized-episode-7,podcast_episode,7,WEAPONIZED Episode #7 — Storm Area 51 and the Baghdad Phantom,2023-03-06,mediaLinks,1,Listen to WEAPONIZED,https://link.chtbl.com/Weaponized,https://link.chtbl.com/Weaponized,e431bef40967149e37ee,Official audio feed,series,web_page,True,legacy_unspecified,approved,,False,False,network_check_pending,2026-07-28T00:00:00Z,23.5C.1-1.0.0,dup-00257,duplicate,media-audit-1dd612896a278ea2
inv-00766,weaponized-podcast,WEAPONIZED,2023-weaponized-episode-7,podcast_episode,7,WEAPONIZED Episode #7 — Storm Area 51 and the Baghdad Phantom,2023-03-06,referenceSources,0,Official WEAPONIZED Episode #7 page,https://www.weaponizedpodcast.com/episodes-1/episode-number-7,https://weaponizedpodcast.com/episodes-1/episode-number-7,e6f50480a11d759c9834,WEAPONIZED website,episode,web_page,False,legacy_unspecified,approved,,False,False,network_check_pending,2026-07-28T00:00:00Z,23.5C.1-1.0.0,dup-00258,duplicate,media-audit-5cc20f8b225ec631
inv-00767,weaponized-podcast,WEAPONIZED,2023-weaponized-episode-7,podcast_episode,7,WEAPONIZED Episode #7 — Storm Area 51 and the Baghdad Phantom,2023-03-06,referenceSources,1,Listen to WEAPONIZED,https://link.chtbl.com/Weaponized,https://link.chtbl.com/Weaponized,e431bef40967149e37ee,link.chtbl.com,series,web_page,False,legacy_unspecified,approved,,False,False,network_check_pending,2026-07-28T00:00:00Z,23.5C.1-1.0.0,dup-00257,duplicate,media-audit-1dd612896a278ea2
inv-00768,weaponized-podcast,WEAPONIZED,2023-weaponized-episode-8,podcast_episode,8,WEAPONIZED Episode #8 — Baghdad Phantom Analysis and the UFO “Silver Bullet”,2023-03-13,officialMedia,0,Open Official Episode Page,https://www.weaponizedpodcast.com/episodes-1/episode-number-8,https://weaponizedpodcast.com/episodes-1/episode-number-8,3d48e41693c8bfe76e1e,Official website,episode,web_page,True,verified,approved,1,False,False,network_check_pending,2026-07-28T00:00:00Z,23.5C.1-1.0.0,dup-00260,authoritative,media-audit-a0b1bd73195ae7dd
inv-00769,weaponized-podcast,WEAPONIZED,2023-weaponized-episode-8,podcast_episode,8,WEAPONIZED Episode #8 — Baghdad Phantom Analysis and the UFO “Silver Bullet”,2023-03-13,officialMedia,1,Browse Official Podcast Archive,https://link.chtbl.com/Weaponized,https://link.chtbl.com/Weaponized,e431bef40967149e37ee,RSS,series,audio,True,verified,approved,6,False,False,network_check_pending,2026-07-28T00:00:00Z,23.5C.1-1.0.0,dup-00259,authoritative,media-audit-49e07dfbab785e13
inv-00770,weaponized-podcast,WEAPONIZED,2023-weaponized-episode-8,podcast_episode,8,WEAPONIZED Episode #8 — Baghdad Phantom Analysis and the UFO “Silver Bullet”,2023-03-13,mediaLinks,0,Open the official Episode #8 page,https://www.weaponizedpodcast.com/episodes-1/episode-number-8,https://weaponizedpodcast.com/episodes-1/episode-number-8,3d48e41693c8bfe76e1e,WEAPONIZED,episode,web_page,True,legacy_unspecified,approved,,False,False,network_check_pending,2026-07-28T00:00:00Z,23.5C.1-1.0.0,dup-00260,duplicate,media-audit-a0b1bd73195ae7dd
inv-00771,weaponized-podcast,WEAPONIZED,2023-weaponized-episode-8,podcast_episode,8,WEAPONIZED Episode #8 — Baghdad Phantom Analysis and the UFO “Silver Bullet”,2023-03-13,mediaLinks,1,Listen to WEAPONIZED,https://link.chtbl.com/Weaponized,https://link.chtbl.com/Weaponized,e431bef40967149e37ee,Official audio feed,series,web_page,True,legacy_unspecified,approved,,False,False,network_check_pending,2026-07-28T00:00:00Z,23.5C.1-1.0.0,dup-00259,duplicate,media-audit-49e07dfbab785e13
inv-00772,weaponized-podcast,WEAPONIZED,2023-weaponized-episode-8,podcast_episode,8,WEAPONIZED Episode #8 — Baghdad Phantom Analysis and the UFO “Silver Bullet”,2023-03-13,referenceSources,0,Official WEAPONIZED Episode #8 page,https://www.weaponizedpodcast.com/episodes-1/episode-number-8,https://weaponizedpodcast.com/episodes-1/episode-number-8,3d48e41693c8bfe76e1e,WEAPONIZED website,episode,web_page,False,legacy_unspecified,approved,,False,False,network_check_pending,2026-07-28T00:00:00Z,23.5C.1-1.0.0,dup-00260,duplicate,media-audit-a0b1bd73195ae7dd
inv-00773,weaponized-podcast,WEAPONIZED,2023-weaponized-episode-8,podcast_episode,8,WEAPONIZED Episode #8 — Baghdad Phantom Analysis and the UFO “Silver Bullet”,2023-03-13,referenceSources,1,Listen to WEAPONIZED,https://link.chtbl.com/Weaponized,https://link.chtbl.com/Weaponized,e431bef40967149e37ee,link.chtbl.com,series,web_page,False,legacy_unspecified,approved,,False,False,network_check_pending,2026-07-28T00:00:00Z,23.5C.1-1.0.0,dup-00259,duplicate,media-audit-49e07dfbab785e13
inv-00774,weaponized-podcast,WEAPONIZED,2023-weaponized-episode-9,podcast_episode,9,WEAPONIZED Episode #9 — Harry Reid’s AAWSAP Briefing and the Hidden History of AATIP,2023-03-20,officialMedia,0,Open Official Episode Page,https://www.weaponizedpodcast.com/episodes-1/episode-number-9,https://weaponizedpodcast.com/episodes-1/episode-number-9,de15f9cc98713fe69507,Official website,episode,web_page,True,verified,approved,1,False,False,network_check_pending,2026-07-28T00:00:00Z,23.5C.1-1.0.0,dup-00262,authoritative,media-audit-9f5c93a16a86a686
inv-00775,weaponized-podcast,WEAPONIZED,2023-weaponized-episode-9,podcast_episode,9,WEAPONIZED Episode #9 — Harry Reid’s AAWSAP Briefing and the Hidden History of AATIP,2023-03-20,officialMedia,1,Browse Official Podcast Archive,https://link.chtbl.com/Weaponized,https://link.chtbl.com/Weaponized,e431bef40967149e37ee,RSS,series,audio,True,verified,approved,6,False,False,network_check_pending,2026-07-28T00:00:00Z,23.5C.1-1.0.0,dup-00261,authoritative,media-audit-9833b40c01eab08f
inv-00776,weaponized-podcast,WEAPONIZED,2023-weaponized-episode-9,podcast_episode,9,WEAPONIZED Episode #9 — Harry Reid’s AAWSAP Briefing and the Hidden History of AATIP,2023-03-20,mediaLinks,0,Open the official Episode #9 page,https://www.weaponizedpodcast.com/episodes-1/episode-number-9,https://weaponizedpodcast.com/episodes-1/episode-number-9,de15f9cc98713fe69507,WEAPONIZED,episode,web_page,True,legacy_unspecified,approved,,False,False,network_check_pending,2026-07-28T00:00:00Z,23.5C.1-1.0.0,dup-00262,duplicate,media-audit-9f5c93a16a86a686
inv-00777,weaponized-podcast,WEAPONIZED,2023-weaponized-episode-9,podcast_episode,9,WEAPONIZED Episode #9 — Harry Reid’s AAWSAP Briefing and the Hidden History of AATIP,2023-03-20,mediaLinks,1,Listen to WEAPONIZED,https://link.chtbl.com/Weaponized,https://link.chtbl.com/Weaponized,e431bef40967149e37ee,Official audio feed,series,web_page,True,legacy_unspecified,approved,,False,False,network_check_pending,2026-07-28T00:00:00Z,23.5C.1-1.0.0,dup-00261,duplicate,media-audit-9833b40c01eab08f
inv-00778,weaponized-podcast,WEAPONIZED,2023-weaponized-episode-9,podcast_episode,9,WEAPONIZED Episode #9 — Harry Reid’s AAWSAP Briefing and the Hidden History of AATIP,2023-03-20,referenceSources,0,Official WEAPONIZED Episode #9 page,https://www.weaponizedpodcast.com/episodes-1/episode-number-9,https://weaponizedpodcast.com/episodes-1/episode-number-9,de15f9cc98713fe69507,WEAPONIZED website,episode,web_page,False,legacy_unspecified,approved,,False,False,network_check_pending,2026-07-28T00:00:00Z,23.5C.1-1.0.0,dup-00262,duplicate,media-audit-9f5c93a16a86a686
inv-00779,weaponized-podcast,WEAPONIZED,2023-weaponized-episode-9,podcast_episode,9,WEAPONIZED Episode #9 — Harry Reid’s AAWSAP Briefing and the Hidden History of AATIP,2023-03-20,referenceSources,1,Listen to WEAPONIZED,https://link.chtbl.com/Weaponized,https://link.chtbl.com/Weaponized,e431bef40967149e37ee,link.chtbl.com,series,web_page,False,legacy_unspecified,approved,,False,False,network_check_pending,2026-07-28T00:00:00Z,23.5C.1-1.0.0,dup-00261,duplicate,media-audit-9833b40c01eab08f
inv-00780,need-to-know-podcast,Need to Know,2024-need-to-know-episode-48,podcast_episode,48,Need to Know Episode #48 — Is This the Year?,2024-01-05,officialMedia,0,Watch on YouTube,https://www.youtube.com/watch?v=DWShhjGr-uc,https://youtube.com/watch?v=DWShhjGr-uc,f43bda6be1df9aeab553,YouTube,episode,video,True,verified,approved,2,False,False,network_check_pending,2026-07-28T00:00:00Z,23.5C.1-1.0.0,dup-00264,authoritative,media-audit-1af4709eacd1cccd
inv-00781,need-to-know-podcast,Need to Know,2024-need-to-know-episode-48,podcast_episode,48,Need to Know Episode #48 — Is This the Year?,2024-01-05,officialMedia,1,Browse Official YouTube Playlist,https://www.youtube.com/playlist?list=PLXdU8QbJkboeMcvUNyGpb9h6FUS9cVBti,https://youtube.com/playlist?list=PLXdU8QbJkboeMcvUNyGpb9h6FUS9cVBti,24259ff69bbafb114bed,YouTube,playlist,video,True,verified,approved,6,False,False,network_check_pending,2026-07-28T00:00:00Z,23.5C.1-1.0.0,dup-00263,authoritative,media-audit-ea9ac5c3dee01739
inv-00782,need-to-know-podcast,Need to Know,2024-need-to-know-episode-48,podcast_episode,48,Need to Know Episode #48 — Is This the Year?,2024-01-05,mediaLinks,0,Watch Need to Know Episode #48 on YouTube,https://www.youtube.com/watch?v=DWShhjGr-uc,https://youtube.com/watch?v=DWShhjGr-uc,f43bda6be1df9aeab553,YouTube,episode,video,True,legacy_unspecified,approved,,False,False,network_check_pending,2026-07-28T00:00:00Z,23.5C.1-1.0.0,dup-00264,duplicate,media-audit-1af4709eacd1cccd
inv-00783,need-to-know-podcast,Need to Know,2024-need-to-know-episode-48,podcast_episode,48,Need to Know Episode #48 — Is This the Year?,2024-01-05,mediaLinks,1,Watch the official Need to Know collection,https://www.youtube.com/playlist?list=PLXdU8QbJkboeMcvUNyGpb9h6FUS9cVBti,https://youtube.com/playlist?list=PLXdU8QbJkboeMcvUNyGpb9h6FUS9cVBti,24259ff69bbafb114bed,YouTube,playlist,video,True,legacy_unspecified,approved,,False,False,network_check_pending,2026-07-28T00:00:00Z,23.5C.1-1.0.0,dup-00263,duplicate,media-audit-ea9ac5c3dee01739
inv-00784,need-to-know-podcast,Need to Know,2024-need-to-know-episode-48,podcast_episode,48,Need to Know Episode #48 — Is This the Year?,2024-01-05,referenceSources,0,Official Need to Know Episode 48 video — Is This the Year?,https://www.youtube.com/watch?v=DWShhjGr-uc,https://youtube.com/watch?v=DWShhjGr-uc,f43bda6be1df9aeab553,YouTube,episode,video,False,legacy_unspecified,approved,,False,False,network_check_pending,2026-07-28T00:00:00Z,23.5C.1-1.0.0,dup-00264,duplicate,media-audit-1af4709eacd1cccd
inv-00785,need-to-know-podcast,Need to Know,2024-need-to-know-episode-48,podcast_episode,48,Need to Know Episode #48 — Is This the Year?,2024-01-05,referenceSources,1,Need to Know official YouTube collection,https://www.youtube.com/playlist?list=PLXdU8QbJkboeMcvUNyGpb9h6FUS9cVBti,https://youtube.com/playlist?list=PLXdU8QbJkboeMcvUNyGpb9h6FUS9cVBti,24259ff69bbafb114bed,YouTube,playlist,video,False,legacy_unspecified,approved,,False,False,network_check_pending,2026-07-28T00:00:00Z,23.5C.1-1.0.0,dup-00263,duplicate,media-audit-ea9ac5c3dee01739
inv-00786,need-to-know-podcast,Need to Know,2024-need-to-know-episode-49,podcast_episode,49,"Need to Know Episode #49 — Adios, Voldemort",2024-02-08,officialMedia,0,Watch on YouTube,https://www.youtube.com/watch?v=NFvXyOiUiZ0,https://youtube.com/watch?v=NFvXyOiUiZ0,cc983205fe00b08c7311,YouTube,episode,video,True,verified,approved,2,False,False,network_check_pending,2026-07-28T00:00:00Z,23.5C.1-1.0.0,dup-00266,authoritative,media-audit-490517a692f467b9
inv-00787,need-to-know-podcast,Need to Know,2024-need-to-know-episode-49,podcast_episode,49,"Need to Know Episode #49 — Adios, Voldemort",2024-02-08,officialMedia,1,Browse Official YouTube Playlist,https://www.youtube.com/playlist?list=PLXdU8QbJkboeMcvUNyGpb9h6FUS9cVBti,https://youtube.com/playlist?list=PLXdU8QbJkboeMcvUNyGpb9h6FUS9cVBti,24259ff69bbafb114bed,YouTube,playlist,video,True,verified,approved,6,False,False,network_check_pending,2026-07-28T00:00:00Z,23.5C.1-1.0.0,dup-00265,authoritative,media-audit-4f7a1a6e36365fa2
inv-00788,need-to-know-podcast,Need to Know,2024-need-to-know-episode-49,podcast_episode,49,"Need to Know Episode #49 — Adios, Voldemort",2024-02-08,mediaLinks,0,Watch Need to Know Episode #49 on YouTube,https://www.youtube.com/watch?v=NFvXyOiUiZ0,https://youtube.com/watch?v=NFvXyOiUiZ0,cc983205fe00b08c7311,YouTube,episode,video,True,legacy_unspecified,approved,,False,False,network_check_pending,2026-07-28T00:00:00Z,23.5C.1-1.0.0,dup-00266,duplicate,media-audit-490517a692f467b9
inv-00789,need-to-know-podcast,Need to Know,2024-need-to-know-episode-49,podcast_episode,49,"Need to Know Episode #49 — Adios, Voldemort",2024-02-08,mediaLinks,1,Watch the official Need to Know collection,https://www.youtube.com/playlist?list=PLXdU8QbJkboeMcvUNyGpb9h6FUS9cVBti,https://youtube.com/playlist?list=PLXdU8QbJkboeMcvUNyGpb9h6FUS9cVBti,24259ff69bbafb114bed,YouTube,playlist,video,True,legacy_unspecified,approved,,False,False,network_check_pending,2026-07-28T00:00:00Z,23.5C.1-1.0.0,dup-00265,duplicate,media-audit-4f7a1a6e36365fa2
inv-00790,need-to-know-podcast,Need to Know,2024-need-to-know-episode-49,podcast_episode,49,"Need to Know Episode #49 — Adios, Voldemort",2024-02-08,referenceSources,0,"Official Need to Know Episode 49 video — Adios, Voldemort",https://www.youtube.com/watch?v=NFvXyOiUiZ0,https://youtube.com/watch?v=NFvXyOiUiZ0,cc983205fe00b08c7311,YouTube,episode,video,False,legacy_unspecified,approved,,False,False,network_check_pending,2026-07-28T00:00:00Z,23.5C.1-1.0.0,dup-00266,duplicate,media-audit-490517a692f467b9
inv-00791,need-to-know-podcast,Need to Know,2024-need-to-know-episode-49,podcast_episode,49,"Need to Know Episode #49 — Adios, Voldemort",2024-02-08,referenceSources,1,Need to Know official YouTube collection,https://www.youtube.com/playlist?list=PLXdU8QbJkboeMcvUNyGpb9h6FUS9cVBti,https://youtube.com/playlist?list=PLXdU8QbJkboeMcvUNyGpb9h6FUS9cVBti,24259ff69bbafb114bed,YouTube,playlist,video,False,legacy_unspecified,approved,,False,False,network_check_pending,2026-07-28T00:00:00Z,23.5C.1-1.0.0,dup-00265,duplicate,media-audit-4f7a1a6e36365fa2
inv-00792,need-to-know-podcast,Need to Know,2024-need-to-know-episode-50,podcast_episode,50,Need to Know Episode #50 — More UFO Lies & Coverup,2024-03-13,officialMedia,0,Watch on YouTube,https://www.youtube.com/watch?v=XiMrk9vX3og,https://youtube.com/watch?v=XiMrk9vX3og,ae233a1b3859edecb7a9,YouTube,episode,video,True,verified,approved,2,False,False,network_check_pending,2026-07-28T00:00:00Z,23.5C.1-1.0.0,dup-00268,authoritative,media-audit-9731b763e1b7f7c5
inv-00793,need-to-know-podcast,Need to Know,2024-need-to-know-episode-50,podcast_episode,50,Need to Know Episode #50 — More UFO Lies & Coverup,2024-03-13,officialMedia,1,Browse Official YouTube Playlist,https://www.youtube.com/playlist?list=PLXdU8QbJkboeMcvUNyGpb9h6FUS9cVBti,https://youtube.com/playlist?list=PLXdU8QbJkboeMcvUNyGpb9h6FUS9cVBti,24259ff69bbafb114bed,YouTube,playlist,video,True,verified,approved,6,False,False,network_check_pending,2026-07-28T00:00:00Z,23.5C.1-1.0.0,dup-00267,authoritative,media-audit-35bb8ec34b3237c5
inv-00794,need-to-know-podcast,Need to Know,2024-need-to-know-episode-50,podcast_episode,50,Need to Know Episode #50 — More UFO Lies & Coverup,2024-03-13,mediaLinks,0,Watch Need to Know Episode #50 on YouTube,https://www.youtube.com/watch?v=XiMrk9vX3og,https://youtube.com/watch?v=XiMrk9vX3og,ae233a1b3859edecb7a9,YouTube,episode,video,True,legacy_unspecified,approved,,False,False,network_check_pending,2026-07-28T00:00:00Z,23.5C.1-1.0.0,dup-00268,duplicate,media-audit-9731b763e1b7f7c5
inv-00795,need-to-know-podcast,Need to Know,2024-need-to-know-episode-50,podcast_episode,50,Need to Know Episode #50 — More UFO Lies & Coverup,2024-03-13,mediaLinks,1,Watch the official Need to Know collection,https://www.youtube.com/playlist?list=PLXdU8QbJkboeMcvUNyGpb9h6FUS9cVBti,https://youtube.com/playlist?list=PLXdU8QbJkboeMcvUNyGpb9h6FUS9cVBti,24259ff69bbafb114bed,YouTube,playlist,video,True,legacy_unspecified,approved,,False,False,network_check_pending,2026-07-28T00:00:00Z,23.5C.1-1.0.0,dup-00267,duplicate,media-audit-35bb8ec34b3237c5
inv-00796,need-to-know-podcast,Need to Know,2024-need-to-know-episode-50,podcast_episode,50,Need to Know Episode #50 — More UFO Lies & Coverup,2024-03-13,referenceSources,0,Official Need to Know Episode 50 video — More UFO Lies & Coverup,https://www.youtube.com/watch?v=XiMrk9vX3og,https://youtube.com/watch?v=XiMrk9vX3og,ae233a1b3859edecb7a9,YouTube,episode,video,False,legacy_unspecified,approved,,False,False,network_check_pending,2026-07-28T00:00:00Z,23.5C.1-1.0.0,dup-00268,duplicate,media-audit-9731b763e1b7f7c5
inv-00797,need-to-know-podcast,Need to Know,2024-need-to-know-episode-50,podcast_episode,50,Need to Know Episode #50 — More UFO Lies & Coverup,2024-03-13,referenceSources,1,Need to Know official YouTube collection,https://www.youtube.com/playlist?list=PLXdU8QbJkboeMcvUNyGpb9h6FUS9cVBti,https://youtube.com/playlist?list=PLXdU8QbJkboeMcvUNyGpb9h6FUS9cVBti,24259ff69bbafb114bed,YouTube,playlist,video,False,legacy_unspecified,approved,,False,False,network_check_pending,2026-07-28T00:00:00Z,23.5C.1-1.0.0,dup-00267,duplicate,media-audit-35bb8ec34b3237c5
inv-00798,need-to-know-podcast,Need to Know,2024-need-to-know-episode-51,podcast_episode,51,Need to Know Episode #51 — UAP Burnout,2024-04-15,officialMedia,0,Watch on YouTube,https://www.youtube.com/watch?v=zC60JOR8nPw,https://youtube.com/watch?v=zC60JOR8nPw,3f1aa9517214fc1219f5,YouTube,episode,video,True,verified,approved,2,False,False,network_check_pending,2026-07-28T00:00:00Z,23.5C.1-1.0.0,dup-00270,authoritative,media-audit-8849d1ee643868ed
inv-00799,need-to-know-podcast,Need to Know,2024-need-to-know-episode-51,podcast_episode,51,Need to Know Episode #51 — UAP Burnout,2024-04-15,officialMedia,1,Browse Official YouTube Playlist,https://www.youtube.com/playlist?list=PLXdU8QbJkboeMcvUNyGpb9h6FUS9cVBti,https://youtube.com/playlist?list=PLXdU8QbJkboeMcvUNyGpb9h6FUS9cVBti,24259ff69bbafb114bed,YouTube,playlist,video,True,verified,approved,6,False,False,network_check_pending,2026-07-28T00:00:00Z,23.5C.1-1.0.0,dup-00269,authoritative,media-audit-f3ff1c398772664d
inv-00800,need-to-know-podcast,Need to Know,2024-need-to-know-episode-51,podcast_episode,51,Need to Know Episode #51 — UAP Burnout,2024-04-15,mediaLinks,0,Watch Need to Know Episode #51 on YouTube,https://www.youtube.com/watch?v=zC60JOR8nPw,https://youtube.com/watch?v=zC60JOR8nPw,3f1aa9517214fc1219f5,YouTube,episode,video,True,legacy_unspecified,approved,,False,False,network_check_pending,2026-07-28T00:00:00Z,23.5C.1-1.0.0,dup-00270,duplicate,media-audit-8849d1ee643868ed
inv-00801,need-to-know-podcast,Need to Know,2024-need-to-know-episode-51,podcast_episode,51,Need to Know Episode #51 — UAP Burnout,2024-04-15,mediaLinks,1,Watch the official Need to Know collection,https://www.youtube.com/playlist?list=PLXdU8QbJkboeMcvUNyGpb9h6FUS9cVBti,https://youtube.com/playlist?list=PLXdU8QbJkboeMcvUNyGpb9h6FUS9cVBti,24259ff69bbafb114bed,YouTube,playlist,video,True,legacy_unspecified,approved,,False,False,network_check_pending,2026-07-28T00:00:00Z,23.5C.1-1.0.0,dup-00269,duplicate,media-audit-f3ff1c398772664d
inv-00802,need-to-know-podcast,Need to Know,2024-need-to-know-episode-51,podcast_episode,51,Need to Know Episode #51 — UAP Burnout,2024-04-15,referenceSources,0,Official Need to Know Episode 51 video — UAP Burnout,https://www.youtube.com/watch?v=zC60JOR8nPw,https://youtube.com/watch?v=zC60JOR8nPw,3f1aa9517214fc1219f5,YouTube,episode,video,False,legacy_unspecified,approved,,False,False,network_check_pending,2026-07-28T00:00:00Z,23.5C.1-1.0.0,dup-00270,duplicate,media-audit-8849d1ee643868ed
inv-00803,need-to-know-podcast,Need to Know,2024-need-to-know-episode-51,podcast_episode,51,Need to Know Episode #51 — UAP Burnout,2024-04-15,referenceSources,1,Need to Know official YouTube collection,https://www.youtube.com/playlist?list=PLXdU8QbJkboeMcvUNyGpb9h6FUS9cVBti,https://youtube.com/playlist?list=PLXdU8QbJkboeMcvUNyGpb9h6FUS9cVBti,24259ff69bbafb114bed,YouTube,playlist,video,False,legacy_unspecified,approved,,False,False,network_check_pending,2026-07-28T00:00:00Z,23.5C.1-1.0.0,dup-00269,duplicate,media-audit-f3ff1c398772664d
inv-00804,need-to-know-podcast,Need to Know,2024-need-to-know-episode-52,podcast_episode,52,Need to Know Episode #52 — Swagger and Secrets,2024-05-11,officialMedia,0,Watch on YouTube,https://www.youtube.com/watch?v=M8Xb3q0NILY,https://youtube.com/watch?v=M8Xb3q0NILY,feb2fb32ea1042b87922,YouTube,episode,video,True,verified,approved,2,False,False,network_check_pending,2026-07-28T00:00:00Z,23.5C.1-1.0.0,dup-00272,authoritative,media-audit-ab996306eb9d86f8
inv-00805,need-to-know-podcast,Need to Know,2024-need-to-know-episode-52,podcast_episode,52,Need to Know Episode #52 — Swagger and Secrets,2024-05-11,officialMedia,1,Browse Official YouTube Playlist,https://www.youtube.com/playlist?list=PLXdU8QbJkboeMcvUNyGpb9h6FUS9cVBti,https://youtube.com/playlist?list=PLXdU8QbJkboeMcvUNyGpb9h6FUS9cVBti,24259ff69bbafb114bed,YouTube,playlist,video,True,verified,approved,6,False,False,network_check_pending,2026-07-28T00:00:00Z,23.5C.1-1.0.0,dup-00271,authoritative,media-audit-fa7d7e40d289ae95
inv-00806,need-to-know-podcast,Need to Know,2024-need-to-know-episode-52,podcast_episode,52,Need to Know Episode #52 — Swagger and Secrets,2024-05-11,mediaLinks,0,Watch Need to Know Episode #52 on YouTube,https://www.youtube.com/watch?v=M8Xb3q0NILY,https://youtube.com/watch?v=M8Xb3q0NILY,feb2fb32ea1042b87922,YouTube,episode,video,True,legacy_unspecified,approved,,False,False,network_check_pending,2026-07-28T00:00:00Z,23.5C.1-1.0.0,dup-00272,duplicate,media-audit-ab996306eb9d86f8
inv-00807,need-to-know-podcast,Need to Know,2024-need-to-know-episode-52,podcast_episode,52,Need to Know Episode #52 — Swagger and Secrets,2024-05-11,mediaLinks,1,Watch the official Need to Know collection,https://www.youtube.com/playlist?list=PLXdU8QbJkboeMcvUNyGpb9h6FUS9cVBti,https://youtube.com/playlist?list=PLXdU8QbJkboeMcvUNyGpb9h6FUS9cVBti,24259ff69bbafb114bed,YouTube,playlist,video,True,legacy_unspecified,approved,,False,False,network_check_pending,2026-07-28T00:00:00Z,23.5C.1-1.0.0,dup-00271,duplicate,media-audit-fa7d7e40d289ae95
inv-00808,need-to-know-podcast,Need to Know,2024-need-to-know-episode-52,podcast_episode,52,Need to Know Episode #52 — Swagger and Secrets,2024-05-11,referenceSources,0,Official Need to Know Episode 52 video — Swagger and Secrets,https://www.youtube.com/watch?v=M8Xb3q0NILY,https://youtube.com/watch?v=M8Xb3q0NILY,feb2fb32ea1042b87922,YouTube,episode,video,False,legacy_unspecified,approved,,False,False,network_check_pending,2026-07-28T00:00:00Z,23.5C.1-1.0.0,dup-00272,duplicate,media-audit-ab996306eb9d86f8
inv-00809,need-to-know-podcast,Need to Know,2024-need-to-know-episode-52,podcast_episode,52,Need to Know Episode #52 — Swagger and Secrets,2024-05-11,referenceSources,1,Need to Know official YouTube collection,https://www.youtube.com/playlist?list=PLXdU8QbJkboeMcvUNyGpb9h6FUS9cVBti,https://youtube.com/playlist?list=PLXdU8QbJkboeMcvUNyGpb9h6FUS9cVBti,24259ff69bbafb114bed,YouTube,playlist,video,False,legacy_unspecified,approved,,False,False,network_check_pending,2026-07-28T00:00:00Z,23.5C.1-1.0.0,dup-00271,duplicate,media-audit-fa7d7e40d289ae95
inv-00810,need-to-know-podcast,Need to Know,2024-need-to-know-episode-53,podcast_episode,53,Need to Know Episode #53 — Zero Doubt,2024-06-08,officialMedia,0,Watch on YouTube,https://www.youtube.com/watch?v=9dmoqsa5WvU,https://youtube.com/watch?v=9dmoqsa5WvU,920734e7ff4188c11fd4,YouTube,episode,video,True,verified,approved,2,False,False,network_check_pending,2026-07-28T00:00:00Z,23.5C.1-1.0.0,dup-00274,authoritative,media-audit-6a1fd84cf368a734
inv-00811,need-to-know-podcast,Need to Know,2024-need-to-know-episode-53,podcast_episode,53,Need to Know Episode #53 — Zero Doubt,2024-06-08,officialMedia,1,Browse Official YouTube Playlist,https://www.youtube.com/playlist?list=PLXdU8QbJkboeMcvUNyGpb9h6FUS9cVBti,https://youtube.com/playlist?list=PLXdU8QbJkboeMcvUNyGpb9h6FUS9cVBti,24259ff69bbafb114bed,YouTube,playlist,video,True,verified,approved,6,False,False,network_check_pending,2026-07-28T00:00:00Z,23.5C.1-1.0.0,dup-00273,authoritative,media-audit-6863b812ec69c762
inv-00812,need-to-know-podcast,Need to Know,2024-need-to-know-episode-53,podcast_episode,53,Need to Know Episode #53 — Zero Doubt,2024-06-08,mediaLinks,0,Watch Need to Know Episode #53 on YouTube,https://www.youtube.com/watch?v=9dmoqsa5WvU,https://youtube.com/watch?v=9dmoqsa5WvU,920734e7ff4188c11fd4,YouTube,episode,video,True,legacy_unspecified,approved,,False,False,network_check_pending,2026-07-28T00:00:00Z,23.5C.1-1.0.0,dup-00274,duplicate,media-audit-6a1fd84cf368a734
inv-00813,need-to-know-podcast,Need to Know,2024-need-to-know-episode-53,podcast_episode,53,Need to Know Episode #53 — Zero Doubt,2024-06-08,mediaLinks,1,Watch the official Need to Know collection,https://www.youtube.com/playlist?list=PLXdU8QbJkboeMcvUNyGpb9h6FUS9cVBti,https://youtube.com/playlist?list=PLXdU8QbJkboeMcvUNyGpb9h6FUS9cVBti,24259ff69bbafb114bed,YouTube,playlist,video,True,legacy_unspecified,approved,,False,False,network_check_pending,2026-07-28T00:00:00Z,23.5C.1-1.0.0,dup-00273,duplicate,media-audit-6863b812ec69c762
inv-00814,need-to-know-podcast,Need to Know,2024-need-to-know-episode-53,podcast_episode,53,Need to Know Episode #53 — Zero Doubt,2024-06-08,referenceSources,0,Official Need to Know Episode 53 video — Zero Doubt,https://www.youtube.com/watch?v=9dmoqsa5WvU,https://youtube.com/watch?v=9dmoqsa5WvU,920734e7ff4188c11fd4,YouTube,episode,video,False,legacy_unspecified,approved,,False,False,network_check_pending,2026-07-28T00:00:00Z,23.5C.1-1.0.0,dup-00274,duplicate,media-audit-6a1fd84cf368a734
inv-00815,need-to-know-podcast,Need to Know,2024-need-to-know-episode-53,podcast_episode,53,Need to Know Episode #53 — Zero Doubt,2024-06-08,referenceSources,1,Need to Know official YouTube collection,https://www.youtube.com/playlist?list=PLXdU8QbJkboeMcvUNyGpb9h6FUS9cVBti,https://youtube.com/playlist?list=PLXdU8QbJkboeMcvUNyGpb9h6FUS9cVBti,24259ff69bbafb114bed,YouTube,playlist,video,False,legacy_unspecified,approved,,False,False,network_check_pending,2026-07-28T00:00:00Z,23.5C.1-1.0.0,dup-00273,duplicate,media-audit-6863b812ec69c762
inv-00816,need-to-know-podcast,Need to Know,2024-need-to-know-episode-54,podcast_episode,54,Need to Know Episode #54 — History Repeats,2024-07-12,officialMedia,0,Watch on YouTube,https://www.youtube.com/watch?v=br8sAWRl8EA,https://youtube.com/watch?v=br8sAWRl8EA,27702909021227ac4e2f,YouTube,episode,video,True,verified,approved,2,False,False,network_check_pending,2026-07-28T00:00:00Z,23.5C.1-1.0.0,dup-00276,authoritative,media-audit-76470a401f910f1c
inv-00817,need-to-know-podcast,Need to Know,2024-need-to-know-episode-54,podcast_episode,54,Need to Know Episode #54 — History Repeats,2024-07-12,officialMedia,1,Browse Official YouTube Playlist,https://www.youtube.com/playlist?list=PLXdU8QbJkboeMcvUNyGpb9h6FUS9cVBti,https://youtube.com/playlist?list=PLXdU8QbJkboeMcvUNyGpb9h6FUS9cVBti,24259ff69bbafb114bed,YouTube,playlist,video,True,verified,approved,6,False,False,network_check_pending,2026-07-28T00:00:00Z,23.5C.1-1.0.0,dup-00275,authoritative,media-audit-4078d1a6770baf46
inv-00818,need-to-know-podcast,Need to Know,2024-need-to-know-episode-54,podcast_episode,54,Need to Know Episode #54 — History Repeats,2024-07-12,mediaLinks,0,Watch Need to Know Episode #54 on YouTube,https://www.youtube.com/watch?v=br8sAWRl8EA,https://youtube.com/watch?v=br8sAWRl8EA,27702909021227ac4e2f,YouTube,episode,video,True,legacy_unspecified,approved,,False,False,network_check_pending,2026-07-28T00:00:00Z,23.5C.1-1.0.0,dup-00276,duplicate,media-audit-76470a401f910f1c
inv-00819,need-to-know-podcast,Need to Know,2024-need-to-know-episode-54,podcast_episode,54,Need to Know Episode #54 — History Repeats,2024-07-12,mediaLinks,1,Watch the official Need to Know collection,https://www.youtube.com/playlist?list=PLXdU8QbJkboeMcvUNyGpb9h6FUS9cVBti,https://youtube.com/playlist?list=PLXdU8QbJkboeMcvUNyGpb9h6FUS9cVBti,24259ff69bbafb114bed,YouTube,playlist,video,True,legacy_unspecified,approved,,False,False,network_check_pending,2026-07-28T00:00:00Z,23.5C.1-1.0.0,dup-00275,duplicate,media-audit-4078d1a6770baf46
inv-00820,need-to-know-podcast,Need to Know,2024-need-to-know-episode-54,podcast_episode,54,Need to Know Episode #54 — History Repeats,2024-07-12,referenceSources,0,Official Need to Know Episode 54 video — History Repeats,https://www.youtube.com/watch?v=br8sAWRl8EA,https://youtube.com/watch?v=br8sAWRl8EA,27702909021227ac4e2f,YouTube,episode,video,False,legacy_unspecified,approved,,False,False,network_check_pending,2026-07-28T00:00:00Z,23.5C.1-1.0.0,dup-00276,duplicate,media-audit-76470a401f910f1c
inv-00821,need-to-know-podcast,Need to Know,2024-need-to-know-episode-54,podcast_episode,54,Need to Know Episode #54 — History Repeats,2024-07-12,referenceSources,1,Need to Know official YouTube collection,https://www.youtube.com/playlist?list=PLXdU8QbJkboeMcvUNyGpb9h6FUS9cVBti,https://youtube.com/playlist?list=PLXdU8QbJkboeMcvUNyGpb9h6FUS9cVBti,24259ff69bbafb114bed,YouTube,playlist,video,False,legacy_unspecified,approved,,False,False,network_check_pending,2026-07-28T00:00:00Z,23.5C.1-1.0.0,dup-00275,duplicate,media-audit-4078d1a6770baf46
inv-00822,need-to-know-podcast,Need to Know,2024-need-to-know-episode-55,podcast_episode,55,Need to Know Episode #55 — Imminent,2024-08-17,officialMedia,0,Watch on YouTube,https://www.youtube.com/watch?v=5ZxQJg15FNM,https://youtube.com/watch?v=5ZxQJg15FNM,731d8a08167c04ec9042,YouTube,episode,video,True,verified,approved,2,False,False,network_check_pending,2026-07-28T00:00:00Z,23.5C.1-1.0.0,dup-00278,authoritative,media-audit-9b5fe4f061e9a453
inv-00823,need-to-know-podcast,Need to Know,2024-need-to-know-episode-55,podcast_episode,55,Need to Know Episode #55 — Imminent,2024-08-17,officialMedia,1,Browse Official YouTube Playlist,https://www.youtube.com/playlist?list=PLXdU8QbJkboeMcvUNyGpb9h6FUS9cVBti,https://youtube.com/playlist?list=PLXdU8QbJkboeMcvUNyGpb9h6FUS9cVBti,24259ff69bbafb114bed,YouTube,playlist,video,True,verified,approved,6,False,False,network_check_pending,2026-07-28T00:00:00Z,23.5C.1-1.0.0,dup-00277,authoritative,media-audit-f7d1f3a9947f1c6c
inv-00824,need-to-know-podcast,Need to Know,2024-need-to-know-episode-55,podcast_episode,55,Need to Know Episode #55 — Imminent,2024-08-17,mediaLinks,0,Watch Need to Know Episode #55 on YouTube,https://www.youtube.com/watch?v=5ZxQJg15FNM,https://youtube.com/watch?v=5ZxQJg15FNM,731d8a08167c04ec9042,YouTube,episode,video,True,legacy_unspecified,approved,,False,False,network_check_pending,2026-07-28T00:00:00Z,23.5C.1-1.0.0,dup-00278,duplicate,media-audit-9b5fe4f061e9a453
inv-00825,need-to-know-podcast,Need to Know,2024-need-to-know-episode-55,podcast_episode,55,Need to Know Episode #55 — Imminent,2024-08-17,mediaLinks,1,Watch the official Need to Know collection,https://www.youtube.com/playlist?list=PLXdU8QbJkboeMcvUNyGpb9h6FUS9cVBti,https://youtube.com/playlist?list=PLXdU8QbJkboeMcvUNyGpb9h6FUS9cVBti,24259ff69bbafb114bed,YouTube,playlist,video,True,legacy_unspecified,approved,,False,False,network_check_pending,2026-07-28T00:00:00Z,23.5C.1-1.0.0,dup-00277,duplicate,media-audit-f7d1f3a9947f1c6c
inv-00826,need-to-know-podcast,Need to Know,2024-need-to-know-episode-55,podcast_episode,55,Need to Know Episode #55 — Imminent,2024-08-17,referenceSources,0,Official Need to Know Episode 55 video — Imminent,https://www.youtube.com/watch?v=5ZxQJg15FNM,https://youtube.com/watch?v=5ZxQJg15FNM,731d8a08167c04ec9042,YouTube,episode,video,False,legacy_unspecified,approved,,False,False,network_check_pending,2026-07-28T00:00:00Z,23.5C.1-1.0.0,dup-00278,duplicate,media-audit-9b5fe4f061e9a453
inv-00827,need-to-know-podcast,Need to Know,2024-need-to-know-episode-55,podcast_episode,55,Need to Know Episode #55 — Imminent,2024-08-17,referenceSources,1,Need to Know official YouTube collection,https://www.youtube.com/playlist?list=PLXdU8QbJkboeMcvUNyGpb9h6FUS9cVBti,https://youtube.com/playlist?list=PLXdU8QbJkboeMcvUNyGpb9h6FUS9cVBti,24259ff69bbafb114bed,YouTube,playlist,video,False,legacy_unspecified,approved,,False,False,network_check_pending,2026-07-28T00:00:00Z,23.5C.1-1.0.0,dup-00277,duplicate,media-audit-f7d1f3a9947f1c6c
inv-00828,need-to-know-podcast,Need to Know,2024-need-to-know-episode-56,podcast_episode,56,Need to Know Episode #56 — Elizondo Unplugged,2024-09-13,officialMedia,0,Watch on YouTube,https://www.youtube.com/watch?v=l1OQuK5bHt4,https://youtube.com/watch?v=l1OQuK5bHt4,bb588aac87a96c50d94e,YouTube,episode,video,True,verified,approved,2,False,False,network_check_pending,2026-07-28T00:00:00Z,23.5C.1-1.0.0,dup-00280,authoritative,media-audit-df241b71d0c93bac
inv-00829,need-to-know-podcast,Need to Know,2024-need-to-know-episode-56,podcast_episode,56,Need to Know Episode #56 — Elizondo Unplugged,2024-09-13,officialMedia,1,Browse Official YouTube Playlist,https://www.youtube.com/playlist?list=PLXdU8QbJkboeMcvUNyGpb9h6FUS9cVBti,https://youtube.com/playlist?list=PLXdU8QbJkboeMcvUNyGpb9h6FUS9cVBti,24259ff69bbafb114bed,YouTube,playlist,video,True,verified,approved,6,False,False,network_check_pending,2026-07-28T00:00:00Z,23.5C.1-1.0.0,dup-00279,authoritative,media-audit-fb9838c562498a76
inv-00830,need-to-know-podcast,Need to Know,2024-need-to-know-episode-56,podcast_episode,56,Need to Know Episode #56 — Elizondo Unplugged,2024-09-13,mediaLinks,0,Watch Need to Know Episode #56 on YouTube,https://www.youtube.com/watch?v=l1OQuK5bHt4,https://youtube.com/watch?v=l1OQuK5bHt4,bb588aac87a96c50d94e,YouTube,episode,video,True,legacy_unspecified,approved,,False,False,network_check_pending,2026-07-28T00:00:00Z,23.5C.1-1.0.0,dup-00280,duplicate,media-audit-df241b71d0c93bac
inv-00831,need-to-know-podcast,Need to Know,2024-need-to-know-episode-56,podcast_episode,56,Need to Know Episode #56 — Elizondo Unplugged,2024-09-13,mediaLinks,1,Watch the official Need to Know collection,https://www.youtube.com/playlist?list=PLXdU8QbJkboeMcvUNyGpb9h6FUS9cVBti,https://youtube.com/playlist?list=PLXdU8QbJkboeMcvUNyGpb9h6FUS9cVBti,24259ff69bbafb114bed,YouTube,playlist,video,True,legacy_unspecified,approved,,False,False,network_check_pending,2026-07-28T00:00:00Z,23.5C.1-1.0.0,dup-00279,duplicate,media-audit-fb9838c562498a76
inv-00832,need-to-know-podcast,Need to Know,2024-need-to-know-episode-56,podcast_episode,56,Need to Know Episode #56 — Elizondo Unplugged,2024-09-13,referenceSources,0,Official Need to Know Episode 56 video — Elizondo Unplugged,https://www.youtube.com/watch?v=l1OQuK5bHt4,https://youtube.com/watch?v=l1OQuK5bHt4,bb588aac87a96c50d94e,YouTube,episode,video,False,legacy_unspecified,approved,,False,False,network_check_pending,2026-07-28T00:00:00Z,23.5C.1-1.0.0,dup-00280,duplicate,media-audit-df241b71d0c93bac
inv-00833,need-to-know-podcast,Need to Know,2024-need-to-know-episode-56,podcast_episode,56,Need to Know Episode #56 — Elizondo Unplugged,2024-09-13,referenceSources,1,Need to Know official YouTube collection,https://www.youtube.com/playlist?list=PLXdU8QbJkboeMcvUNyGpb9h6FUS9cVBti,https://youtube.com/playlist?list=PLXdU8QbJkboeMcvUNyGpb9h6FUS9cVBti,24259ff69bbafb114bed,YouTube,playlist,video,False,legacy_unspecified,approved,,False,False,network_check_pending,2026-07-28T00:00:00Z,23.5C.1-1.0.0,dup-00279,duplicate,media-audit-fb9838c562498a76
inv-00834,need-to-know-podcast,Need to Know,2024-need-to-know-episode-57,podcast_episode,57,Need to Know Episode #57 — Dolan's New USO Shockers,2024-10-17,officialMedia,0,Watch on YouTube,https://www.youtube.com/watch?v=kAhQmbCy1VE,https://youtube.com/watch?v=kAhQmbCy1VE,fa61e072e4f418cac92e,YouTube,episode,video,True,verified,approved,2,False,False,network_check_pending,2026-07-28T00:00:00Z,23.5C.1-1.0.0,dup-00282,authoritative,media-audit-731ba24ecf4d836f
inv-00835,need-to-know-podcast,Need to Know,2024-need-to-know-episode-57,podcast_episode,57,Need to Know Episode #57 — Dolan's New USO Shockers,2024-10-17,officialMedia,1,Browse Official YouTube Playlist,https://www.youtube.com/playlist?list=PLXdU8QbJkboeMcvUNyGpb9h6FUS9cVBti,https://youtube.com/playlist?list=PLXdU8QbJkboeMcvUNyGpb9h6FUS9cVBti,24259ff69bbafb114bed,YouTube,playlist,video,True,verified,approved,6,False,False,network_check_pending,2026-07-28T00:00:00Z,23.5C.1-1.0.0,dup-00281,authoritative,media-audit-5bc06c74e279faa1
inv-00836,need-to-know-podcast,Need to Know,2024-need-to-know-episode-57,podcast_episode,57,Need to Know Episode #57 — Dolan's New USO Shockers,2024-10-17,mediaLinks,0,Watch Need to Know Episode #57 on YouTube,https://www.youtube.com/watch?v=kAhQmbCy1VE,https://youtube.com/watch?v=kAhQmbCy1VE,fa61e072e4f418cac92e,YouTube,episode,video,True,legacy_unspecified,approved,,False,False,network_check_pending,2026-07-28T00:00:00Z,23.5C.1-1.0.0,dup-00282,duplicate,media-audit-731ba24ecf4d836f
inv-00837,need-to-know-podcast,Need to Know,2024-need-to-know-episode-57,podcast_episode,57,Need to Know Episode #57 — Dolan's New USO Shockers,2024-10-17,mediaLinks,1,Watch the official Need to Know collection,https://www.youtube.com/playlist?list=PLXdU8QbJkboeMcvUNyGpb9h6FUS9cVBti,https://youtube.com/playlist?list=PLXdU8QbJkboeMcvUNyGpb9h6FUS9cVBti,24259ff69bbafb114bed,YouTube,playlist,video,True,legacy_unspecified,approved,,False,False,network_check_pending,2026-07-28T00:00:00Z,23.5C.1-1.0.0,dup-00281,duplicate,media-audit-5bc06c74e279faa1
inv-00838,need-to-know-podcast,Need to Know,2024-need-to-know-episode-57,podcast_episode,57,Need to Know Episode #57 — Dolan's New USO Shockers,2024-10-17,referenceSources,0,Official Need to Know Episode 57 video — Dolan's New USO Shockers,https://www.youtube.com/watch?v=kAhQmbCy1VE,https://youtube.com/watch?v=kAhQmbCy1VE,fa61e072e4f418cac92e,YouTube,episode,video,False,legacy_unspecified,approved,,False,False,network_check_pending,2026-07-28T00:00:00Z,23.5C.1-1.0.0,dup-00282,duplicate,media-audit-731ba24ecf4d836f
inv-00839,need-to-know-podcast,Need to Know,2024-need-to-know-episode-57,podcast_episode,57,Need to Know Episode #57 — Dolan's New USO Shockers,2024-10-17,referenceSources,1,Need to Know official YouTube collection,https://www.youtube.com/playlist?list=PLXdU8QbJkboeMcvUNyGpb9h6FUS9cVBti,https://youtube.com/playlist?list=PLXdU8QbJkboeMcvUNyGpb9h6FUS9cVBti,24259ff69bbafb114bed,YouTube,playlist,video,False,legacy_unspecified,approved,,False,False,network_check_pending,2026-07-28T00:00:00Z,23.5C.1-1.0.0,dup-00281,duplicate,media-audit-5bc06c74e279faa1
inv-00840,need-to-know-podcast,Need to Know,2024-need-to-know-episode-58,podcast_episode,58,Need to Know Episode #58 — The Disclosure President?,2024-11-10,officialMedia,0,Watch on YouTube,https://www.youtube.com/watch?v=DtpBExdn2rc,https://youtube.com/watch?v=DtpBExdn2rc,3b9b252b644015755dad,YouTube,episode,video,True,verified,approved,2,False,False,network_check_pending,2026-07-28T00:00:00Z,23.5C.1-1.0.0,dup-00284,authoritative,media-audit-66e89a1279bea255
inv-00841,need-to-know-podcast,Need to Know,2024-need-to-know-episode-58,podcast_episode,58,Need to Know Episode #58 — The Disclosure President?,2024-11-10,officialMedia,1,Browse Official YouTube Playlist,https://www.youtube.com/playlist?list=PLXdU8QbJkboeMcvUNyGpb9h6FUS9cVBti,https://youtube.com/playlist?list=PLXdU8QbJkboeMcvUNyGpb9h6FUS9cVBti,24259ff69bbafb114bed,YouTube,playlist,video,True,verified,approved,6,False,False,network_check_pending,2026-07-28T00:00:00Z,23.5C.1-1.0.0,dup-00283,authoritative,media-audit-a0cdde80defda6f0
inv-00842,need-to-know-podcast,Need to Know,2024-need-to-know-episode-58,podcast_episode,58,Need to Know Episode #58 — The Disclosure President?,2024-11-10,mediaLinks,0,Watch Need to Know Episode #58 on YouTube,https://www.youtube.com/watch?v=DtpBExdn2rc,https://youtube.com/watch?v=DtpBExdn2rc,3b9b252b644015755dad,YouTube,episode,video,True,legacy_unspecified,approved,,False,False,network_check_pending,2026-07-28T00:00:00Z,23.5C.1-1.0.0,dup-00284,duplicate,media-audit-66e89a1279bea255
inv-00843,need-to-know-podcast,Need to Know,2024-need-to-know-episode-58,podcast_episode,58,Need to Know Episode #58 — The Disclosure President?,2024-11-10,mediaLinks,1,Watch the official Need to Know collection,https://www.youtube.com/playlist?list=PLXdU8QbJkboeMcvUNyGpb9h6FUS9cVBti,https://youtube.com/playlist?list=PLXdU8QbJkboeMcvUNyGpb9h6FUS9cVBti,24259ff69bbafb114bed,YouTube,playlist,video,True,legacy_unspecified,approved,,False,False,network_check_pending,2026-07-28T00:00:00Z,23.5C.1-1.0.0,dup-00283,duplicate,media-audit-a0cdde80defda6f0
inv-00844,need-to-know-podcast,Need to Know,2024-need-to-know-episode-58,podcast_episode,58,Need to Know Episode #58 — The Disclosure President?,2024-11-10,referenceSources,0,Official Need to Know Episode 58 video — The Disclosure President?,https://www.youtube.com/watch?v=DtpBExdn2rc,https://youtube.com/watch?v=DtpBExdn2rc,3b9b252b644015755dad,YouTube,episode,video,False,legacy_unspecified,approved,,False,False,network_check_pending,2026-07-28T00:00:00Z,23.5C.1-1.0.0,dup-00284,duplicate,media-audit-66e89a1279bea255
inv-00845,need-to-know-podcast,Need to Know,2024-need-to-know-episode-58,podcast_episode,58,Need to Know Episode #58 — The Disclosure President?,2024-11-10,referenceSources,1,Need to Know official YouTube collection,https://www.youtube.com/playlist?list=PLXdU8QbJkboeMcvUNyGpb9h6FUS9cVBti,https://youtube.com/playlist?list=PLXdU8QbJkboeMcvUNyGpb9h6FUS9cVBti,24259ff69bbafb114bed,YouTube,playlist,video,False,legacy_unspecified,approved,,False,False,network_check_pending,2026-07-28T00:00:00Z,23.5C.1-1.0.0,dup-00283,duplicate,media-audit-a0cdde80defda6f0
inv-00846,need-to-know-podcast,Need to Know,2024-need-to-know-episode-59,podcast_episode,59,Need to Know Episode #59 — Jingle Drones,2024-12-09,officialMedia,0,Watch on YouTube,https://www.youtube.com/watch?v=KLXqSz4xAzE,https://youtube.com/watch?v=KLXqSz4xAzE,6c95b5ab34358ce5df51,YouTube,episode,video,True,verified,approved,2,False,False,network_check_pending,2026-07-28T00:00:00Z,23.5C.1-1.0.0,dup-00286,authoritative,media-audit-17a75ae0a3ef5f04
inv-00847,need-to-know-podcast,Need to Know,2024-need-to-know-episode-59,podcast_episode,59,Need to Know Episode #59 — Jingle Drones,2024-12-09,officialMedia,1,Browse Official YouTube Playlist,https://www.youtube.com/playlist?list=PLXdU8QbJkboeMcvUNyGpb9h6FUS9cVBti,https://youtube.com/playlist?list=PLXdU8QbJkboeMcvUNyGpb9h6FUS9cVBti,24259ff69bbafb114bed,YouTube,playlist,video,True,verified,approved,6,False,False,network_check_pending,2026-07-28T00:00:00Z,23.5C.1-1.0.0,dup-00285,authoritative,media-audit-9dbbdd62170dd30f
inv-00848,need-to-know-podcast,Need to Know,2024-need-to-know-episode-59,podcast_episode,59,Need to Know Episode #59 — Jingle Drones,2024-12-09,mediaLinks,0,Watch Need to Know Episode #59 on YouTube,https://www.youtube.com/watch?v=KLXqSz4xAzE,https://youtube.com/watch?v=KLXqSz4xAzE,6c95b5ab34358ce5df51,YouTube,episode,video,True,legacy_unspecified,approved,,False,False,network_check_pending,2026-07-28T00:00:00Z,23.5C.1-1.0.0,dup-00286,duplicate,media-audit-17a75ae0a3ef5f04
inv-00849,need-to-know-podcast,Need to Know,2024-need-to-know-episode-59,podcast_episode,59,Need to Know Episode #59 — Jingle Drones,2024-12-09,mediaLinks,1,Watch the official Need to Know collection,https://www.youtube.com/playlist?list=PLXdU8QbJkboeMcvUNyGpb9h6FUS9cVBti,https://youtube.com/playlist?list=PLXdU8QbJkboeMcvUNyGpb9h6FUS9cVBti,24259ff69bbafb114bed,YouTube,playlist,video,True,legacy_unspecified,approved,,False,False,network_check_pending,2026-07-28T00:00:00Z,23.5C.1-1.0.0,dup-00285,duplicate,media-audit-9dbbdd62170dd30f
inv-00850,need-to-know-podcast,Need to Know,2024-need-to-know-episode-59,podcast_episode,59,Need to Know Episode #59 — Jingle Drones,2024-12-09,referenceSources,0,Official Need to Know Episode 59 video — Jingle Drones,https://www.youtube.com/watch?v=KLXqSz4xAzE,https://youtube.com/watch?v=KLXqSz4xAzE,6c95b5ab34358ce5df51,YouTube,episode,video,False,legacy_unspecified,approved,,False,False,network_check_pending,2026-07-28T00:00:00Z,23.5C.1-1.0.0,dup-00286,duplicate,media-audit-17a75ae0a3ef5f04
inv-00851,need-to-know-podcast,Need to Know,2024-need-to-know-episode-59,podcast_episode,59,Need to Know Episode #59 — Jingle Drones,2024-12-09,referenceSources,1,Need to Know official YouTube collection,https://www.youtube.com/playlist?list=PLXdU8QbJkboeMcvUNyGpb9h6FUS9cVBti,https://youtube.com/playlist?list=PLXdU8QbJkboeMcvUNyGpb9h6FUS9cVBti,24259ff69bbafb114bed,YouTube,playlist,video,False,legacy_unspecified,approved,,False,False,network_check_pending,2026-07-28T00:00:00Z,23.5C.1-1.0.0,dup-00285,duplicate,media-audit-9dbbdd62170dd30f
inv-00852,weaponized-podcast,WEAPONIZED,2024-weaponized-episode-46,podcast_episode,46,"WEAPONIZED Episode #46 — Richard Dolan on Disclosure, History, and USO Cases",2024-01-08,officialMedia,0,Open Official Episode Page,https://www.weaponizedpodcast.com/episodes-2/episode-46,https://weaponizedpodcast.com/episodes-2/episode-46,7086c815b47c1fdde2a4,Official website,episode,web_page,True,verified,approved,1,False,False,network_check_pending,2026-07-28T00:00:00Z,23.5C.1-1.0.0,dup-00288,authoritative,media-audit-f98d6076131eee66
inv-00853,weaponized-podcast,WEAPONIZED,2024-weaponized-episode-46,podcast_episode,46,"WEAPONIZED Episode #46 — Richard Dolan on Disclosure, History, and USO Cases",2024-01-08,officialMedia,1,Browse Official Podcast Archive,https://link.chtbl.com/Weaponized,https://link.chtbl.com/Weaponized,e431bef40967149e37ee,RSS,series,audio,True,verified,approved,6,False,False,network_check_pending,2026-07-28T00:00:00Z,23.5C.1-1.0.0,dup-00287,authoritative,media-audit-7b89be17defdd5f0
inv-00854,weaponized-podcast,WEAPONIZED,2024-weaponized-episode-46,podcast_episode,46,"WEAPONIZED Episode #46 — Richard Dolan on Disclosure, History, and USO Cases",2024-01-08,mediaLinks,0,Open the official Episode #46 page,https://www.weaponizedpodcast.com/episodes-2/episode-46,https://weaponizedpodcast.com/episodes-2/episode-46,7086c815b47c1fdde2a4,WEAPONIZED,episode,web_page,True,legacy_unspecified,approved,,False,False,network_check_pending,2026-07-28T00:00:00Z,23.5C.1-1.0.0,dup-00288,duplicate,media-audit-f98d6076131eee66
inv-00855,weaponized-podcast,WEAPONIZED,2024-weaponized-episode-46,podcast_episode,46,"WEAPONIZED Episode #46 — Richard Dolan on Disclosure, History, and USO Cases",2024-01-08,mediaLinks,1,Listen to WEAPONIZED,https://link.chtbl.com/Weaponized,https://link.chtbl.com/Weaponized,e431bef40967149e37ee,Official audio feed,series,web_page,True,legacy_unspecified,approved,,False,False,network_check_pending,2026-07-28T00:00:00Z,23.5C.1-1.0.0,dup-00287,duplicate,media-audit-7b89be17defdd5f0
inv-00856,weaponized-podcast,WEAPONIZED,2024-weaponized-episode-46,podcast_episode,46,"WEAPONIZED Episode #46 — Richard Dolan on Disclosure, History, and USO Cases",2024-01-08,referenceSources,0,Official WEAPONIZED Episode #46 page,https://www.weaponizedpodcast.com/episodes-2/episode-46,https://weaponizedpodcast.com/episodes-2/episode-46,7086c815b47c1fdde2a4,WEAPONIZED website,episode,web_page,False,legacy_unspecified,approved,,False,False,network_check_pending,2026-07-28T00:00:00Z,23.5C.1-1.0.0,dup-00288,duplicate,media-audit-f98d6076131eee66
inv-00857,weaponized-podcast,WEAPONIZED,2024-weaponized-episode-46,podcast_episode,46,"WEAPONIZED Episode #46 — Richard Dolan on Disclosure, History, and USO Cases",2024-01-08,referenceSources,1,Listen to WEAPONIZED,https://link.chtbl.com/Weaponized,https://link.chtbl.com/Weaponized,e431bef40967149e37ee,link.chtbl.com,series,web_page,False,legacy_unspecified,approved,,False,False,network_check_pending,2026-07-28T00:00:00Z,23.5C.1-1.0.0,dup-00287,duplicate,media-audit-7b89be17defdd5f0
inv-00858,weaponized-podcast,WEAPONIZED,2024-weaponized-episode-47,podcast_episode,47,WEAPONIZED Episode #47 — The Jellyfish UAP Investigation,2024-01-15,officialMedia,0,Open Official Episode Page,https://www.weaponizedpodcast.com/episodes-2/episode-47,https://weaponizedpodcast.com/episodes-2/episode-47,e2784250fe8b7909ec2f,Official website,episode,web_page,True,verified,approved,1,False,False,network_check_pending,2026-07-28T00:00:00Z,23.5C.1-1.0.0,dup-00290,authoritative,media-audit-cc5fb0948b7127bb
inv-00859,weaponized-podcast,WEAPONIZED,2024-weaponized-episode-47,podcast_episode,47,WEAPONIZED Episode #47 — The Jellyfish UAP Investigation,2024-01-15,officialMedia,1,Browse Official Podcast Archive,https://link.chtbl.com/Weaponized,https://link.chtbl.com/Weaponized,e431bef40967149e37ee,RSS,series,audio,True,verified,approved,6,False,False,network_check_pending,2026-07-28T00:00:00Z,23.5C.1-1.0.0,dup-00289,authoritative,media-audit-eb3bfdd71ea78524
inv-00860,weaponized-podcast,WEAPONIZED,2024-weaponized-episode-47,podcast_episode,47,WEAPONIZED Episode #47 — The Jellyfish UAP Investigation,2024-01-15,mediaLinks,0,Open the official Episode #47 page,https://www.weaponizedpodcast.com/episodes-2/episode-47,https://weaponizedpodcast.com/episodes-2/episode-47,e2784250fe8b7909ec2f,WEAPONIZED,episode,web_page,True,legacy_unspecified,approved,,False,False,network_check_pending,2026-07-28T00:00:00Z,23.5C.1-1.0.0,dup-00290,duplicate,media-audit-cc5fb0948b7127bb
inv-00861,weaponized-podcast,WEAPONIZED,2024-weaponized-episode-47,podcast_episode,47,WEAPONIZED Episode #47 — The Jellyfish UAP Investigation,2024-01-15,mediaLinks,1,Listen to WEAPONIZED,https://link.chtbl.com/Weaponized,https://link.chtbl.com/Weaponized,e431bef40967149e37ee,Official audio feed,series,web_page,True,legacy_unspecified,approved,,False,False,network_check_pending,2026-07-28T00:00:00Z,23.5C.1-1.0.0,dup-00289,duplicate,media-audit-eb3bfdd71ea78524
inv-00862,weaponized-podcast,WEAPONIZED,2024-weaponized-episode-47,podcast_episode,47,WEAPONIZED Episode #47 — The Jellyfish UAP Investigation,2024-01-15,referenceSources,0,Official WEAPONIZED Episode #47 page,https://www.weaponizedpodcast.com/episodes-2/episode-47,https://weaponizedpodcast.com/episodes-2/episode-47,e2784250fe8b7909ec2f,WEAPONIZED website,episode,web_page,False,legacy_unspecified,approved,,False,False,network_check_pending,2026-07-28T00:00:00Z,23.5C.1-1.0.0,dup-00290,duplicate,media-audit-cc5fb0948b7127bb
inv-00863,weaponized-podcast,WEAPONIZED,2024-weaponized-episode-47,podcast_episode,47,WEAPONIZED Episode #47 — The Jellyfish UAP Investigation,2024-01-15,referenceSources,1,Listen to WEAPONIZED,https://link.chtbl.com/Weaponized,https://link.chtbl.com/Weaponized,e431bef40967149e37ee,link.chtbl.com,series,web_page,False,legacy_unspecified,approved,,False,False,network_check_pending,2026-07-28T00:00:00Z,23.5C.1-1.0.0,dup-00289,duplicate,media-audit-eb3bfdd71ea78524
inv-00864,weaponized-podcast,WEAPONIZED,2024-weaponized-episode-48,podcast_episode,48,"WEAPONIZED Episode #48 — Ernest Cline, UFO History, and Science-Fiction Culture",2024-01-22,officialMedia,0,Open Official Episode Page,https://www.weaponizedpodcast.com/episodes-2/episode-48,https://weaponizedpodcast.com/episodes-2/episode-48,7f36d9f57159e308febc,Official website,episode,web_page,True,verified,approved,1,False,False,network_check_pending,2026-07-28T00:00:00Z,23.5C.1-1.0.0,dup-00292,authoritative,media-audit-da5d5743e11e7465
inv-00865,weaponized-podcast,WEAPONIZED,2024-weaponized-episode-48,podcast_episode,48,"WEAPONIZED Episode #48 — Ernest Cline, UFO History, and Science-Fiction Culture",2024-01-22,officialMedia,1,Browse Official Podcast Archive,https://link.chtbl.com/Weaponized,https://link.chtbl.com/Weaponized,e431bef40967149e37ee,RSS,series,audio,True,verified,approved,6,False,False,network_check_pending,2026-07-28T00:00:00Z,23.5C.1-1.0.0,dup-00291,authoritative,media-audit-c13a173d4ffb1dd5
inv-00866,weaponized-podcast,WEAPONIZED,2024-weaponized-episode-48,podcast_episode,48,"WEAPONIZED Episode #48 — Ernest Cline, UFO History, and Science-Fiction Culture",2024-01-22,mediaLinks,0,Open the official Episode #48 page,https://www.weaponizedpodcast.com/episodes-2/episode-48,https://weaponizedpodcast.com/episodes-2/episode-48,7f36d9f57159e308febc,WEAPONIZED,episode,web_page,True,legacy_unspecified,approved,,False,False,network_check_pending,2026-07-28T00:00:00Z,23.5C.1-1.0.0,dup-00292,duplicate,media-audit-da5d5743e11e7465
inv-00867,weaponized-podcast,WEAPONIZED,2024-weaponized-episode-48,podcast_episode,48,"WEAPONIZED Episode #48 — Ernest Cline, UFO History, and Science-Fiction Culture",2024-01-22,mediaLinks,1,Listen to WEAPONIZED,https://link.chtbl.com/Weaponized,https://link.chtbl.com/Weaponized,e431bef40967149e37ee,Official audio feed,series,web_page,True,legacy_unspecified,approved,,False,False,network_check_pending,2026-07-28T00:00:00Z,23.5C.1-1.0.0,dup-00291,duplicate,media-audit-c13a173d4ffb1dd5
inv-00868,weaponized-podcast,WEAPONIZED,2024-weaponized-episode-48,podcast_episode,48,"WEAPONIZED Episode #48 — Ernest Cline, UFO History, and Science-Fiction Culture",2024-01-22,referenceSources,0,Official WEAPONIZED Episode #48 page,https://www.weaponizedpodcast.com/episodes-2/episode-48,https://weaponizedpodcast.com/episodes-2/episode-48,7f36d9f57159e308febc,WEAPONIZED website,episode,web_page,False,legacy_unspecified,approved,,False,False,network_check_pending,2026-07-28T00:00:00Z,23.5C.1-1.0.0,dup-00292,duplicate,media-audit-da5d5743e11e7465
inv-00869,weaponized-podcast,WEAPONIZED,2024-weaponized-episode-48,podcast_episode,48,"WEAPONIZED Episode #48 — Ernest Cline, UFO History, and Science-Fiction Culture",2024-01-22,referenceSources,1,Listen to WEAPONIZED,https://link.chtbl.com/Weaponized,https://link.chtbl.com/Weaponized,e431bef40967149e37ee,link.chtbl.com,series,web_page,False,legacy_unspecified,approved,,False,False,network_check_pending,2026-07-28T00:00:00Z,23.5C.1-1.0.0,dup-00291,duplicate,media-audit-c13a173d4ffb1dd5
inv-00870,weaponized-podcast,WEAPONIZED,2024-weaponized-episode-49,podcast_episode,49,"WEAPONIZED Episode #49 — Pushback, AARO, and the UFO Information War",2024-02-05,officialMedia,0,Open Official Episode Page,https://www.weaponizedpodcast.com/episodes-2/episode-49,https://weaponizedpodcast.com/episodes-2/episode-49,eabb93a140142dbdf18c,Official website,episode,web_page,True,verified,approved,1,False,False,network_check_pending,2026-07-28T00:00:00Z,23.5C.1-1.0.0,dup-00294,authoritative,media-audit-99d5dfead52c5ccd
inv-00871,weaponized-podcast,WEAPONIZED,2024-weaponized-episode-49,podcast_episode,49,"WEAPONIZED Episode #49 — Pushback, AARO, and the UFO Information War",2024-02-05,officialMedia,1,Browse Official Podcast Archive,https://link.chtbl.com/Weaponized,https://link.chtbl.com/Weaponized,e431bef40967149e37ee,RSS,series,audio,True,verified,approved,6,False,False,network_check_pending,2026-07-28T00:00:00Z,23.5C.1-1.0.0,dup-00293,authoritative,media-audit-e69f789cc67f7768
inv-00872,weaponized-podcast,WEAPONIZED,2024-weaponized-episode-49,podcast_episode,49,"WEAPONIZED Episode #49 — Pushback, AARO, and the UFO Information War",2024-02-05,mediaLinks,0,Open the official Episode #49 page,https://www.weaponizedpodcast.com/episodes-2/episode-49,https://weaponizedpodcast.com/episodes-2/episode-49,eabb93a140142dbdf18c,WEAPONIZED,episode,web_page,True,legacy_unspecified,approved,,False,False,network_check_pending,2026-07-28T00:00:00Z,23.5C.1-1.0.0,dup-00294,duplicate,media-audit-99d5dfead52c5ccd
inv-00873,weaponized-podcast,WEAPONIZED,2024-weaponized-episode-49,podcast_episode,49,"WEAPONIZED Episode #49 — Pushback, AARO, and the UFO Information War",2024-02-05,mediaLinks,1,Listen to WEAPONIZED,https://link.chtbl.com/Weaponized,https://link.chtbl.com/Weaponized,e431bef40967149e37ee,Official audio feed,series,web_page,True,legacy_unspecified,approved,,False,False,network_check_pending,2026-07-28T00:00:00Z,23.5C.1-1.0.0,dup-00293,duplicate,media-audit-e69f789cc67f7768
inv-00874,weaponized-podcast,WEAPONIZED,2024-weaponized-episode-49,podcast_episode,49,"WEAPONIZED Episode #49 — Pushback, AARO, and the UFO Information War",2024-02-05,referenceSources,0,Official WEAPONIZED Episode #49 page,https://www.weaponizedpodcast.com/episodes-2/episode-49,https://weaponizedpodcast.com/episodes-2/episode-49,eabb93a140142dbdf18c,WEAPONIZED website,episode,web_page,False,legacy_unspecified,approved,,False,False,network_check_pending,2026-07-28T00:00:00Z,23.5C.1-1.0.0,dup-00294,duplicate,media-audit-99d5dfead52c5ccd
inv-00875,weaponized-podcast,WEAPONIZED,2024-weaponized-episode-49,podcast_episode,49,"WEAPONIZED Episode #49 — Pushback, AARO, and the UFO Information War",2024-02-05,referenceSources,1,Listen to WEAPONIZED,https://link.chtbl.com/Weaponized,https://link.chtbl.com/Weaponized,e431bef40967149e37ee,link.chtbl.com,series,web_page,False,legacy_unspecified,approved,,False,False,network_check_pending,2026-07-28T00:00:00Z,23.5C.1-1.0.0,dup-00293,duplicate,media-audit-e69f789cc67f7768
inv-00876,weaponized-podcast,WEAPONIZED,2024-weaponized-episode-50,podcast_episode,50,WEAPONIZED Episode #50 — Washington Update on UAP Transparency and Congressional Oversight,2024-03-04,officialMedia,0,Open Official Episode Page,https://www.weaponizedpodcast.com/episodes-2/episode-50,https://weaponizedpodcast.com/episodes-2/episode-50,9591a82157d4706da947,Official website,episode,web_page,True,verified,approved,1,False,False,network_check_pending,2026-07-28T00:00:00Z,23.5C.1-1.0.0,dup-00296,authoritative,media-audit-460e61b9ed662d87
inv-00877,weaponized-podcast,WEAPONIZED,2024-weaponized-episode-50,podcast_episode,50,WEAPONIZED Episode #50 — Washington Update on UAP Transparency and Congressional Oversight,2024-03-04,officialMedia,1,Browse Official Podcast Archive,https://link.chtbl.com/Weaponized,https://link.chtbl.com/Weaponized,e431bef40967149e37ee,RSS,series,audio,True,verified,approved,6,False,False,network_check_pending,2026-07-28T00:00:00Z,23.5C.1-1.0.0,dup-00295,authoritative,media-audit-5c41abb6994cb7d7
inv-00878,weaponized-podcast,WEAPONIZED,2024-weaponized-episode-50,podcast_episode,50,WEAPONIZED Episode #50 — Washington Update on UAP Transparency and Congressional Oversight,2024-03-04,mediaLinks,0,Open the official Episode #50 page,https://www.weaponizedpodcast.com/episodes-2/episode-50,https://weaponizedpodcast.com/episodes-2/episode-50,9591a82157d4706da947,WEAPONIZED,episode,web_page,True,legacy_unspecified,approved,,False,False,network_check_pending,2026-07-28T00:00:00Z,23.5C.1-1.0.0,dup-00296,duplicate,media-audit-460e61b9ed662d87
inv-00879,weaponized-podcast,WEAPONIZED,2024-weaponized-episode-50,podcast_episode,50,WEAPONIZED Episode #50 — Washington Update on UAP Transparency and Congressional Oversight,2024-03-04,mediaLinks,1,Listen to WEAPONIZED,https://link.chtbl.com/Weaponized,https://link.chtbl.com/Weaponized,e431bef40967149e37ee,Official audio feed,series,web_page,True,legacy_unspecified,approved,,False,False,network_check_pending,2026-07-28T00:00:00Z,23.5C.1-1.0.0,dup-00295,duplicate,media-audit-5c41abb6994cb7d7
inv-00880,weaponized-podcast,WEAPONIZED,2024-weaponized-episode-50,podcast_episode,50,WEAPONIZED Episode #50 — Washington Update on UAP Transparency and Congressional Oversight,2024-03-04,referenceSources,0,Official WEAPONIZED Episode #50 page,https://www.weaponizedpodcast.com/episodes-2/episode-50,https://weaponizedpodcast.com/episodes-2/episode-50,9591a82157d4706da947,WEAPONIZED website,episode,web_page,False,legacy_unspecified,approved,,False,False,network_check_pending,2026-07-28T00:00:00Z,23.5C.1-1.0.0,dup-00296,duplicate,media-audit-460e61b9ed662d87
inv-00881,weaponized-podcast,WEAPONIZED,2024-weaponized-episode-50,podcast_episode,50,WEAPONIZED Episode #50 — Washington Update on UAP Transparency and Congressional Oversight,2024-03-04,referenceSources,1,Listen to WEAPONIZED,https://link.chtbl.com/Weaponized,https://link.chtbl.com/Weaponized,e431bef40967149e37ee,link.chtbl.com,series,web_page,False,legacy_unspecified,approved,,False,False,network_check_pending,2026-07-28T00:00:00Z,23.5C.1-1.0.0,dup-00295,duplicate,media-audit-5c41abb6994cb7d7
inv-00882,weaponized-podcast,WEAPONIZED,2024-weaponized-episode-51,podcast_episode,51,WEAPONIZED Episode #51 — Unreleased Episode Placeholder,2024-03-11,officialMedia,0,Open Official Episode Page,https://www.weaponizedpodcast.com/episodes-2/episode-51,https://weaponizedpodcast.com/episodes-2/episode-51,9b78e7c0c6ad4af691ee,Official website,episode,web_page,True,verified,approved,1,False,False,network_check_pending,2026-07-28T00:00:00Z,23.5C.1-1.0.0,dup-00298,authoritative,media-audit-7a761e3ed98a3e89
inv-00883,weaponized-podcast,WEAPONIZED,2024-weaponized-episode-51,podcast_episode,51,WEAPONIZED Episode #51 — Unreleased Episode Placeholder,2024-03-11,officialMedia,1,Browse Official Podcast Archive,https://link.chtbl.com/Weaponized,https://link.chtbl.com/Weaponized,e431bef40967149e37ee,RSS,series,audio,True,verified,approved,6,False,False,network_check_pending,2026-07-28T00:00:00Z,23.5C.1-1.0.0,dup-00297,authoritative,media-audit-1999765611b99a5f
inv-00884,weaponized-podcast,WEAPONIZED,2024-weaponized-episode-51,podcast_episode,51,WEAPONIZED Episode #51 — Unreleased Episode Placeholder,2024-03-11,mediaLinks,0,Open the official Episode #51 page,https://www.weaponizedpodcast.com/episodes-2/episode-51,https://weaponizedpodcast.com/episodes-2/episode-51,9b78e7c0c6ad4af691ee,WEAPONIZED,episode,web_page,True,legacy_unspecified,approved,,False,False,network_check_pending,2026-07-28T00:00:00Z,23.5C.1-1.0.0,dup-00298,duplicate,media-audit-7a761e3ed98a3e89
inv-00885,weaponized-podcast,WEAPONIZED,2024-weaponized-episode-51,podcast_episode,51,WEAPONIZED Episode #51 — Unreleased Episode Placeholder,2024-03-11,mediaLinks,1,Listen to WEAPONIZED,https://link.chtbl.com/Weaponized,https://link.chtbl.com/Weaponized,e431bef40967149e37ee,Official audio feed,series,web_page,True,legacy_unspecified,approved,,False,False,network_check_pending,2026-07-28T00:00:00Z,23.5C.1-1.0.0,dup-00297,duplicate,media-audit-1999765611b99a5f
inv-00886,weaponized-podcast,WEAPONIZED,2024-weaponized-episode-51,podcast_episode,51,WEAPONIZED Episode #51 — Unreleased Episode Placeholder,2024-03-11,referenceSources,0,Official WEAPONIZED Episode #51 page,https://www.weaponizedpodcast.com/episodes-2/episode-51,https://weaponizedpodcast.com/episodes-2/episode-51,9b78e7c0c6ad4af691ee,WEAPONIZED website,episode,web_page,False,legacy_unspecified,approved,,False,False,network_check_pending,2026-07-28T00:00:00Z,23.5C.1-1.0.0,dup-00298,duplicate,media-audit-7a761e3ed98a3e89
inv-00887,weaponized-podcast,WEAPONIZED,2024-weaponized-episode-51,podcast_episode,51,WEAPONIZED Episode #51 — Unreleased Episode Placeholder,2024-03-11,referenceSources,1,Listen to WEAPONIZED,https://link.chtbl.com/Weaponized,https://link.chtbl.com/Weaponized,e431bef40967149e37ee,link.chtbl.com,series,web_page,False,legacy_unspecified,approved,,False,False,network_check_pending,2026-07-28T00:00:00Z,23.5C.1-1.0.0,dup-00297,duplicate,media-audit-1999765611b99a5f
inv-00888,weaponized-podcast,WEAPONIZED,2024-weaponized-episode-52,podcast_episode,52,WEAPONIZED Episode #52 — Season Finale and AARO Historical Report Review,2024-03-13,officialMedia,0,Open Official Episode Page,https://www.weaponizedpodcast.com/episodes-2/episode-52,https://weaponizedpodcast.com/episodes-2/episode-52,e4de5fe0105bee822eca,Official website,episode,web_page,True,verified,approved,1,False,False,network_check_pending,2026-07-28T00:00:00Z,23.5C.1-1.0.0,dup-00300,authoritative,media-audit-a152ed9c9b892cd1
inv-00889,weaponized-podcast,WEAPONIZED,2024-weaponized-episode-52,podcast_episode,52,WEAPONIZED Episode #52 — Season Finale and AARO Historical Report Review,2024-03-13,officialMedia,1,Browse Official Podcast Archive,https://link.chtbl.com/Weaponized,https://link.chtbl.com/Weaponized,e431bef40967149e37ee,RSS,series,audio,True,verified,approved,6,False,False,network_check_pending,2026-07-28T00:00:00Z,23.5C.1-1.0.0,dup-00299,authoritative,media-audit-fdc732f540d010a7
inv-00890,weaponized-podcast,WEAPONIZED,2024-weaponized-episode-52,podcast_episode,52,WEAPONIZED Episode #52 — Season Finale and AARO Historical Report Review,2024-03-13,mediaLinks,0,Open the official Episode #52 page,https://www.weaponizedpodcast.com/episodes-2/episode-52,https://weaponizedpodcast.com/episodes-2/episode-52,e4de5fe0105bee822eca,WEAPONIZED,episode,web_page,True,legacy_unspecified,approved,,False,False,network_check_pending,2026-07-28T00:00:00Z,23.5C.1-1.0.0,dup-00300,duplicate,media-audit-a152ed9c9b892cd1
inv-00891,weaponized-podcast,WEAPONIZED,2024-weaponized-episode-52,podcast_episode,52,WEAPONIZED Episode #52 — Season Finale and AARO Historical Report Review,2024-03-13,mediaLinks,1,Listen to WEAPONIZED,https://link.chtbl.com/Weaponized,https://link.chtbl.com/Weaponized,e431bef40967149e37ee,Official audio feed,series,web_page,True,legacy_unspecified,approved,,False,False,network_check_pending,2026-07-28T00:00:00Z,23.5C.1-1.0.0,dup-00299,duplicate,media-audit-fdc732f540d010a7
inv-00892,weaponized-podcast,WEAPONIZED,2024-weaponized-episode-52,podcast_episode,52,WEAPONIZED Episode #52 — Season Finale and AARO Historical Report Review,2024-03-13,referenceSources,0,Official WEAPONIZED Episode #52 page,https://www.weaponizedpodcast.com/episodes-2/episode-52,https://weaponizedpodcast.com/episodes-2/episode-52,e4de5fe0105bee822eca,WEAPONIZED website,episode,web_page,False,legacy_unspecified,approved,,False,False,network_check_pending,2026-07-28T00:00:00Z,23.5C.1-1.0.0,dup-00300,duplicate,media-audit-a152ed9c9b892cd1
inv-00893,weaponized-podcast,WEAPONIZED,2024-weaponized-episode-52,podcast_episode,52,WEAPONIZED Episode #52 — Season Finale and AARO Historical Report Review,2024-03-13,referenceSources,1,Listen to WEAPONIZED,https://link.chtbl.com/Weaponized,https://link.chtbl.com/Weaponized,e431bef40967149e37ee,link.chtbl.com,series,web_page,False,legacy_unspecified,approved,,False,False,network_check_pending,2026-07-28T00:00:00Z,23.5C.1-1.0.0,dup-00299,duplicate,media-audit-fdc732f540d010a7
inv-00894,weaponized-podcast,WEAPONIZED,2024-weaponized-episode-53,podcast_episode,53,"WEAPONIZED Episode #53 — Kona Blue, AARO, and Continuing UAP Incursions",2024-04-29,officialMedia,0,Open Official Episode Page,https://www.weaponizedpodcast.com/episodes-2/episode-53,https://weaponizedpodcast.com/episodes-2/episode-53,fe82f4957f98eb52d26b,Official website,episode,web_page,True,verified,approved,1,False,False,network_check_pending,2026-07-28T00:00:00Z,23.5C.1-1.0.0,dup-00302,authoritative,media-audit-c492fac71c539ddb
inv-00895,weaponized-podcast,WEAPONIZED,2024-weaponized-episode-53,podcast_episode,53,"WEAPONIZED Episode #53 — Kona Blue, AARO, and Continuing UAP Incursions",2024-04-29,officialMedia,1,Browse Official Podcast Archive,https://link.chtbl.com/Weaponized,https://link.chtbl.com/Weaponized,e431bef40967149e37ee,RSS,series,audio,True,verified,approved,6,False,False,network_check_pending,2026-07-28T00:00:00Z,23.5C.1-1.0.0,dup-00301,authoritative,media-audit-b4de3baf20fa8c57
inv-00896,weaponized-podcast,WEAPONIZED,2024-weaponized-episode-53,podcast_episode,53,"WEAPONIZED Episode #53 — Kona Blue, AARO, and Continuing UAP Incursions",2024-04-29,mediaLinks,0,Open the official Episode #53 page,https://www.weaponizedpodcast.com/episodes-2/episode-53,https://weaponizedpodcast.com/episodes-2/episode-53,fe82f4957f98eb52d26b,WEAPONIZED,episode,web_page,True,legacy_unspecified,approved,,False,False,network_check_pending,2026-07-28T00:00:00Z,23.5C.1-1.0.0,dup-00302,duplicate,media-audit-c492fac71c539ddb
inv-00897,weaponized-podcast,WEAPONIZED,2024-weaponized-episode-53,podcast_episode,53,"WEAPONIZED Episode #53 — Kona Blue, AARO, and Continuing UAP Incursions",2024-04-29,mediaLinks,1,Listen to WEAPONIZED,https://link.chtbl.com/Weaponized,https://link.chtbl.com/Weaponized,e431bef40967149e37ee,Official audio feed,series,web_page,True,legacy_unspecified,approved,,False,False,network_check_pending,2026-07-28T00:00:00Z,23.5C.1-1.0.0,dup-00301,duplicate,media-audit-b4de3baf20fa8c57
inv-00898,weaponized-podcast,WEAPONIZED,2024-weaponized-episode-53,podcast_episode,53,"WEAPONIZED Episode #53 — Kona Blue, AARO, and Continuing UAP Incursions",2024-04-29,referenceSources,0,Official WEAPONIZED Episode #53 page,https://www.weaponizedpodcast.com/episodes-2/episode-53,https://weaponizedpodcast.com/episodes-2/episode-53,fe82f4957f98eb52d26b,WEAPONIZED website,episode,web_page,False,legacy_unspecified,approved,,False,False,network_check_pending,2026-07-28T00:00:00Z,23.5C.1-1.0.0,dup-00302,duplicate,media-audit-c492fac71c539ddb
inv-00899,weaponized-podcast,WEAPONIZED,2024-weaponized-episode-53,podcast_episode,53,"WEAPONIZED Episode #53 — Kona Blue, AARO, and Continuing UAP Incursions",2024-04-29,referenceSources,1,Listen to WEAPONIZED,https://link.chtbl.com/Weaponized,https://link.chtbl.com/Weaponized,e431bef40967149e37ee,link.chtbl.com,series,web_page,False,legacy_unspecified,approved,,False,False,network_check_pending,2026-07-28T00:00:00Z,23.5C.1-1.0.0,dup-00301,duplicate,media-audit-b4de3baf20fa8c57
inv-00900,weaponized-podcast,WEAPONIZED,2024-weaponized-episode-54,podcast_episode,54,"WEAPONIZED Episode #54 — Pantex, Nuclear-Site UAP Incursions, and FOIA Records",2024-06-18,officialMedia,0,Open Official Episode Page,https://www.weaponizedpodcast.com/episodes-2/episode-54,https://weaponizedpodcast.com/episodes-2/episode-54,ec443891d479bd9e54df,Official website,episode,web_page,True,verified,approved,1,False,False,network_check_pending,2026-07-28T00:00:00Z,23.5C.1-1.0.0,dup-00304,authoritative,media-audit-d160fe83ead84e0e
inv-00901,weaponized-podcast,WEAPONIZED,2024-weaponized-episode-54,podcast_episode,54,"WEAPONIZED Episode #54 — Pantex, Nuclear-Site UAP Incursions, and FOIA Records",2024-06-18,officialMedia,1,Browse Official Podcast Archive,https://link.chtbl.com/Weaponized,https://link.chtbl.com/Weaponized,e431bef40967149e37ee,RSS,series,audio,True,verified,approved,6,False,False,network_check_pending,2026-07-28T00:00:00Z,23.5C.1-1.0.0,dup-00303,authoritative,media-audit-0e30190a21a1a1f4
inv-00902,weaponized-podcast,WEAPONIZED,2024-weaponized-episode-54,podcast_episode,54,"WEAPONIZED Episode #54 — Pantex, Nuclear-Site UAP Incursions, and FOIA Records",2024-06-18,mediaLinks,0,Open the official Episode #54 page,https://www.weaponizedpodcast.com/episodes-2/episode-54,https://weaponizedpodcast.com/episodes-2/episode-54,ec443891d479bd9e54df,WEAPONIZED,episode,web_page,True,legacy_unspecified,approved,,False,False,network_check_pending,2026-07-28T00:00:00Z,23.5C.1-1.0.0,dup-00304,duplicate,media-audit-d160fe83ead84e0e
inv-00903,weaponized-podcast,WEAPONIZED,2024-weaponized-episode-54,podcast_episode,54,"WEAPONIZED Episode #54 — Pantex, Nuclear-Site UAP Incursions, and FOIA Records",2024-06-18,mediaLinks,1,Listen to WEAPONIZED,https://link.chtbl.com/Weaponized,https://link.chtbl.com/Weaponized,e431bef40967149e37ee,Official audio feed,series,web_page,True,legacy_unspecified,approved,,False,False,network_check_pending,2026-07-28T00:00:00Z,23.5C.1-1.0.0,dup-00303,duplicate,media-audit-0e30190a21a1a1f4
inv-00904,weaponized-podcast,WEAPONIZED,2024-weaponized-episode-54,podcast_episode,54,"WEAPONIZED Episode #54 — Pantex, Nuclear-Site UAP Incursions, and FOIA Records",2024-06-18,referenceSources,0,Official WEAPONIZED Episode #54 page,https://www.weaponizedpodcast.com/episodes-2/episode-54,https://weaponizedpodcast.com/episodes-2/episode-54,ec443891d479bd9e54df,WEAPONIZED website,episode,web_page,False,legacy_unspecified,approved,,False,False,network_check_pending,2026-07-28T00:00:00Z,23.5C.1-1.0.0,dup-00304,duplicate,media-audit-d160fe83ead84e0e
inv-00905,weaponized-podcast,WEAPONIZED,2024-weaponized-episode-54,podcast_episode,54,"WEAPONIZED Episode #54 — Pantex, Nuclear-Site UAP Incursions, and FOIA Records",2024-06-18,referenceSources,1,Listen to WEAPONIZED,https://link.chtbl.com/Weaponized,https://link.chtbl.com/Weaponized,e431bef40967149e37ee,link.chtbl.com,series,web_page,False,legacy_unspecified,approved,,False,False,network_check_pending,2026-07-28T00:00:00Z,23.5C.1-1.0.0,dup-00303,duplicate,media-audit-0e30190a21a1a1f4
inv-00906,weaponized-podcast,WEAPONIZED,2024-weaponized-episode-55,podcast_episode,55,"WEAPONIZED Episode #55 — AARO, Congressional Oversight, and the Kirkpatrick Interview",2024-07-23,officialMedia,0,Open Official Episode Page,https://www.weaponizedpodcast.com/episodes-2/episode-55,https://weaponizedpodcast.com/episodes-2/episode-55,bb3dc932509c5e72e09f,Official website,episode,web_page,True,verified,approved,1,False,False,network_check_pending,2026-07-28T00:00:00Z,23.5C.1-1.0.0,dup-00306,authoritative,media-audit-df23cdfd4b4016c0
inv-00907,weaponized-podcast,WEAPONIZED,2024-weaponized-episode-55,podcast_episode,55,"WEAPONIZED Episode #55 — AARO, Congressional Oversight, and the Kirkpatrick Interview",2024-07-23,officialMedia,1,Browse Official Podcast Archive,https://link.chtbl.com/Weaponized,https://link.chtbl.com/Weaponized,e431bef40967149e37ee,RSS,series,audio,True,verified,approved,6,False,False,network_check_pending,2026-07-28T00:00:00Z,23.5C.1-1.0.0,dup-00305,authoritative,media-audit-298492a8b310789c
inv-00908,weaponized-podcast,WEAPONIZED,2024-weaponized-episode-55,podcast_episode,55,"WEAPONIZED Episode #55 — AARO, Congressional Oversight, and the Kirkpatrick Interview",2024-07-23,mediaLinks,0,Open the official Episode #55 page,https://www.weaponizedpodcast.com/episodes-2/episode-55,https://weaponizedpodcast.com/episodes-2/episode-55,bb3dc932509c5e72e09f,WEAPONIZED,episode,web_page,True,legacy_unspecified,approved,,False,False,network_check_pending,2026-07-28T00:00:00Z,23.5C.1-1.0.0,dup-00306,duplicate,media-audit-df23cdfd4b4016c0
inv-00909,weaponized-podcast,WEAPONIZED,2024-weaponized-episode-55,podcast_episode,55,"WEAPONIZED Episode #55 — AARO, Congressional Oversight, and the Kirkpatrick Interview",2024-07-23,mediaLinks,1,Listen to WEAPONIZED,https://link.chtbl.com/Weaponized,https://link.chtbl.com/Weaponized,e431bef40967149e37ee,Official audio feed,series,web_page,True,legacy_unspecified,approved,,False,False,network_check_pending,2026-07-28T00:00:00Z,23.5C.1-1.0.0,dup-00305,duplicate,media-audit-298492a8b310789c
inv-00910,weaponized-podcast,WEAPONIZED,2024-weaponized-episode-55,podcast_episode,55,"WEAPONIZED Episode #55 — AARO, Congressional Oversight, and the Kirkpatrick Interview",2024-07-23,referenceSources,0,Official WEAPONIZED Episode #55 page,https://www.weaponizedpodcast.com/episodes-2/episode-55,https://weaponizedpodcast.com/episodes-2/episode-55,bb3dc932509c5e72e09f,WEAPONIZED website,episode,web_page,False,legacy_unspecified,approved,,False,False,network_check_pending,2026-07-28T00:00:00Z,23.5C.1-1.0.0,dup-00306,duplicate,media-audit-df23cdfd4b4016c0
inv-00911,weaponized-podcast,WEAPONIZED,2024-weaponized-episode-55,podcast_episode,55,"WEAPONIZED Episode #55 — AARO, Congressional Oversight, and the Kirkpatrick Interview",2024-07-23,referenceSources,1,Listen to WEAPONIZED,https://link.chtbl.com/Weaponized,https://link.chtbl.com/Weaponized,e431bef40967149e37ee,link.chtbl.com,series,web_page,False,legacy_unspecified,approved,,False,False,network_check_pending,2026-07-28T00:00:00Z,23.5C.1-1.0.0,dup-00305,duplicate,media-audit-298492a8b310789c
inv-00912,weaponized-podcast,WEAPONIZED,2024-weaponized-episode-56,podcast_episode,56,"WEAPONIZED Episode #56 — Las Vegas Update, Dave Navarro, and Crop Circle History",2024-08-13,officialMedia,0,Open Official Episode Page,https://www.weaponizedpodcast.com/episodes-2/episode-56,https://weaponizedpodcast.com/episodes-2/episode-56,a8e33135afeb7ec591c7,Official website,episode,web_page,True,verified,approved,1,False,False,network_check_pending,2026-07-28T00:00:00Z,23.5C.1-1.0.0,dup-00308,authoritative,media-audit-b2928b58bb7d6543
inv-00913,weaponized-podcast,WEAPONIZED,2024-weaponized-episode-56,podcast_episode,56,"WEAPONIZED Episode #56 — Las Vegas Update, Dave Navarro, and Crop Circle History",2024-08-13,officialMedia,1,Browse Official Podcast Archive,https://link.chtbl.com/Weaponized,https://link.chtbl.com/Weaponized,e431bef40967149e37ee,RSS,series,audio,True,verified,approved,6,False,False,network_check_pending,2026-07-28T00:00:00Z,23.5C.1-1.0.0,dup-00307,authoritative,media-audit-d41b36fd277486b6
inv-00914,weaponized-podcast,WEAPONIZED,2024-weaponized-episode-56,podcast_episode,56,"WEAPONIZED Episode #56 — Las Vegas Update, Dave Navarro, and Crop Circle History",2024-08-13,mediaLinks,0,Open the official Episode #56 page,https://www.weaponizedpodcast.com/episodes-2/episode-56,https://weaponizedpodcast.com/episodes-2/episode-56,a8e33135afeb7ec591c7,WEAPONIZED,episode,web_page,True,legacy_unspecified,approved,,False,False,network_check_pending,2026-07-28T00:00:00Z,23.5C.1-1.0.0,dup-00308,duplicate,media-audit-b2928b58bb7d6543
inv-00915,weaponized-podcast,WEAPONIZED,2024-weaponized-episode-56,podcast_episode,56,"WEAPONIZED Episode #56 — Las Vegas Update, Dave Navarro, and Crop Circle History",2024-08-13,mediaLinks,1,Listen to WEAPONIZED,https://link.chtbl.com/Weaponized,https://link.chtbl.com/Weaponized,e431bef40967149e37ee,Official audio feed,series,web_page,True,legacy_unspecified,approved,,False,False,network_check_pending,2026-07-28T00:00:00Z,23.5C.1-1.0.0,dup-00307,duplicate,media-audit-d41b36fd277486b6
inv-00916,weaponized-podcast,WEAPONIZED,2024-weaponized-episode-56,podcast_episode,56,"WEAPONIZED Episode #56 — Las Vegas Update, Dave Navarro, and Crop Circle History",2024-08-13,referenceSources,0,Official WEAPONIZED Episode #56 page,https://www.weaponizedpodcast.com/episodes-2/episode-56,https://weaponizedpodcast.com/episodes-2/episode-56,a8e33135afeb7ec591c7,WEAPONIZED website,episode,web_page,False,legacy_unspecified,approved,,False,False,network_check_pending,2026-07-28T00:00:00Z,23.5C.1-1.0.0,dup-00308,duplicate,media-audit-b2928b58bb7d6543
inv-00917,weaponized-podcast,WEAPONIZED,2024-weaponized-episode-56,podcast_episode,56,"WEAPONIZED Episode #56 — Las Vegas Update, Dave Navarro, and Crop Circle History",2024-08-13,referenceSources,1,Listen to WEAPONIZED,https://link.chtbl.com/Weaponized,https://link.chtbl.com/Weaponized,e431bef40967149e37ee,link.chtbl.com,series,web_page,False,legacy_unspecified,approved,,False,False,network_check_pending,2026-07-28T00:00:00Z,23.5C.1-1.0.0,dup-00307,duplicate,media-audit-d41b36fd277486b6
inv-00918,weaponized-podcast,WEAPONIZED,2024-weaponized-episode-57,podcast_episode,57,WEAPONIZED Episode #57 — The Colares UFO Attacks and Brazilian Military Files,2024-09-04,officialMedia,0,Open Official Episode Page,https://www.weaponizedpodcast.com/episodes-2/episode-57,https://weaponizedpodcast.com/episodes-2/episode-57,05054f5119e7b2b1e264,Official website,episode,web_page,True,verified,approved,1,False,False,network_check_pending,2026-07-28T00:00:00Z,23.5C.1-1.0.0,dup-00310,authoritative,media-audit-f8c2d1d5752e3000
inv-00919,weaponized-podcast,WEAPONIZED,2024-weaponized-episode-57,podcast_episode,57,WEAPONIZED Episode #57 — The Colares UFO Attacks and Brazilian Military Files,2024-09-04,officialMedia,1,Browse Official Podcast Archive,https://link.chtbl.com/Weaponized,https://link.chtbl.com/Weaponized,e431bef40967149e37ee,RSS,series,audio,True,verified,approved,6,False,False,network_check_pending,2026-07-28T00:00:00Z,23.5C.1-1.0.0,dup-00309,authoritative,media-audit-343370f99646229b
inv-00920,weaponized-podcast,WEAPONIZED,2024-weaponized-episode-57,podcast_episode,57,WEAPONIZED Episode #57 — The Colares UFO Attacks and Brazilian Military Files,2024-09-04,mediaLinks,0,Open the official Episode #57 page,https://www.weaponizedpodcast.com/episodes-2/episode-57,https://weaponizedpodcast.com/episodes-2/episode-57,05054f5119e7b2b1e264,WEAPONIZED,episode,web_page,True,legacy_unspecified,approved,,False,False,network_check_pending,2026-07-28T00:00:00Z,23.5C.1-1.0.0,dup-00310,duplicate,media-audit-f8c2d1d5752e3000
inv-00921,weaponized-podcast,WEAPONIZED,2024-weaponized-episode-57,podcast_episode,57,WEAPONIZED Episode #57 — The Colares UFO Attacks and Brazilian Military Files,2024-09-04,mediaLinks,1,Listen to WEAPONIZED,https://link.chtbl.com/Weaponized,https://link.chtbl.com/Weaponized,e431bef40967149e37ee,Official audio feed,series,web_page,True,legacy_unspecified,approved,,False,False,network_check_pending,2026-07-28T00:00:00Z,23.5C.1-1.0.0,dup-00309,duplicate,media-audit-343370f99646229b
inv-00922,weaponized-podcast,WEAPONIZED,2024-weaponized-episode-57,podcast_episode,57,WEAPONIZED Episode #57 — The Colares UFO Attacks and Brazilian Military Files,2024-09-04,referenceSources,0,Official WEAPONIZED Episode #57 page,https://www.weaponizedpodcast.com/episodes-2/episode-57,https://weaponizedpodcast.com/episodes-2/episode-57,05054f5119e7b2b1e264,WEAPONIZED website,episode,web_page,False,legacy_unspecified,approved,,False,False,network_check_pending,2026-07-28T00:00:00Z,23.5C.1-1.0.0,dup-00310,duplicate,media-audit-f8c2d1d5752e3000
inv-00923,weaponized-podcast,WEAPONIZED,2024-weaponized-episode-57,podcast_episode,57,WEAPONIZED Episode #57 — The Colares UFO Attacks and Brazilian Military Files,2024-09-04,referenceSources,1,Listen to WEAPONIZED,https://link.chtbl.com/Weaponized,https://link.chtbl.com/Weaponized,e431bef40967149e37ee,link.chtbl.com,series,web_page,False,legacy_unspecified,approved,,False,False,network_check_pending,2026-07-28T00:00:00Z,23.5C.1-1.0.0,dup-00309,duplicate,media-audit-343370f99646229b
inv-00924,weaponized-podcast,WEAPONIZED,2024-weaponized-episode-58,podcast_episode,58,WEAPONIZED Episode #58 — UFO Transparency in the Corridors of Power,2024-09-24,officialMedia,0,Open Official Episode Page,https://www.weaponizedpodcast.com/episodes-2/episode-58,https://weaponizedpodcast.com/episodes-2/episode-58,9c46b74d99403ceef3d3,Official website,episode,web_page,True,verified,approved,1,False,False,network_check_pending,2026-07-28T00:00:00Z,23.5C.1-1.0.0,dup-00312,authoritative,media-audit-7faf3e4d440860d1
inv-00925,weaponized-podcast,WEAPONIZED,2024-weaponized-episode-58,podcast_episode,58,WEAPONIZED Episode #58 — UFO Transparency in the Corridors of Power,2024-09-24,officialMedia,1,Browse Official Podcast Archive,https://link.chtbl.com/Weaponized,https://link.chtbl.com/Weaponized,e431bef40967149e37ee,RSS,series,audio,True,verified,approved,6,False,False,network_check_pending,2026-07-28T00:00:00Z,23.5C.1-1.0.0,dup-00311,authoritative,media-audit-bddb657675606e5f
inv-00926,weaponized-podcast,WEAPONIZED,2024-weaponized-episode-58,podcast_episode,58,WEAPONIZED Episode #58 — UFO Transparency in the Corridors of Power,2024-09-24,mediaLinks,0,Open the official Episode #58 page,https://www.weaponizedpodcast.com/episodes-2/episode-58,https://weaponizedpodcast.com/episodes-2/episode-58,9c46b74d99403ceef3d3,WEAPONIZED,episode,web_page,True,legacy_unspecified,approved,,False,False,network_check_pending,2026-07-28T00:00:00Z,23.5C.1-1.0.0,dup-00312,duplicate,media-audit-7faf3e4d440860d1
inv-00927,weaponized-podcast,WEAPONIZED,2024-weaponized-episode-58,podcast_episode,58,WEAPONIZED Episode #58 — UFO Transparency in the Corridors of Power,2024-09-24,mediaLinks,1,Listen to WEAPONIZED,https://link.chtbl.com/Weaponized,https://link.chtbl.com/Weaponized,e431bef40967149e37ee,Official audio feed,series,web_page,True,legacy_unspecified,approved,,False,False,network_check_pending,2026-07-28T00:00:00Z,23.5C.1-1.0.0,dup-00311,duplicate,media-audit-bddb657675606e5f
inv-00928,weaponized-podcast,WEAPONIZED,2024-weaponized-episode-58,podcast_episode,58,WEAPONIZED Episode #58 — UFO Transparency in the Corridors of Power,2024-09-24,referenceSources,0,Official WEAPONIZED Episode #58 page,https://www.weaponizedpodcast.com/episodes-2/episode-58,https://weaponizedpodcast.com/episodes-2/episode-58,9c46b74d99403ceef3d3,WEAPONIZED website,episode,web_page,False,legacy_unspecified,approved,,False,False,network_check_pending,2026-07-28T00:00:00Z,23.5C.1-1.0.0,dup-00312,duplicate,media-audit-7faf3e4d440860d1
inv-00929,weaponized-podcast,WEAPONIZED,2024-weaponized-episode-58,podcast_episode,58,WEAPONIZED Episode #58 — UFO Transparency in the Corridors of Power,2024-09-24,referenceSources,1,Listen to WEAPONIZED,https://link.chtbl.com/Weaponized,https://link.chtbl.com/Weaponized,e431bef40967149e37ee,link.chtbl.com,series,web_page,False,legacy_unspecified,approved,,False,False,network_check_pending,2026-07-28T00:00:00Z,23.5C.1-1.0.0,dup-00311,duplicate,media-audit-bddb657675606e5f
inv-00930,weaponized-podcast,WEAPONIZED,2024-weaponized-episode-59,podcast_episode,59,WEAPONIZED Episode #59 — Journalists vs. Secrecy,2024-10-01,officialMedia,0,Open Official Episode Page,https://www.weaponizedpodcast.com/episodes-2/episode-59,https://weaponizedpodcast.com/episodes-2/episode-59,96718c0332ad1833ea4a,Official website,episode,web_page,True,verified,approved,1,False,False,network_check_pending,2026-07-28T00:00:00Z,23.5C.1-1.0.0,dup-00314,authoritative,media-audit-66c626c2470dc03e
inv-00931,weaponized-podcast,WEAPONIZED,2024-weaponized-episode-59,podcast_episode,59,WEAPONIZED Episode #59 — Journalists vs. Secrecy,2024-10-01,officialMedia,1,Browse Official Podcast Archive,https://link.chtbl.com/Weaponized,https://link.chtbl.com/Weaponized,e431bef40967149e37ee,RSS,series,audio,True,verified,approved,6,False,False,network_check_pending,2026-07-28T00:00:00Z,23.5C.1-1.0.0,dup-00313,authoritative,media-audit-cdca9298548e17dc
inv-00932,weaponized-podcast,WEAPONIZED,2024-weaponized-episode-59,podcast_episode,59,WEAPONIZED Episode #59 — Journalists vs. Secrecy,2024-10-01,mediaLinks,0,Open the official Episode #59 page,https://www.weaponizedpodcast.com/episodes-2/episode-59,https://weaponizedpodcast.com/episodes-2/episode-59,96718c0332ad1833ea4a,WEAPONIZED,episode,web_page,True,legacy_unspecified,approved,,False,False,network_check_pending,2026-07-28T00:00:00Z,23.5C.1-1.0.0,dup-00314,duplicate,media-audit-66c626c2470dc03e
inv-00933,weaponized-podcast,WEAPONIZED,2024-weaponized-episode-59,podcast_episode,59,WEAPONIZED Episode #59 — Journalists vs. Secrecy,2024-10-01,mediaLinks,1,Listen to WEAPONIZED,https://link.chtbl.com/Weaponized,https://link.chtbl.com/Weaponized,e431bef40967149e37ee,Official audio feed,series,web_page,True,legacy_unspecified,approved,,False,False,network_check_pending,2026-07-28T00:00:00Z,23.5C.1-1.0.0,dup-00313,duplicate,media-audit-cdca9298548e17dc
inv-00934,weaponized-podcast,WEAPONIZED,2024-weaponized-episode-59,podcast_episode,59,WEAPONIZED Episode #59 — Journalists vs. Secrecy,2024-10-01,referenceSources,0,Official WEAPONIZED Episode #59 page,https://www.weaponizedpodcast.com/episodes-2/episode-59,https://weaponizedpodcast.com/episodes-2/episode-59,96718c0332ad1833ea4a,WEAPONIZED website,episode,web_page,False,legacy_unspecified,approved,,False,False,network_check_pending,2026-07-28T00:00:00Z,23.5C.1-1.0.0,dup-00314,duplicate,media-audit-66c626c2470dc03e
inv-00935,weaponized-podcast,WEAPONIZED,2024-weaponized-episode-59,podcast_episode,59,WEAPONIZED Episode #59 — Journalists vs. Secrecy,2024-10-01,referenceSources,1,Listen to WEAPONIZED,https://link.chtbl.com/Weaponized,https://link.chtbl.com/Weaponized,e431bef40967149e37ee,link.chtbl.com,series,web_page,False,legacy_unspecified,approved,,False,False,network_check_pending,2026-07-28T00:00:00Z,23.5C.1-1.0.0,dup-00313,duplicate,media-audit-cdca9298548e17dc
inv-00936,weaponized-podcast,WEAPONIZED,2024-weaponized-episode-60,podcast_episode,60,WEAPONIZED Episode #60 — WEAPONIZED Series Overview,2024-10-15,officialMedia,0,Open Official Episode Page,https://www.weaponizedpodcast.com/episodes-2/episode-60,https://weaponizedpodcast.com/episodes-2/episode-60,f28b0facf9f482442554,Official website,episode,web_page,True,verified,approved,1,False,False,network_check_pending,2026-07-28T00:00:00Z,23.5C.1-1.0.0,dup-00316,authoritative,media-audit-3d72ffa35f3b3a81
inv-00937,weaponized-podcast,WEAPONIZED,2024-weaponized-episode-60,podcast_episode,60,WEAPONIZED Episode #60 — WEAPONIZED Series Overview,2024-10-15,officialMedia,1,Browse Official Podcast Archive,https://link.chtbl.com/Weaponized,https://link.chtbl.com/Weaponized,e431bef40967149e37ee,RSS,series,audio,True,verified,approved,6,False,False,network_check_pending,2026-07-28T00:00:00Z,23.5C.1-1.0.0,dup-00315,authoritative,media-audit-c1dd8b5b14322189
inv-00938,weaponized-podcast,WEAPONIZED,2024-weaponized-episode-60,podcast_episode,60,WEAPONIZED Episode #60 — WEAPONIZED Series Overview,2024-10-15,mediaLinks,0,Open the official Episode #60 page,https://www.weaponizedpodcast.com/episodes-2/episode-60,https://weaponizedpodcast.com/episodes-2/episode-60,f28b0facf9f482442554,WEAPONIZED,episode,web_page,True,legacy_unspecified,approved,,False,False,network_check_pending,2026-07-28T00:00:00Z,23.5C.1-1.0.0,dup-00316,duplicate,media-audit-3d72ffa35f3b3a81
inv-00939,weaponized-podcast,WEAPONIZED,2024-weaponized-episode-60,podcast_episode,60,WEAPONIZED Episode #60 — WEAPONIZED Series Overview,2024-10-15,mediaLinks,1,Listen to WEAPONIZED,https://link.chtbl.com/Weaponized,https://link.chtbl.com/Weaponized,e431bef40967149e37ee,Official audio feed,series,web_page,True,legacy_unspecified,approved,,False,False,network_check_pending,2026-07-28T00:00:00Z,23.5C.1-1.0.0,dup-00315,duplicate,media-audit-c1dd8b5b14322189
inv-00940,weaponized-podcast,WEAPONIZED,2024-weaponized-episode-60,podcast_episode,60,WEAPONIZED Episode #60 — WEAPONIZED Series Overview,2024-10-15,referenceSources,0,Official WEAPONIZED Episode #60 page,https://www.weaponizedpodcast.com/episodes-2/episode-60,https://weaponizedpodcast.com/episodes-2/episode-60,f28b0facf9f482442554,WEAPONIZED website,episode,web_page,False,legacy_unspecified,approved,,False,False,network_check_pending,2026-07-28T00:00:00Z,23.5C.1-1.0.0,dup-00316,duplicate,media-audit-3d72ffa35f3b3a81
inv-00941,weaponized-podcast,WEAPONIZED,2024-weaponized-episode-60,podcast_episode,60,WEAPONIZED Episode #60 — WEAPONIZED Series Overview,2024-10-15,referenceSources,1,Listen to WEAPONIZED,https://link.chtbl.com/Weaponized,https://link.chtbl.com/Weaponized,e431bef40967149e37ee,link.chtbl.com,series,web_page,False,legacy_unspecified,approved,,False,False,network_check_pending,2026-07-28T00:00:00Z,23.5C.1-1.0.0,dup-00315,duplicate,media-audit-c1dd8b5b14322189
inv-00942,weaponized-podcast,WEAPONIZED,2024-weaponized-episode-61,podcast_episode,61,WEAPONIZED Episode #61 — The Tic Tac at Twenty,2024-11-08,officialMedia,0,Open Official Episode Page,https://www.weaponizedpodcast.com/episodes-3/episode-61,https://weaponizedpodcast.com/episodes-3/episode-61,848739cb12551e01d5cf,Official website,episode,web_page,True,verified,approved,1,False,False,network_check_pending,2026-07-28T00:00:00Z,23.5C.1-1.0.0,dup-00318,authoritative,media-audit-bdb0825ff077f92d
inv-00943,weaponized-podcast,WEAPONIZED,2024-weaponized-episode-61,podcast_episode,61,WEAPONIZED Episode #61 — The Tic Tac at Twenty,2024-11-08,officialMedia,1,Browse Official Podcast Archive,https://link.chtbl.com/Weaponized,https://link.chtbl.com/Weaponized,e431bef40967149e37ee,RSS,series,audio,True,verified,approved,6,False,False,network_check_pending,2026-07-28T00:00:00Z,23.5C.1-1.0.0,dup-00317,authoritative,media-audit-5a73ccc28d14d7c2
inv-00944,weaponized-podcast,WEAPONIZED,2024-weaponized-episode-61,podcast_episode,61,WEAPONIZED Episode #61 — The Tic Tac at Twenty,2024-11-08,mediaLinks,0,Open the official Episode #61 page,https://www.weaponizedpodcast.com/episodes-3/episode-61,https://weaponizedpodcast.com/episodes-3/episode-61,848739cb12551e01d5cf,WEAPONIZED,episode,web_page,True,legacy_unspecified,approved,,False,False,network_check_pending,2026-07-28T00:00:00Z,23.5C.1-1.0.0,dup-00318,duplicate,media-audit-bdb0825ff077f92d
inv-00945,weaponized-podcast,WEAPONIZED,2024-weaponized-episode-61,podcast_episode,61,WEAPONIZED Episode #61 — The Tic Tac at Twenty,2024-11-08,mediaLinks,1,Listen to WEAPONIZED,https://link.chtbl.com/Weaponized,https://link.chtbl.com/Weaponized,e431bef40967149e37ee,Official audio feed,series,web_page,True,legacy_unspecified,approved,,False,False,network_check_pending,2026-07-28T00:00:00Z,23.5C.1-1.0.0,dup-00317,duplicate,media-audit-5a73ccc28d14d7c2
inv-00946,weaponized-podcast,WEAPONIZED,2024-weaponized-episode-61,podcast_episode,61,WEAPONIZED Episode #61 — The Tic Tac at Twenty,2024-11-08,referenceSources,0,Official WEAPONIZED Episode #61 page,https://www.weaponizedpodcast.com/episodes-3/episode-61,https://weaponizedpodcast.com/episodes-3/episode-61,848739cb12551e01d5cf,WEAPONIZED website,episode,web_page,False,legacy_unspecified,approved,,False,False,network_check_pending,2026-07-28T00:00:00Z,23.5C.1-1.0.0,dup-00318,duplicate,media-audit-bdb0825ff077f92d
inv-00947,weaponized-podcast,WEAPONIZED,2024-weaponized-episode-61,podcast_episode,61,WEAPONIZED Episode #61 — The Tic Tac at Twenty,2024-11-08,referenceSources,1,Listen to WEAPONIZED,https://link.chtbl.com/Weaponized,https://link.chtbl.com/Weaponized,e431bef40967149e37ee,link.chtbl.com,series,web_page,False,legacy_unspecified,approved,,False,False,network_check_pending,2026-07-28T00:00:00Z,23.5C.1-1.0.0,dup-00317,duplicate,media-audit-5a73ccc28d14d7c2
inv-00948,weaponized-podcast,WEAPONIZED,2024-weaponized-episode-62,podcast_episode,62,"WEAPONIZED Episode #62 — Sky Intruders, Drones, and a Transmedium UFO Video",2024-12-03,officialMedia,0,Open Official Episode Page,https://www.weaponizedpodcast.com/episodes-3/episode-62,https://weaponizedpodcast.com/episodes-3/episode-62,c10caf1bb6f258d7acf2,Official website,episode,web_page,True,verified,approved,1,False,False,network_check_pending,2026-07-28T00:00:00Z,23.5C.1-1.0.0,dup-00320,authoritative,media-audit-834e426e2aca4013
inv-00949,weaponized-podcast,WEAPONIZED,2024-weaponized-episode-62,podcast_episode,62,"WEAPONIZED Episode #62 — Sky Intruders, Drones, and a Transmedium UFO Video",2024-12-03,officialMedia,1,Browse Official Podcast Archive,https://link.chtbl.com/Weaponized,https://link.chtbl.com/Weaponized,e431bef40967149e37ee,RSS,series,audio,True,verified,approved,6,False,False,network_check_pending,2026-07-28T00:00:00Z,23.5C.1-1.0.0,dup-00319,authoritative,media-audit-ad53d8fd6c7c5082
inv-00950,weaponized-podcast,WEAPONIZED,2024-weaponized-episode-62,podcast_episode,62,"WEAPONIZED Episode #62 — Sky Intruders, Drones, and a Transmedium UFO Video",2024-12-03,mediaLinks,0,Open the official Episode #62 page,https://www.weaponizedpodcast.com/episodes-3/episode-62,https://weaponizedpodcast.com/episodes-3/episode-62,c10caf1bb6f258d7acf2,WEAPONIZED,episode,web_page,True,legacy_unspecified,approved,,False,False,network_check_pending,2026-07-28T00:00:00Z,23.5C.1-1.0.0,dup-00320,duplicate,media-audit-834e426e2aca4013
inv-00951,weaponized-podcast,WEAPONIZED,2024-weaponized-episode-62,podcast_episode,62,"WEAPONIZED Episode #62 — Sky Intruders, Drones, and a Transmedium UFO Video",2024-12-03,mediaLinks,1,Listen to WEAPONIZED,https://link.chtbl.com/Weaponized,https://link.chtbl.com/Weaponized,e431bef40967149e37ee,Official audio feed,series,web_page,True,legacy_unspecified,approved,,False,False,network_check_pending,2026-07-28T00:00:00Z,23.5C.1-1.0.0,dup-00319,duplicate,media-audit-ad53d8fd6c7c5082
inv-00952,weaponized-podcast,WEAPONIZED,2024-weaponized-episode-62,podcast_episode,62,"WEAPONIZED Episode #62 — Sky Intruders, Drones, and a Transmedium UFO Video",2024-12-03,referenceSources,0,Official WEAPONIZED Episode #62 page,https://www.weaponizedpodcast.com/episodes-3/episode-62,https://weaponizedpodcast.com/episodes-3/episode-62,c10caf1bb6f258d7acf2,WEAPONIZED website,episode,web_page,False,legacy_unspecified,approved,,False,False,network_check_pending,2026-07-28T00:00:00Z,23.5C.1-1.0.0,dup-00320,duplicate,media-audit-834e426e2aca4013
inv-00953,weaponized-podcast,WEAPONIZED,2024-weaponized-episode-62,podcast_episode,62,"WEAPONIZED Episode #62 — Sky Intruders, Drones, and a Transmedium UFO Video",2024-12-03,referenceSources,1,Listen to WEAPONIZED,https://link.chtbl.com/Weaponized,https://link.chtbl.com/Weaponized,e431bef40967149e37ee,link.chtbl.com,series,web_page,False,legacy_unspecified,approved,,False,False,network_check_pending,2026-07-28T00:00:00Z,23.5C.1-1.0.0,dup-00319,duplicate,media-audit-ad53d8fd6c7c5082
inv-00954,weaponized-podcast,WEAPONIZED,2024-weaponized-episode-63,podcast_episode,63,WEAPONIZED Episode #63 — Mystery Drones and Australia’s Saucer Nests,2024-12-10,officialMedia,0,Open Official Episode Page,https://www.weaponizedpodcast.com/episodes-3/episode-63,https://weaponizedpodcast.com/episodes-3/episode-63,9d22e87016c27f3c4d2a,Official website,episode,web_page,True,verified,approved,1,False,False,network_check_pending,2026-07-28T00:00:00Z,23.5C.1-1.0.0,dup-00322,authoritative,media-audit-2c587810098e7554
inv-00955,weaponized-podcast,WEAPONIZED,2024-weaponized-episode-63,podcast_episode,63,WEAPONIZED Episode #63 — Mystery Drones and Australia’s Saucer Nests,2024-12-10,officialMedia,1,Browse Official Podcast Archive,https://link.chtbl.com/Weaponized,https://link.chtbl.com/Weaponized,e431bef40967149e37ee,RSS,series,audio,True,verified,approved,6,False,False,network_check_pending,2026-07-28T00:00:00Z,23.5C.1-1.0.0,dup-00321,authoritative,media-audit-1fc243f8b0b57eba
inv-00956,weaponized-podcast,WEAPONIZED,2024-weaponized-episode-63,podcast_episode,63,WEAPONIZED Episode #63 — Mystery Drones and Australia’s Saucer Nests,2024-12-10,mediaLinks,0,Open the official Episode #63 page,https://www.weaponizedpodcast.com/episodes-3/episode-63,https://weaponizedpodcast.com/episodes-3/episode-63,9d22e87016c27f3c4d2a,WEAPONIZED,episode,web_page,True,legacy_unspecified,approved,,False,False,network_check_pending,2026-07-28T00:00:00Z,23.5C.1-1.0.0,dup-00322,duplicate,media-audit-2c587810098e7554
inv-00957,weaponized-podcast,WEAPONIZED,2024-weaponized-episode-63,podcast_episode,63,WEAPONIZED Episode #63 — Mystery Drones and Australia’s Saucer Nests,2024-12-10,mediaLinks,1,Listen to WEAPONIZED,https://link.chtbl.com/Weaponized,https://link.chtbl.com/Weaponized,e431bef40967149e37ee,Official audio feed,series,web_page,True,legacy_unspecified,approved,,False,False,network_check_pending,2026-07-28T00:00:00Z,23.5C.1-1.0.0,dup-00321,duplicate,media-audit-1fc243f8b0b57eba
inv-00958,weaponized-podcast,WEAPONIZED,2024-weaponized-episode-63,podcast_episode,63,WEAPONIZED Episode #63 — Mystery Drones and Australia’s Saucer Nests,2024-12-10,referenceSources,0,Official WEAPONIZED Episode #63 page,https://www.weaponizedpodcast.com/episodes-3/episode-63,https://weaponizedpodcast.com/episodes-3/episode-63,9d22e87016c27f3c4d2a,WEAPONIZED website,episode,web_page,False,legacy_unspecified,approved,,False,False,network_check_pending,2026-07-28T00:00:00Z,23.5C.1-1.0.0,dup-00322,duplicate,media-audit-2c587810098e7554
inv-00959,weaponized-podcast,WEAPONIZED,2024-weaponized-episode-63,podcast_episode,63,WEAPONIZED Episode #63 — Mystery Drones and Australia’s Saucer Nests,2024-12-10,referenceSources,1,Listen to WEAPONIZED,https://link.chtbl.com/Weaponized,https://link.chtbl.com/Weaponized,e431bef40967149e37ee,link.chtbl.com,series,web_page,False,legacy_unspecified,approved,,False,False,network_check_pending,2026-07-28T00:00:00Z,23.5C.1-1.0.0,dup-00321,duplicate,media-audit-1fc243f8b0b57eba
inv-00960,weaponized-podcast,WEAPONIZED,2024-weaponized-episode-64,podcast_episode,64,WEAPONIZED Episode #64 — The 2024 UAP Year in Review,2024-12-31,officialMedia,0,Open Official Episode Page,https://www.weaponizedpodcast.com/episodes-3/episode-64,https://weaponizedpodcast.com/episodes-3/episode-64,06dde7ccc8c11aef0386,Official website,episode,web_page,True,verified,approved,1,False,False,network_check_pending,2026-07-28T00:00:00Z,23.5C.1-1.0.0,dup-00324,authoritative,media-audit-23d98a5b29dfa62e
inv-00961,weaponized-podcast,WEAPONIZED,2024-weaponized-episode-64,podcast_episode,64,WEAPONIZED Episode #64 — The 2024 UAP Year in Review,2024-12-31,officialMedia,1,Browse Official Podcast Archive,https://link.chtbl.com/Weaponized,https://link.chtbl.com/Weaponized,e431bef40967149e37ee,RSS,series,audio,True,verified,approved,6,False,False,network_check_pending,2026-07-28T00:00:00Z,23.5C.1-1.0.0,dup-00323,authoritative,media-audit-e1fd473125eea83a
inv-00962,weaponized-podcast,WEAPONIZED,2024-weaponized-episode-64,podcast_episode,64,WEAPONIZED Episode #64 — The 2024 UAP Year in Review,2024-12-31,mediaLinks,0,Open the official Episode #64 page,https://www.weaponizedpodcast.com/episodes-3/episode-64,https://weaponizedpodcast.com/episodes-3/episode-64,06dde7ccc8c11aef0386,WEAPONIZED,episode,web_page,True,legacy_unspecified,approved,,False,False,network_check_pending,2026-07-28T00:00:00Z,23.5C.1-1.0.0,dup-00324,duplicate,media-audit-23d98a5b29dfa62e
inv-00963,weaponized-podcast,WEAPONIZED,2024-weaponized-episode-64,podcast_episode,64,WEAPONIZED Episode #64 — The 2024 UAP Year in Review,2024-12-31,mediaLinks,1,Listen to WEAPONIZED,https://link.chtbl.com/Weaponized,https://link.chtbl.com/Weaponized,e431bef40967149e37ee,Official audio feed,series,web_page,True,legacy_unspecified,approved,,False,False,network_check_pending,2026-07-28T00:00:00Z,23.5C.1-1.0.0,dup-00323,duplicate,media-audit-e1fd473125eea83a
inv-00964,weaponized-podcast,WEAPONIZED,2024-weaponized-episode-64,podcast_episode,64,WEAPONIZED Episode #64 — The 2024 UAP Year in Review,2024-12-31,referenceSources,0,Official WEAPONIZED Episode #64 page,https://www.weaponizedpodcast.com/episodes-3/episode-64,https://weaponizedpodcast.com/episodes-3/episode-64,06dde7ccc8c11aef0386,WEAPONIZED website,episode,web_page,False,legacy_unspecified,approved,,False,False,network_check_pending,2026-07-28T00:00:00Z,23.5C.1-1.0.0,dup-00324,duplicate,media-audit-23d98a5b29dfa62e
inv-00965,weaponized-podcast,WEAPONIZED,2024-weaponized-episode-64,podcast_episode,64,WEAPONIZED Episode #64 — The 2024 UAP Year in Review,2024-12-31,referenceSources,1,Listen to WEAPONIZED,https://link.chtbl.com/Weaponized,https://link.chtbl.com/Weaponized,e431bef40967149e37ee,link.chtbl.com,series,web_page,False,legacy_unspecified,approved,,False,False,network_check_pending,2026-07-28T00:00:00Z,23.5C.1-1.0.0,dup-00323,duplicate,media-audit-e1fd473125eea83a
inv-00966,need-to-know-podcast,Need to Know,2025-need-to-know-episode-60,podcast_episode,60,Need to Know Episode #60 — Age of Disclosure?,2025-02-12,officialMedia,0,Watch on YouTube,https://www.youtube.com/watch?v=PLVpruAjP1c,https://youtube.com/watch?v=PLVpruAjP1c,5b084af8aa65b7fd1bca,YouTube,episode,video,True,verified,approved,2,False,False,network_check_pending,2026-07-28T00:00:00Z,23.5C.1-1.0.0,dup-00326,authoritative,media-audit-4aabfe63851d9460
inv-00967,need-to-know-podcast,Need to Know,2025-need-to-know-episode-60,podcast_episode,60,Need to Know Episode #60 — Age of Disclosure?,2025-02-12,officialMedia,1,Browse Official YouTube Playlist,https://www.youtube.com/playlist?list=PLXdU8QbJkboeMcvUNyGpb9h6FUS9cVBti,https://youtube.com/playlist?list=PLXdU8QbJkboeMcvUNyGpb9h6FUS9cVBti,24259ff69bbafb114bed,YouTube,playlist,video,True,verified,approved,6,False,False,network_check_pending,2026-07-28T00:00:00Z,23.5C.1-1.0.0,dup-00325,authoritative,media-audit-60e3795ef4c0166c
inv-00968,need-to-know-podcast,Need to Know,2025-need-to-know-episode-60,podcast_episode,60,Need to Know Episode #60 — Age of Disclosure?,2025-02-12,mediaLinks,0,Watch Need to Know Episode #60 on YouTube,https://www.youtube.com/watch?v=PLVpruAjP1c,https://youtube.com/watch?v=PLVpruAjP1c,5b084af8aa65b7fd1bca,YouTube,episode,video,True,legacy_unspecified,approved,,False,False,network_check_pending,2026-07-28T00:00:00Z,23.5C.1-1.0.0,dup-00326,duplicate,media-audit-4aabfe63851d9460
inv-00969,need-to-know-podcast,Need to Know,2025-need-to-know-episode-60,podcast_episode,60,Need to Know Episode #60 — Age of Disclosure?,2025-02-12,mediaLinks,1,Watch the official Need to Know collection,https://www.youtube.com/playlist?list=PLXdU8QbJkboeMcvUNyGpb9h6FUS9cVBti,https://youtube.com/playlist?list=PLXdU8QbJkboeMcvUNyGpb9h6FUS9cVBti,24259ff69bbafb114bed,YouTube,playlist,video,True,legacy_unspecified,approved,,False,False,network_check_pending,2026-07-28T00:00:00Z,23.5C.1-1.0.0,dup-00325,duplicate,media-audit-60e3795ef4c0166c
inv-00970,need-to-know-podcast,Need to Know,2025-need-to-know-episode-60,podcast_episode,60,Need to Know Episode #60 — Age of Disclosure?,2025-02-12,referenceSources,0,Official Need to Know Episode 60 video — Age of Disclosure?,https://www.youtube.com/watch?v=PLVpruAjP1c,https://youtube.com/watch?v=PLVpruAjP1c,5b084af8aa65b7fd1bca,YouTube,episode,video,False,legacy_unspecified,approved,,False,False,network_check_pending,2026-07-28T00:00:00Z,23.5C.1-1.0.0,dup-00326,duplicate,media-audit-4aabfe63851d9460
inv-00971,need-to-know-podcast,Need to Know,2025-need-to-know-episode-60,podcast_episode,60,Need to Know Episode #60 — Age of Disclosure?,2025-02-12,referenceSources,1,Need to Know official YouTube collection,https://www.youtube.com/playlist?list=PLXdU8QbJkboeMcvUNyGpb9h6FUS9cVBti,https://youtube.com/playlist?list=PLXdU8QbJkboeMcvUNyGpb9h6FUS9cVBti,24259ff69bbafb114bed,YouTube,playlist,video,False,legacy_unspecified,approved,,False,False,network_check_pending,2026-07-28T00:00:00Z,23.5C.1-1.0.0,dup-00325,duplicate,media-audit-60e3795ef4c0166c
inv-00972,need-to-know-podcast,Need to Know,2025-need-to-know-episode-61,podcast_episode,61,Need to Know Episode #61 — Gimme Some Truth,2025-03-10,officialMedia,0,Watch on YouTube,https://www.youtube.com/watch?v=1viZCDLJfqg,https://youtube.com/watch?v=1viZCDLJfqg,0239d14288711459643c,YouTube,episode,video,True,verified,approved,2,False,False,network_check_pending,2026-07-28T00:00:00Z,23.5C.1-1.0.0,dup-00328,authoritative,media-audit-57b3596c10ec2b41
inv-00973,need-to-know-podcast,Need to Know,2025-need-to-know-episode-61,podcast_episode,61,Need to Know Episode #61 — Gimme Some Truth,2025-03-10,officialMedia,1,Browse Official YouTube Playlist,https://www.youtube.com/playlist?list=PLXdU8QbJkboeMcvUNyGpb9h6FUS9cVBti,https://youtube.com/playlist?list=PLXdU8QbJkboeMcvUNyGpb9h6FUS9cVBti,24259ff69bbafb114bed,YouTube,playlist,video,True,verified,approved,6,False,False,network_check_pending,2026-07-28T00:00:00Z,23.5C.1-1.0.0,dup-00327,authoritative,media-audit-77ec7eb9bdc75aa4
inv-00974,need-to-know-podcast,Need to Know,2025-need-to-know-episode-61,podcast_episode,61,Need to Know Episode #61 — Gimme Some Truth,2025-03-10,mediaLinks,0,Watch Need to Know Episode #61 on YouTube,https://www.youtube.com/watch?v=1viZCDLJfqg,https://youtube.com/watch?v=1viZCDLJfqg,0239d14288711459643c,YouTube,episode,video,True,legacy_unspecified,approved,,False,False,network_check_pending,2026-07-28T00:00:00Z,23.5C.1-1.0.0,dup-00328,duplicate,media-audit-57b3596c10ec2b41
inv-00975,need-to-know-podcast,Need to Know,2025-need-to-know-episode-61,podcast_episode,61,Need to Know Episode #61 — Gimme Some Truth,2025-03-10,mediaLinks,1,Watch the official Need to Know collection,https://www.youtube.com/playlist?list=PLXdU8QbJkboeMcvUNyGpb9h6FUS9cVBti,https://youtube.com/playlist?list=PLXdU8QbJkboeMcvUNyGpb9h6FUS9cVBti,24259ff69bbafb114bed,YouTube,playlist,video,True,legacy_unspecified,approved,,False,False,network_check_pending,2026-07-28T00:00:00Z,23.5C.1-1.0.0,dup-00327,duplicate,media-audit-77ec7eb9bdc75aa4
inv-00976,need-to-know-podcast,Need to Know,2025-need-to-know-episode-61,podcast_episode,61,Need to Know Episode #61 — Gimme Some Truth,2025-03-10,referenceSources,0,Official Need to Know Episode 61 video — Gimme Some Truth,https://www.youtube.com/watch?v=1viZCDLJfqg,https://youtube.com/watch?v=1viZCDLJfqg,0239d14288711459643c,YouTube,episode,video,False,legacy_unspecified,approved,,False,False,network_check_pending,2026-07-28T00:00:00Z,23.5C.1-1.0.0,dup-00328,duplicate,media-audit-57b3596c10ec2b41
inv-00977,need-to-know-podcast,Need to Know,2025-need-to-know-episode-61,podcast_episode,61,Need to Know Episode #61 — Gimme Some Truth,2025-03-10,referenceSources,1,Need to Know official YouTube collection,https://www.youtube.com/playlist?list=PLXdU8QbJkboeMcvUNyGpb9h6FUS9cVBti,https://youtube.com/playlist?list=PLXdU8QbJkboeMcvUNyGpb9h6FUS9cVBti,24259ff69bbafb114bed,YouTube,playlist,video,False,legacy_unspecified,approved,,False,False,network_check_pending,2026-07-28T00:00:00Z,23.5C.1-1.0.0,dup-00327,duplicate,media-audit-77ec7eb9bdc75aa4
inv-00978,need-to-know-podcast,Need to Know,2025-need-to-know-episode-62,podcast_episode,62,Need to Know Episode #62 — Watch the Skies,2025-04-07,officialMedia,0,Watch on YouTube,https://www.youtube.com/watch?v=83EQaXJvYRI,https://youtube.com/watch?v=83EQaXJvYRI,32a19c5fbd4d046fa45b,YouTube,episode,video,True,verified,approved,2,False,False,network_check_pending,2026-07-28T00:00:00Z,23.5C.1-1.0.0,dup-00330,authoritative,media-audit-8b298184554d9c1a
inv-00979,need-to-know-podcast,Need to Know,2025-need-to-know-episode-62,podcast_episode,62,Need to Know Episode #62 — Watch the Skies,2025-04-07,officialMedia,1,Browse Official YouTube Playlist,https://www.youtube.com/playlist?list=PLXdU8QbJkboeMcvUNyGpb9h6FUS9cVBti,https://youtube.com/playlist?list=PLXdU8QbJkboeMcvUNyGpb9h6FUS9cVBti,24259ff69bbafb114bed,YouTube,playlist,video,True,verified,approved,6,False,False,network_check_pending,2026-07-28T00:00:00Z,23.5C.1-1.0.0,dup-00329,authoritative,media-audit-f7a6af9e27f6f0fa
inv-00980,need-to-know-podcast,Need to Know,2025-need-to-know-episode-62,podcast_episode,62,Need to Know Episode #62 — Watch the Skies,2025-04-07,mediaLinks,0,Watch Need to Know Episode #62 on YouTube,https://www.youtube.com/watch?v=83EQaXJvYRI,https://youtube.com/watch?v=83EQaXJvYRI,32a19c5fbd4d046fa45b,YouTube,episode,video,True,legacy_unspecified,approved,,False,False,network_check_pending,2026-07-28T00:00:00Z,23.5C.1-1.0.0,dup-00330,duplicate,media-audit-8b298184554d9c1a
inv-00981,need-to-know-podcast,Need to Know,2025-need-to-know-episode-62,podcast_episode,62,Need to Know Episode #62 — Watch the Skies,2025-04-07,mediaLinks,1,Watch the official Need to Know collection,https://www.youtube.com/playlist?list=PLXdU8QbJkboeMcvUNyGpb9h6FUS9cVBti,https://youtube.com/playlist?list=PLXdU8QbJkboeMcvUNyGpb9h6FUS9cVBti,24259ff69bbafb114bed,YouTube,playlist,video,True,legacy_unspecified,approved,,False,False,network_check_pending,2026-07-28T00:00:00Z,23.5C.1-1.0.0,dup-00329,duplicate,media-audit-f7a6af9e27f6f0fa
inv-00982,need-to-know-podcast,Need to Know,2025-need-to-know-episode-62,podcast_episode,62,Need to Know Episode #62 — Watch the Skies,2025-04-07,referenceSources,0,Official Need to Know Episode 62 video — Watch the Skies,https://www.youtube.com/watch?v=83EQaXJvYRI,https://youtube.com/watch?v=83EQaXJvYRI,32a19c5fbd4d046fa45b,YouTube,episode,video,False,legacy_unspecified,approved,,False,False,network_check_pending,2026-07-28T00:00:00Z,23.5C.1-1.0.0,dup-00330,duplicate,media-audit-8b298184554d9c1a
inv-00983,need-to-know-podcast,Need to Know,2025-need-to-know-episode-62,podcast_episode,62,Need to Know Episode #62 — Watch the Skies,2025-04-07,referenceSources,1,Need to Know official YouTube collection,https://www.youtube.com/playlist?list=PLXdU8QbJkboeMcvUNyGpb9h6FUS9cVBti,https://youtube.com/playlist?list=PLXdU8QbJkboeMcvUNyGpb9h6FUS9cVBti,24259ff69bbafb114bed,YouTube,playlist,video,False,legacy_unspecified,approved,,False,False,network_check_pending,2026-07-28T00:00:00Z,23.5C.1-1.0.0,dup-00329,duplicate,media-audit-f7a6af9e27f6f0fa
inv-00984,need-to-know-podcast,Need to Know,2025-need-to-know-episode-63,podcast_episode,63,Need to Know Episode #63 — Immaculate Revelations,2025-05-10,officialMedia,0,Watch on YouTube,https://www.youtube.com/watch?v=up3_XVMvetg,https://youtube.com/watch?v=up3_XVMvetg,1c4f119a5660c2d15734,YouTube,episode,video,True,verified,approved,2,False,False,network_check_pending,2026-07-28T00:00:00Z,23.5C.1-1.0.0,dup-00332,authoritative,media-audit-81861d8720e34a88
inv-00985,need-to-know-podcast,Need to Know,2025-need-to-know-episode-63,podcast_episode,63,Need to Know Episode #63 — Immaculate Revelations,2025-05-10,officialMedia,1,Browse Official YouTube Playlist,https://www.youtube.com/playlist?list=PLXdU8QbJkboeMcvUNyGpb9h6FUS9cVBti,https://youtube.com/playlist?list=PLXdU8QbJkboeMcvUNyGpb9h6FUS9cVBti,24259ff69bbafb114bed,YouTube,playlist,video,True,verified,approved,6,False,False,network_check_pending,2026-07-28T00:00:00Z,23.5C.1-1.0.0,dup-00331,authoritative,media-audit-5ca2b3a57d3b0f05
inv-00986,need-to-know-podcast,Need to Know,2025-need-to-know-episode-63,podcast_episode,63,Need to Know Episode #63 — Immaculate Revelations,2025-05-10,mediaLinks,0,Watch Need to Know Episode #63 on YouTube,https://www.youtube.com/watch?v=up3_XVMvetg,https://youtube.com/watch?v=up3_XVMvetg,1c4f119a5660c2d15734,YouTube,episode,video,True,legacy_unspecified,approved,,False,False,network_check_pending,2026-07-28T00:00:00Z,23.5C.1-1.0.0,dup-00332,duplicate,media-audit-81861d8720e34a88
inv-00987,need-to-know-podcast,Need to Know,2025-need-to-know-episode-63,podcast_episode,63,Need to Know Episode #63 — Immaculate Revelations,2025-05-10,mediaLinks,1,Watch the official Need to Know collection,https://www.youtube.com/playlist?list=PLXdU8QbJkboeMcvUNyGpb9h6FUS9cVBti,https://youtube.com/playlist?list=PLXdU8QbJkboeMcvUNyGpb9h6FUS9cVBti,24259ff69bbafb114bed,YouTube,playlist,video,True,legacy_unspecified,approved,,False,False,network_check_pending,2026-07-28T00:00:00Z,23.5C.1-1.0.0,dup-00331,duplicate,media-audit-5ca2b3a57d3b0f05
inv-00988,need-to-know-podcast,Need to Know,2025-need-to-know-episode-63,podcast_episode,63,Need to Know Episode #63 — Immaculate Revelations,2025-05-10,referenceSources,0,Official Need to Know Episode 63 video — Immaculate Revelations,https://www.youtube.com/watch?v=up3_XVMvetg,https://youtube.com/watch?v=up3_XVMvetg,1c4f119a5660c2d15734,YouTube,episode,video,False,legacy_unspecified,approved,,False,False,network_check_pending,2026-07-28T00:00:00Z,23.5C.1-1.0.0,dup-00332,duplicate,media-audit-81861d8720e34a88
inv-00989,need-to-know-podcast,Need to Know,2025-need-to-know-episode-63,podcast_episode,63,Need to Know Episode #63 — Immaculate Revelations,2025-05-10,referenceSources,1,Need to Know official YouTube collection,https://www.youtube.com/playlist?list=PLXdU8QbJkboeMcvUNyGpb9h6FUS9cVBti,https://youtube.com/playlist?list=PLXdU8QbJkboeMcvUNyGpb9h6FUS9cVBti,24259ff69bbafb114bed,YouTube,playlist,video,False,legacy_unspecified,approved,,False,False,network_check_pending,2026-07-28T00:00:00Z,23.5C.1-1.0.0,dup-00331,duplicate,media-audit-5ca2b3a57d3b0f05
inv-00990,need-to-know-podcast,Need to Know,2025-need-to-know-episode-64,podcast_episode,64,Need to Know Episode #64 — Live From CITD,2025-06-08,officialMedia,0,Watch on YouTube,https://www.youtube.com/watch?v=r8o4RN_xj2I,https://youtube.com/watch?v=r8o4RN_xj2I,6d13973f52f380b215c9,YouTube,episode,video,True,verified,approved,2,False,False,network_check_pending,2026-07-28T00:00:00Z,23.5C.1-1.0.0,dup-00334,authoritative,media-audit-2ec1d0b1f1d81d20
inv-00991,need-to-know-podcast,Need to Know,2025-need-to-know-episode-64,podcast_episode,64,Need to Know Episode #64 — Live From CITD,2025-06-08,officialMedia,1,Browse Official YouTube Playlist,https://www.youtube.com/playlist?list=PLXdU8QbJkboeMcvUNyGpb9h6FUS9cVBti,https://youtube.com/playlist?list=PLXdU8QbJkboeMcvUNyGpb9h6FUS9cVBti,24259ff69bbafb114bed,YouTube,playlist,video,True,verified,approved,6,False,False,network_check_pending,2026-07-28T00:00:00Z,23.5C.1-1.0.0,dup-00333,authoritative,media-audit-e31a0958f973bea3
inv-00992,need-to-know-podcast,Need to Know,2025-need-to-know-episode-64,podcast_episode,64,Need to Know Episode #64 — Live From CITD,2025-06-08,mediaLinks,0,Watch Need to Know Episode #64 on YouTube,https://www.youtube.com/watch?v=r8o4RN_xj2I,https://youtube.com/watch?v=r8o4RN_xj2I,6d13973f52f380b215c9,YouTube,episode,video,True,legacy_unspecified,approved,,False,False,network_check_pending,2026-07-28T00:00:00Z,23.5C.1-1.0.0,dup-00334,duplicate,media-audit-2ec1d0b1f1d81d20
inv-00993,need-to-know-podcast,Need to Know,2025-need-to-know-episode-64,podcast_episode,64,Need to Know Episode #64 — Live From CITD,2025-06-08,mediaLinks,1,Watch the official Need to Know collection,https://www.youtube.com/playlist?list=PLXdU8QbJkboeMcvUNyGpb9h6FUS9cVBti,https://youtube.com/playlist?list=PLXdU8QbJkboeMcvUNyGpb9h6FUS9cVBti,24259ff69bbafb114bed,YouTube,playlist,video,True,legacy_unspecified,approved,,False,False,network_check_pending,2026-07-28T00:00:00Z,23.5C.1-1.0.0,dup-00333,duplicate,media-audit-e31a0958f973bea3
inv-00994,need-to-know-podcast,Need to Know,2025-need-to-know-episode-64,podcast_episode,64,Need to Know Episode #64 — Live From CITD,2025-06-08,referenceSources,0,Official Need to Know Episode 64 video — Live From CITD,https://www.youtube.com/watch?v=r8o4RN_xj2I,https://youtube.com/watch?v=r8o4RN_xj2I,6d13973f52f380b215c9,YouTube,episode,video,False,legacy_unspecified,approved,,False,False,network_check_pending,2026-07-28T00:00:00Z,23.5C.1-1.0.0,dup-00334,duplicate,media-audit-2ec1d0b1f1d81d20
inv-00995,need-to-know-podcast,Need to Know,2025-need-to-know-episode-64,podcast_episode,64,Need to Know Episode #64 — Live From CITD,2025-06-08,referenceSources,1,Need to Know official YouTube collection,https://www.youtube.com/playlist?list=PLXdU8QbJkboeMcvUNyGpb9h6FUS9cVBti,https://youtube.com/playlist?list=PLXdU8QbJkboeMcvUNyGpb9h6FUS9cVBti,24259ff69bbafb114bed,YouTube,playlist,video,False,legacy_unspecified,approved,,False,False,network_check_pending,2026-07-28T00:00:00Z,23.5C.1-1.0.0,dup-00333,duplicate,media-audit-e31a0958f973bea3
inv-00996,need-to-know-podcast,Need to Know,2025-need-to-know-episode-65,podcast_episode,65,Need to Know Episode #65 — Ross Coulthart's Final Show — Whose Tech Is It?,2025-07-07,officialMedia,0,Watch on YouTube,https://www.youtube.com/watch?v=cmxyApOGPCA,https://youtube.com/watch?v=cmxyApOGPCA,c870e6a0d44f89a643bc,YouTube,episode,video,True,verified,approved,2,False,False,network_check_pending,2026-07-28T00:00:00Z,23.5C.1-1.0.0,dup-00336,authoritative,media-audit-e4a1c7b7931b4d78
inv-00997,need-to-know-podcast,Need to Know,2025-need-to-know-episode-65,podcast_episode,65,Need to Know Episode #65 — Ross Coulthart's Final Show — Whose Tech Is It?,2025-07-07,officialMedia,1,Browse Official YouTube Playlist,https://www.youtube.com/playlist?list=PLXdU8QbJkboeMcvUNyGpb9h6FUS9cVBti,https://youtube.com/playlist?list=PLXdU8QbJkboeMcvUNyGpb9h6FUS9cVBti,24259ff69bbafb114bed,YouTube,playlist,video,True,verified,approved,6,False,False,network_check_pending,2026-07-28T00:00:00Z,23.5C.1-1.0.0,dup-00335,authoritative,media-audit-7951e4b440fd04c4
inv-00998,need-to-know-podcast,Need to Know,2025-need-to-know-episode-65,podcast_episode,65,Need to Know Episode #65 — Ross Coulthart's Final Show — Whose Tech Is It?,2025-07-07,mediaLinks,0,Watch Need to Know Episode #65 on YouTube,https://www.youtube.com/watch?v=cmxyApOGPCA,https://youtube.com/watch?v=cmxyApOGPCA,c870e6a0d44f89a643bc,YouTube,episode,video,True,legacy_unspecified,approved,,False,False,network_check_pending,2026-07-28T00:00:00Z,23.5C.1-1.0.0,dup-00336,duplicate,media-audit-e4a1c7b7931b4d78
inv-00999,need-to-know-podcast,Need to Know,2025-need-to-know-episode-65,podcast_episode,65,Need to Know Episode #65 — Ross Coulthart's Final Show — Whose Tech Is It?,2025-07-07,mediaLinks,1,Watch the official Need to Know collection,https://www.youtube.com/playlist?list=PLXdU8QbJkboeMcvUNyGpb9h6FUS9cVBti,https://youtube.com/playlist?list=PLXdU8QbJkboeMcvUNyGpb9h6FUS9cVBti,24259ff69bbafb114bed,YouTube,playlist,video,True,legacy_unspecified,approved,,False,False,network_check_pending,2026-07-28T00:00:00Z,23.5C.1-1.0.0,dup-00335,duplicate,media-audit-7951e4b440fd04c4
inv-01000,need-to-know-podcast,Need to Know,2025-need-to-know-episode-65,podcast_episode,65,Need to Know Episode #65 — Ross Coulthart's Final Show — Whose Tech Is It?,2025-07-07,referenceSources,0,Official Need to Know Episode 65 video — Ross Coulthart's Final Show — Whose Tech Is It?,https://www.youtube.com/watch?v=cmxyApOGPCA,https://youtube.com/watch?v=cmxyApOGPCA,c870e6a0d44f89a643bc,YouTube,episode,video,False,legacy_unspecified,approved,,False,False,network_check_pending,2026-07-28T00:00:00Z,23.5C.1-1.0.0,dup-00336,duplicate,media-audit-e4a1c7b7931b4d78
inv-01001,need-to-know-podcast,Need to Know,2025-need-to-know-episode-65,podcast_episode,65,Need to Know Episode #65 — Ross Coulthart's Final Show — Whose Tech Is It?,2025-07-07,referenceSources,1,Need to Know official YouTube collection,https://www.youtube.com/playlist?list=PLXdU8QbJkboeMcvUNyGpb9h6FUS9cVBti,https://youtube.com/playlist?list=PLXdU8QbJkboeMcvUNyGpb9h6FUS9cVBti,24259ff69bbafb114bed,YouTube,playlist,video,False,legacy_unspecified,approved,,False,False,network_check_pending,2026-07-28T00:00:00Z,23.5C.1-1.0.0,dup-00335,duplicate,media-audit-7951e4b440fd04c4
inv-01002,need-to-know-podcast,Need to Know,2025-need-to-know-episode-66,podcast_episode,66,Need to Know Episode #66 — Richard Dolan Joins the Show — Changes,2025-08-11,officialMedia,0,Watch on YouTube,https://www.youtube.com/watch?v=lwsSMUgC7JM,https://youtube.com/watch?v=lwsSMUgC7JM,e95bb9ffe05fad654966,YouTube,episode,video,True,verified,approved,2,False,False,network_check_pending,2026-07-28T00:00:00Z,23.5C.1-1.0.0,dup-00338,authoritative,media-audit-efc2357cf452d633
inv-01003,need-to-know-podcast,Need to Know,2025-need-to-know-episode-66,podcast_episode,66,Need to Know Episode #66 — Richard Dolan Joins the Show — Changes,2025-08-11,officialMedia,1,Browse Official YouTube Playlist,https://www.youtube.com/playlist?list=PLXdU8QbJkboePTgyvfpJ6X8MXWPkfxOgv,https://youtube.com/playlist?list=PLXdU8QbJkboePTgyvfpJ6X8MXWPkfxOgv,6bb08cae2d8688617e2b,YouTube,playlist,video,True,verified,approved,6,False,False,network_check_pending,2026-07-28T00:00:00Z,23.5C.1-1.0.0,dup-00337,authoritative,media-audit-88f0a35c349a0b7b
inv-01004,need-to-know-podcast,Need to Know,2025-need-to-know-episode-66,podcast_episode,66,Need to Know Episode #66 — Richard Dolan Joins the Show — Changes,2025-08-11,mediaLinks,0,Watch Need to Know Episode #66 on YouTube,https://www.youtube.com/watch?v=lwsSMUgC7JM,https://youtube.com/watch?v=lwsSMUgC7JM,e95bb9ffe05fad654966,YouTube,episode,video,True,legacy_unspecified,approved,,False,False,network_check_pending,2026-07-28T00:00:00Z,23.5C.1-1.0.0,dup-00338,duplicate,media-audit-efc2357cf452d633
inv-01005,need-to-know-podcast,Need to Know,2025-need-to-know-episode-66,podcast_episode,66,Need to Know Episode #66 — Richard Dolan Joins the Show — Changes,2025-08-11,mediaLinks,1,Watch the official Need to Know collection,https://www.youtube.com/playlist?list=PLXdU8QbJkboePTgyvfpJ6X8MXWPkfxOgv,https://youtube.com/playlist?list=PLXdU8QbJkboePTgyvfpJ6X8MXWPkfxOgv,6bb08cae2d8688617e2b,YouTube,playlist,video,True,legacy_unspecified,approved,,False,False,network_check_pending,2026-07-28T00:00:00Z,23.5C.1-1.0.0,dup-00337,duplicate,media-audit-88f0a35c349a0b7b
inv-01006,need-to-know-podcast,Need to Know,2025-need-to-know-episode-66,podcast_episode,66,Need to Know Episode #66 — Richard Dolan Joins the Show — Changes,2025-08-11,referenceSources,0,Official Need to Know Episode 66 video — Richard Dolan Joins the Show — Changes,https://www.youtube.com/watch?v=lwsSMUgC7JM,https://youtube.com/watch?v=lwsSMUgC7JM,e95bb9ffe05fad654966,YouTube,episode,video,False,legacy_unspecified,approved,,False,False,network_check_pending,2026-07-28T00:00:00Z,23.5C.1-1.0.0,dup-00338,duplicate,media-audit-efc2357cf452d633
inv-01007,need-to-know-podcast,Need to Know,2025-need-to-know-episode-66,podcast_episode,66,Need to Know Episode #66 — Richard Dolan Joins the Show — Changes,2025-08-11,referenceSources,1,Need to Know official YouTube collection,https://www.youtube.com/playlist?list=PLXdU8QbJkboePTgyvfpJ6X8MXWPkfxOgv,https://youtube.com/playlist?list=PLXdU8QbJkboePTgyvfpJ6X8MXWPkfxOgv,6bb08cae2d8688617e2b,YouTube,playlist,video,False,legacy_unspecified,approved,,False,False,network_check_pending,2026-07-28T00:00:00Z,23.5C.1-1.0.0,dup-00337,duplicate,media-audit-88f0a35c349a0b7b
inv-01008,need-to-know-podcast,Need to Know,2025-need-to-know-episode-67,podcast_episode,67,Need to Know Episode #67 — What You Need to Know Now,2025-09-04,officialMedia,0,Watch on YouTube,https://www.youtube.com/watch?v=ZlRkF8Q-yMc,https://youtube.com/watch?v=ZlRkF8Q-yMc,b2c184fbf0e6aff028c2,YouTube,episode,video,True,verified,approved,2,False,False,network_check_pending,2026-07-28T00:00:00Z,23.5C.1-1.0.0,dup-00340,authoritative,media-audit-56c8525d33ff3862
inv-01009,need-to-know-podcast,Need to Know,2025-need-to-know-episode-67,podcast_episode,67,Need to Know Episode #67 — What You Need to Know Now,2025-09-04,officialMedia,1,Browse Official YouTube Playlist,https://www.youtube.com/playlist?list=PLXdU8QbJkboePTgyvfpJ6X8MXWPkfxOgv,https://youtube.com/playlist?list=PLXdU8QbJkboePTgyvfpJ6X8MXWPkfxOgv,6bb08cae2d8688617e2b,YouTube,playlist,video,True,verified,approved,6,False,False,network_check_pending,2026-07-28T00:00:00Z,23.5C.1-1.0.0,dup-00339,authoritative,media-audit-7404c50b4a0a2c43
inv-01010,need-to-know-podcast,Need to Know,2025-need-to-know-episode-67,podcast_episode,67,Need to Know Episode #67 — What You Need to Know Now,2025-09-04,mediaLinks,0,Watch Need to Know Episode #67 on YouTube,https://www.youtube.com/watch?v=ZlRkF8Q-yMc,https://youtube.com/watch?v=ZlRkF8Q-yMc,b2c184fbf0e6aff028c2,YouTube,episode,video,True,legacy_unspecified,approved,,False,False,network_check_pending,2026-07-28T00:00:00Z,23.5C.1-1.0.0,dup-00340,duplicate,media-audit-56c8525d33ff3862
inv-01011,need-to-know-podcast,Need to Know,2025-need-to-know-episode-67,podcast_episode,67,Need to Know Episode #67 — What You Need to Know Now,2025-09-04,mediaLinks,1,Watch the official Need to Know collection,https://www.youtube.com/playlist?list=PLXdU8QbJkboePTgyvfpJ6X8MXWPkfxOgv,https://youtube.com/playlist?list=PLXdU8QbJkboePTgyvfpJ6X8MXWPkfxOgv,6bb08cae2d8688617e2b,YouTube,playlist,video,True,legacy_unspecified,approved,,False,False,network_check_pending,2026-07-28T00:00:00Z,23.5C.1-1.0.0,dup-00339,duplicate,media-audit-7404c50b4a0a2c43
inv-01012,need-to-know-podcast,Need to Know,2025-need-to-know-episode-67,podcast_episode,67,Need to Know Episode #67 — What You Need to Know Now,2025-09-04,referenceSources,0,Official Need to Know Episode 67 video — What You Need to Know Now,https://www.youtube.com/watch?v=ZlRkF8Q-yMc,https://youtube.com/watch?v=ZlRkF8Q-yMc,b2c184fbf0e6aff028c2,YouTube,episode,video,False,legacy_unspecified,approved,,False,False,network_check_pending,2026-07-28T00:00:00Z,23.5C.1-1.0.0,dup-00340,duplicate,media-audit-56c8525d33ff3862
inv-01013,need-to-know-podcast,Need to Know,2025-need-to-know-episode-67,podcast_episode,67,Need to Know Episode #67 — What You Need to Know Now,2025-09-04,referenceSources,1,Need to Know official YouTube collection,https://www.youtube.com/playlist?list=PLXdU8QbJkboePTgyvfpJ6X8MXWPkfxOgv,https://youtube.com/playlist?list=PLXdU8QbJkboePTgyvfpJ6X8MXWPkfxOgv,6bb08cae2d8688617e2b,YouTube,playlist,video,False,legacy_unspecified,approved,,False,False,network_check_pending,2026-07-28T00:00:00Z,23.5C.1-1.0.0,dup-00339,duplicate,media-audit-7404c50b4a0a2c43
inv-01014,need-to-know-podcast,Need to Know,2025-need-to-know-episode-68,podcast_episode,68,Need to Know Episode #68 — Beyond The Sea,2025-10-20,officialMedia,0,Watch on YouTube,https://www.youtube.com/watch?v=g28EbphgcG0,https://youtube.com/watch?v=g28EbphgcG0,82d7f2fd566fa2ec6833,YouTube,episode,video,True,verified,approved,2,False,False,network_check_pending,2026-07-28T00:00:00Z,23.5C.1-1.0.0,dup-00342,authoritative,media-audit-cc910f18795fc461
inv-01015,need-to-know-podcast,Need to Know,2025-need-to-know-episode-68,podcast_episode,68,Need to Know Episode #68 — Beyond The Sea,2025-10-20,officialMedia,1,Browse Official YouTube Playlist,https://www.youtube.com/playlist?list=PLXdU8QbJkboePTgyvfpJ6X8MXWPkfxOgv,https://youtube.com/playlist?list=PLXdU8QbJkboePTgyvfpJ6X8MXWPkfxOgv,6bb08cae2d8688617e2b,YouTube,playlist,video,True,verified,approved,6,False,False,network_check_pending,2026-07-28T00:00:00Z,23.5C.1-1.0.0,dup-00341,authoritative,media-audit-d6fae0aa0b8ef25b
inv-01016,need-to-know-podcast,Need to Know,2025-need-to-know-episode-68,podcast_episode,68,Need to Know Episode #68 — Beyond The Sea,2025-10-20,mediaLinks,0,Watch Need to Know Episode #68 on YouTube,https://www.youtube.com/watch?v=g28EbphgcG0,https://youtube.com/watch?v=g28EbphgcG0,82d7f2fd566fa2ec6833,YouTube,episode,video,True,legacy_unspecified,approved,,False,False,network_check_pending,2026-07-28T00:00:00Z,23.5C.1-1.0.0,dup-00342,duplicate,media-audit-cc910f18795fc461
inv-01017,need-to-know-podcast,Need to Know,2025-need-to-know-episode-68,podcast_episode,68,Need to Know Episode #68 — Beyond The Sea,2025-10-20,mediaLinks,1,Watch the official Need to Know collection,https://www.youtube.com/playlist?list=PLXdU8QbJkboePTgyvfpJ6X8MXWPkfxOgv,https://youtube.com/playlist?list=PLXdU8QbJkboePTgyvfpJ6X8MXWPkfxOgv,6bb08cae2d8688617e2b,YouTube,playlist,video,True,legacy_unspecified,approved,,False,False,network_check_pending,2026-07-28T00:00:00Z,23.5C.1-1.0.0,dup-00341,duplicate,media-audit-d6fae0aa0b8ef25b
inv-01018,need-to-know-podcast,Need to Know,2025-need-to-know-episode-68,podcast_episode,68,Need to Know Episode #68 — Beyond The Sea,2025-10-20,referenceSources,0,Official Need to Know Episode 68 video — Beyond The Sea,https://www.youtube.com/watch?v=g28EbphgcG0,https://youtube.com/watch?v=g28EbphgcG0,82d7f2fd566fa2ec6833,YouTube,episode,video,False,legacy_unspecified,approved,,False,False,network_check_pending,2026-07-28T00:00:00Z,23.5C.1-1.0.0,dup-00342,duplicate,media-audit-cc910f18795fc461
inv-01019,need-to-know-podcast,Need to Know,2025-need-to-know-episode-68,podcast_episode,68,Need to Know Episode #68 — Beyond The Sea,2025-10-20,referenceSources,1,Need to Know official YouTube collection,https://www.youtube.com/playlist?list=PLXdU8QbJkboePTgyvfpJ6X8MXWPkfxOgv,https://youtube.com/playlist?list=PLXdU8QbJkboePTgyvfpJ6X8MXWPkfxOgv,6bb08cae2d8688617e2b,YouTube,playlist,video,False,legacy_unspecified,approved,,False,False,network_check_pending,2026-07-28T00:00:00Z,23.5C.1-1.0.0,dup-00341,duplicate,media-audit-d6fae0aa0b8ef25b
inv-01020,need-to-know-podcast,Need to Know,2025-need-to-know-episode-69,podcast_episode,69,Need to Know Episode #69 — Age of Disclosure?,2025-11-23,officialMedia,0,Watch on YouTube,https://www.youtube.com/watch?v=aQgOPR_z1Iw,https://youtube.com/watch?v=aQgOPR_z1Iw,3d703f136c9458a56ea9,YouTube,episode,video,True,verified,approved,2,False,False,network_check_pending,2026-07-28T00:00:00Z,23.5C.1-1.0.0,dup-00344,authoritative,media-audit-7e733085dcce8376
inv-01021,need-to-know-podcast,Need to Know,2025-need-to-know-episode-69,podcast_episode,69,Need to Know Episode #69 — Age of Disclosure?,2025-11-23,officialMedia,1,Browse Official YouTube Playlist,https://www.youtube.com/playlist?list=PLXdU8QbJkboePTgyvfpJ6X8MXWPkfxOgv,https://youtube.com/playlist?list=PLXdU8QbJkboePTgyvfpJ6X8MXWPkfxOgv,6bb08cae2d8688617e2b,YouTube,playlist,video,True,verified,approved,6,False,False,network_check_pending,2026-07-28T00:00:00Z,23.5C.1-1.0.0,dup-00343,authoritative,media-audit-6519e8eb4eb1628d
inv-01022,need-to-know-podcast,Need to Know,2025-need-to-know-episode-69,podcast_episode,69,Need to Know Episode #69 — Age of Disclosure?,2025-11-23,mediaLinks,0,Watch Need to Know Episode #69 on YouTube,https://www.youtube.com/watch?v=aQgOPR_z1Iw,https://youtube.com/watch?v=aQgOPR_z1Iw,3d703f136c9458a56ea9,YouTube,episode,video,True,legacy_unspecified,approved,,False,False,network_check_pending,2026-07-28T00:00:00Z,23.5C.1-1.0.0,dup-00344,duplicate,media-audit-7e733085dcce8376
inv-01023,need-to-know-podcast,Need to Know,2025-need-to-know-episode-69,podcast_episode,69,Need to Know Episode #69 — Age of Disclosure?,2025-11-23,mediaLinks,1,Watch the official Need to Know collection,https://www.youtube.com/playlist?list=PLXdU8QbJkboePTgyvfpJ6X8MXWPkfxOgv,https://youtube.com/playlist?list=PLXdU8QbJkboePTgyvfpJ6X8MXWPkfxOgv,6bb08cae2d8688617e2b,YouTube,playlist,video,True,legacy_unspecified,approved,,False,False,network_check_pending,2026-07-28T00:00:00Z,23.5C.1-1.0.0,dup-00343,duplicate,media-audit-6519e8eb4eb1628d
inv-01024,need-to-know-podcast,Need to Know,2025-need-to-know-episode-69,podcast_episode,69,Need to Know Episode #69 — Age of Disclosure?,2025-11-23,referenceSources,0,Official Need to Know Episode 69 video — Age of Disclosure?,https://www.youtube.com/watch?v=aQgOPR_z1Iw,https://youtube.com/watch?v=aQgOPR_z1Iw,3d703f136c9458a56ea9,YouTube,episode,video,False,legacy_unspecified,approved,,False,False,network_check_pending,2026-07-28T00:00:00Z,23.5C.1-1.0.0,dup-00344,duplicate,media-audit-7e733085dcce8376
inv-01025,need-to-know-podcast,Need to Know,2025-need-to-know-episode-69,podcast_episode,69,Need to Know Episode #69 — Age of Disclosure?,2025-11-23,referenceSources,1,Need to Know official YouTube collection,https://www.youtube.com/playlist?list=PLXdU8QbJkboePTgyvfpJ6X8MXWPkfxOgv,https://youtube.com/playlist?list=PLXdU8QbJkboePTgyvfpJ6X8MXWPkfxOgv,6bb08cae2d8688617e2b,YouTube,playlist,video,False,legacy_unspecified,approved,,False,False,network_check_pending,2026-07-28T00:00:00Z,23.5C.1-1.0.0,dup-00343,duplicate,media-audit-6519e8eb4eb1628d
inv-01026,weaponized-podcast,WEAPONIZED,2025-weaponized-episode-100,podcast_episode,100,WEAPONIZED Episode #100 — Creatures From Another World? The UFO–Cryptid Connection,2025-12-02,officialMedia,0,Open Official Episode Page,https://www.weaponizedpodcast.com/episodes-4/episode-100,https://weaponizedpodcast.com/episodes-4/episode-100,a5b5d2b58b0a90ee849e,Official website,episode,web_page,True,verified,approved,1,False,False,network_check_pending,2026-07-28T00:00:00Z,23.5C.1-1.0.0,dup-00346,authoritative,media-audit-a90936763d6af6cf
inv-01027,weaponized-podcast,WEAPONIZED,2025-weaponized-episode-100,podcast_episode,100,WEAPONIZED Episode #100 — Creatures From Another World? The UFO–Cryptid Connection,2025-12-02,officialMedia,1,Browse Official Podcast Archive,https://link.chtbl.com/Weaponized,https://link.chtbl.com/Weaponized,e431bef40967149e37ee,RSS,series,audio,True,verified,approved,6,False,False,network_check_pending,2026-07-28T00:00:00Z,23.5C.1-1.0.0,dup-00345,authoritative,media-audit-d034f59c8d6fb78b
inv-01028,weaponized-podcast,WEAPONIZED,2025-weaponized-episode-100,podcast_episode,100,WEAPONIZED Episode #100 — Creatures From Another World? The UFO–Cryptid Connection,2025-12-02,mediaLinks,0,Open the official Episode #100 page,https://www.weaponizedpodcast.com/episodes-4/episode-100,https://weaponizedpodcast.com/episodes-4/episode-100,a5b5d2b58b0a90ee849e,WEAPONIZED,episode,web_page,True,legacy_unspecified,approved,,False,False,network_check_pending,2026-07-28T00:00:00Z,23.5C.1-1.0.0,dup-00346,duplicate,media-audit-a90936763d6af6cf
inv-01029,weaponized-podcast,WEAPONIZED,2025-weaponized-episode-100,podcast_episode,100,WEAPONIZED Episode #100 — Creatures From Another World? The UFO–Cryptid Connection,2025-12-02,mediaLinks,1,Listen to WEAPONIZED,https://link.chtbl.com/Weaponized,https://link.chtbl.com/Weaponized,e431bef40967149e37ee,Official audio feed,series,web_page,True,legacy_unspecified,approved,,False,False,network_check_pending,2026-07-28T00:00:00Z,23.5C.1-1.0.0,dup-00345,duplicate,media-audit-d034f59c8d6fb78b
inv-01030,weaponized-podcast,WEAPONIZED,2025-weaponized-episode-100,podcast_episode,100,WEAPONIZED Episode #100 — Creatures From Another World? The UFO–Cryptid Connection,2025-12-02,referenceSources,0,Official WEAPONIZED Episode #100 page,https://www.weaponizedpodcast.com/episodes-4/episode-100,https://weaponizedpodcast.com/episodes-4/episode-100,a5b5d2b58b0a90ee849e,WEAPONIZED website,episode,web_page,False,legacy_unspecified,approved,,False,False,network_check_pending,2026-07-28T00:00:00Z,23.5C.1-1.0.0,dup-00346,duplicate,media-audit-a90936763d6af6cf
inv-01031,weaponized-podcast,WEAPONIZED,2025-weaponized-episode-100,podcast_episode,100,WEAPONIZED Episode #100 — Creatures From Another World? The UFO–Cryptid Connection,2025-12-02,referenceSources,1,Listen to WEAPONIZED,https://link.chtbl.com/Weaponized,https://link.chtbl.com/Weaponized,e431bef40967149e37ee,link.chtbl.com,series,web_page,False,legacy_unspecified,approved,,False,False,network_check_pending,2026-07-28T00:00:00Z,23.5C.1-1.0.0,dup-00345,duplicate,media-audit-d034f59c8d6fb78b
inv-01032,weaponized-podcast,WEAPONIZED,2025-weaponized-episode-101,podcast_episode,101,WEAPONIZED Episode #101 — Congressional UAP Champions on What Comes Next,2025-12-16,officialMedia,0,Open Official Episode Page,https://www.weaponizedpodcast.com/episodes-4/episode-101,https://weaponizedpodcast.com/episodes-4/episode-101,5b6570a0f66cfa752f60,Official website,episode,web_page,True,verified,approved,1,False,False,network_check_pending,2026-07-28T00:00:00Z,23.5C.1-1.0.0,dup-00348,authoritative,media-audit-2e393f8e8c0436f4
inv-01033,weaponized-podcast,WEAPONIZED,2025-weaponized-episode-101,podcast_episode,101,WEAPONIZED Episode #101 — Congressional UAP Champions on What Comes Next,2025-12-16,officialMedia,1,Browse Official Podcast Archive,https://link.chtbl.com/Weaponized,https://link.chtbl.com/Weaponized,e431bef40967149e37ee,RSS,series,audio,True,verified,approved,6,False,False,network_check_pending,2026-07-28T00:00:00Z,23.5C.1-1.0.0,dup-00347,authoritative,media-audit-52875c5168fcbd49
inv-01034,weaponized-podcast,WEAPONIZED,2025-weaponized-episode-101,podcast_episode,101,WEAPONIZED Episode #101 — Congressional UAP Champions on What Comes Next,2025-12-16,mediaLinks,0,Open the official Episode #101 page,https://www.weaponizedpodcast.com/episodes-4/episode-101,https://weaponizedpodcast.com/episodes-4/episode-101,5b6570a0f66cfa752f60,WEAPONIZED,episode,web_page,True,legacy_unspecified,approved,,False,False,network_check_pending,2026-07-28T00:00:00Z,23.5C.1-1.0.0,dup-00348,duplicate,media-audit-2e393f8e8c0436f4
inv-01035,weaponized-podcast,WEAPONIZED,2025-weaponized-episode-101,podcast_episode,101,WEAPONIZED Episode #101 — Congressional UAP Champions on What Comes Next,2025-12-16,mediaLinks,1,Listen to WEAPONIZED,https://link.chtbl.com/Weaponized,https://link.chtbl.com/Weaponized,e431bef40967149e37ee,Official audio feed,series,web_page,True,legacy_unspecified,approved,,False,False,network_check_pending,2026-07-28T00:00:00Z,23.5C.1-1.0.0,dup-00347,duplicate,media-audit-52875c5168fcbd49
inv-01036,weaponized-podcast,WEAPONIZED,2025-weaponized-episode-101,podcast_episode,101,WEAPONIZED Episode #101 — Congressional UAP Champions on What Comes Next,2025-12-16,referenceSources,0,Official WEAPONIZED Episode #101 page,https://www.weaponizedpodcast.com/episodes-4/episode-101,https://weaponizedpodcast.com/episodes-4/episode-101,5b6570a0f66cfa752f60,WEAPONIZED website,episode,web_page,False,legacy_unspecified,approved,,False,False,network_check_pending,2026-07-28T00:00:00Z,23.5C.1-1.0.0,dup-00348,duplicate,media-audit-2e393f8e8c0436f4
inv-01037,weaponized-podcast,WEAPONIZED,2025-weaponized-episode-101,podcast_episode,101,WEAPONIZED Episode #101 — Congressional UAP Champions on What Comes Next,2025-12-16,referenceSources,1,Listen to WEAPONIZED,https://link.chtbl.com/Weaponized,https://link.chtbl.com/Weaponized,e431bef40967149e37ee,link.chtbl.com,series,web_page,False,legacy_unspecified,approved,,False,False,network_check_pending,2026-07-28T00:00:00Z,23.5C.1-1.0.0,dup-00347,duplicate,media-audit-52875c5168fcbd49
inv-01038,weaponized-podcast,WEAPONIZED,2025-weaponized-episode-102,podcast_episode,102,WEAPONIZED Episode #102 — Jacques Vallée — The Bizarre Nature of UFOs,2025-12-23,officialMedia,0,Open Official Episode Page,https://www.weaponizedpodcast.com/episodes-4/episode-102,https://weaponizedpodcast.com/episodes-4/episode-102,9eed74502db2a254a0f3,Official website,episode,web_page,True,verified,approved,1,False,False,network_check_pending,2026-07-28T00:00:00Z,23.5C.1-1.0.0,dup-00350,authoritative,media-audit-b769fe27b368c545
inv-01039,weaponized-podcast,WEAPONIZED,2025-weaponized-episode-102,podcast_episode,102,WEAPONIZED Episode #102 — Jacques Vallée — The Bizarre Nature of UFOs,2025-12-23,officialMedia,1,Browse Official Podcast Archive,https://link.chtbl.com/Weaponized,https://link.chtbl.com/Weaponized,e431bef40967149e37ee,RSS,series,audio,True,verified,approved,6,False,False,network_check_pending,2026-07-28T00:00:00Z,23.5C.1-1.0.0,dup-00349,authoritative,media-audit-aadbd5e11a71914e
inv-01040,weaponized-podcast,WEAPONIZED,2025-weaponized-episode-102,podcast_episode,102,WEAPONIZED Episode #102 — Jacques Vallée — The Bizarre Nature of UFOs,2025-12-23,mediaLinks,0,Open the official Episode #102 page,https://www.weaponizedpodcast.com/episodes-4/episode-102,https://weaponizedpodcast.com/episodes-4/episode-102,9eed74502db2a254a0f3,WEAPONIZED,episode,web_page,True,legacy_unspecified,approved,,False,False,network_check_pending,2026-07-28T00:00:00Z,23.5C.1-1.0.0,dup-00350,duplicate,media-audit-b769fe27b368c545
inv-01041,weaponized-podcast,WEAPONIZED,2025-weaponized-episode-102,podcast_episode,102,WEAPONIZED Episode #102 — Jacques Vallée — The Bizarre Nature of UFOs,2025-12-23,mediaLinks,1,Listen to WEAPONIZED,https://link.chtbl.com/Weaponized,https://link.chtbl.com/Weaponized,e431bef40967149e37ee,Official audio feed,series,web_page,True,legacy_unspecified,approved,,False,False,network_check_pending,2026-07-28T00:00:00Z,23.5C.1-1.0.0,dup-00349,duplicate,media-audit-aadbd5e11a71914e
inv-01042,weaponized-podcast,WEAPONIZED,2025-weaponized-episode-102,podcast_episode,102,WEAPONIZED Episode #102 — Jacques Vallée — The Bizarre Nature of UFOs,2025-12-23,referenceSources,0,Official WEAPONIZED Episode #102 page,https://www.weaponizedpodcast.com/episodes-4/episode-102,https://weaponizedpodcast.com/episodes-4/episode-102,9eed74502db2a254a0f3,WEAPONIZED website,episode,web_page,False,legacy_unspecified,approved,,False,False,network_check_pending,2026-07-28T00:00:00Z,23.5C.1-1.0.0,dup-00350,duplicate,media-audit-b769fe27b368c545
inv-01043,weaponized-podcast,WEAPONIZED,2025-weaponized-episode-102,podcast_episode,102,WEAPONIZED Episode #102 — Jacques Vallée — The Bizarre Nature of UFOs,2025-12-23,referenceSources,1,Listen to WEAPONIZED,https://link.chtbl.com/Weaponized,https://link.chtbl.com/Weaponized,e431bef40967149e37ee,link.chtbl.com,series,web_page,False,legacy_unspecified,approved,,False,False,network_check_pending,2026-07-28T00:00:00Z,23.5C.1-1.0.0,dup-00349,duplicate,media-audit-aadbd5e11a71914e
inv-01044,weaponized-podcast,WEAPONIZED,2025-weaponized-episode-65,podcast_episode,65,WEAPONIZED Episode #65 — UFO Revolution Premiere Q&A,2025-01-26,officialMedia,0,Open Official Episode Page,https://www.weaponizedpodcast.com/episodes-3/episode-65,https://weaponizedpodcast.com/episodes-3/episode-65,34750593186757cf6729,Official website,episode,web_page,True,verified,approved,1,False,False,network_check_pending,2026-07-28T00:00:00Z,23.5C.1-1.0.0,dup-00352,authoritative,media-audit-cd3355d50a5eae40
inv-01045,weaponized-podcast,WEAPONIZED,2025-weaponized-episode-65,podcast_episode,65,WEAPONIZED Episode #65 — UFO Revolution Premiere Q&A,2025-01-26,officialMedia,1,Browse Official Podcast Archive,https://link.chtbl.com/Weaponized,https://link.chtbl.com/Weaponized,e431bef40967149e37ee,RSS,series,audio,True,verified,approved,6,False,False,network_check_pending,2026-07-28T00:00:00Z,23.5C.1-1.0.0,dup-00351,authoritative,media-audit-995bb13b77e37cc5
inv-01046,weaponized-podcast,WEAPONIZED,2025-weaponized-episode-65,podcast_episode,65,WEAPONIZED Episode #65 — UFO Revolution Premiere Q&A,2025-01-26,mediaLinks,0,Open the official Episode #65 page,https://www.weaponizedpodcast.com/episodes-3/episode-65,https://weaponizedpodcast.com/episodes-3/episode-65,34750593186757cf6729,WEAPONIZED,episode,web_page,True,legacy_unspecified,approved,,False,False,network_check_pending,2026-07-28T00:00:00Z,23.5C.1-1.0.0,dup-00352,duplicate,media-audit-cd3355d50a5eae40
inv-01047,weaponized-podcast,WEAPONIZED,2025-weaponized-episode-65,podcast_episode,65,WEAPONIZED Episode #65 — UFO Revolution Premiere Q&A,2025-01-26,mediaLinks,1,Listen to WEAPONIZED,https://link.chtbl.com/Weaponized,https://link.chtbl.com/Weaponized,e431bef40967149e37ee,Official audio feed,series,web_page,True,legacy_unspecified,approved,,False,False,network_check_pending,2026-07-28T00:00:00Z,23.5C.1-1.0.0,dup-00351,duplicate,media-audit-995bb13b77e37cc5
inv-01048,weaponized-podcast,WEAPONIZED,2025-weaponized-episode-65,podcast_episode,65,WEAPONIZED Episode #65 — UFO Revolution Premiere Q&A,2025-01-26,referenceSources,0,Official WEAPONIZED Episode #65 page,https://www.weaponizedpodcast.com/episodes-3/episode-65,https://weaponizedpodcast.com/episodes-3/episode-65,34750593186757cf6729,WEAPONIZED website,episode,web_page,False,legacy_unspecified,approved,,False,False,network_check_pending,2026-07-28T00:00:00Z,23.5C.1-1.0.0,dup-00352,duplicate,media-audit-cd3355d50a5eae40
inv-01049,weaponized-podcast,WEAPONIZED,2025-weaponized-episode-65,podcast_episode,65,WEAPONIZED Episode #65 — UFO Revolution Premiere Q&A,2025-01-26,referenceSources,1,Listen to WEAPONIZED,https://link.chtbl.com/Weaponized,https://link.chtbl.com/Weaponized,e431bef40967149e37ee,link.chtbl.com,series,web_page,False,legacy_unspecified,approved,,False,False,network_check_pending,2026-07-28T00:00:00Z,23.5C.1-1.0.0,dup-00351,duplicate,media-audit-995bb13b77e37cc5
inv-01050,weaponized-podcast,WEAPONIZED,2025-weaponized-episode-66,podcast_episode,66,"WEAPONIZED Episode #66 — Mike Gold on NASA, UAP, and Space Research",2025-02-11,officialMedia,0,Open Official Episode Page,https://www.weaponizedpodcast.com/episodes-3/episode-66,https://weaponizedpodcast.com/episodes-3/episode-66,f539009d933c96464859,Official website,episode,web_page,True,verified,approved,1,False,False,network_check_pending,2026-07-28T00:00:00Z,23.5C.1-1.0.0,dup-00354,authoritative,media-audit-3582e80cfe065067
inv-01051,weaponized-podcast,WEAPONIZED,2025-weaponized-episode-66,podcast_episode,66,"WEAPONIZED Episode #66 — Mike Gold on NASA, UAP, and Space Research",2025-02-11,officialMedia,1,Browse Official Podcast Archive,https://link.chtbl.com/Weaponized,https://link.chtbl.com/Weaponized,e431bef40967149e37ee,RSS,series,audio,True,verified,approved,6,False,False,network_check_pending,2026-07-28T00:00:00Z,23.5C.1-1.0.0,dup-00353,authoritative,media-audit-d74010d82d7ff135
inv-01052,weaponized-podcast,WEAPONIZED,2025-weaponized-episode-66,podcast_episode,66,"WEAPONIZED Episode #66 — Mike Gold on NASA, UAP, and Space Research",2025-02-11,mediaLinks,0,Open the official Episode #66 page,https://www.weaponizedpodcast.com/episodes-3/episode-66,https://weaponizedpodcast.com/episodes-3/episode-66,f539009d933c96464859,WEAPONIZED,episode,web_page,True,legacy_unspecified,approved,,False,False,network_check_pending,2026-07-28T00:00:00Z,23.5C.1-1.0.0,dup-00354,duplicate,media-audit-3582e80cfe065067
inv-01053,weaponized-podcast,WEAPONIZED,2025-weaponized-episode-66,podcast_episode,66,"WEAPONIZED Episode #66 — Mike Gold on NASA, UAP, and Space Research",2025-02-11,mediaLinks,1,Listen to WEAPONIZED,https://link.chtbl.com/Weaponized,https://link.chtbl.com/Weaponized,e431bef40967149e37ee,Official audio feed,series,web_page,True,legacy_unspecified,approved,,False,False,network_check_pending,2026-07-28T00:00:00Z,23.5C.1-1.0.0,dup-00353,duplicate,media-audit-d74010d82d7ff135
inv-01054,weaponized-podcast,WEAPONIZED,2025-weaponized-episode-66,podcast_episode,66,"WEAPONIZED Episode #66 — Mike Gold on NASA, UAP, and Space Research",2025-02-11,referenceSources,0,Official WEAPONIZED Episode #66 page,https://www.weaponizedpodcast.com/episodes-3/episode-66,https://weaponizedpodcast.com/episodes-3/episode-66,f539009d933c96464859,WEAPONIZED website,episode,web_page,False,legacy_unspecified,approved,,False,False,network_check_pending,2026-07-28T00:00:00Z,23.5C.1-1.0.0,dup-00354,duplicate,media-audit-3582e80cfe065067
inv-01055,weaponized-podcast,WEAPONIZED,2025-weaponized-episode-66,podcast_episode,66,"WEAPONIZED Episode #66 — Mike Gold on NASA, UAP, and Space Research",2025-02-11,referenceSources,1,Listen to WEAPONIZED,https://link.chtbl.com/Weaponized,https://link.chtbl.com/Weaponized,e431bef40967149e37ee,link.chtbl.com,series,web_page,False,legacy_unspecified,approved,,False,False,network_check_pending,2026-07-28T00:00:00Z,23.5C.1-1.0.0,dup-00353,duplicate,media-audit-d74010d82d7ff135
inv-01056,weaponized-podcast,WEAPONIZED,2025-weaponized-episode-67,podcast_episode,67,WEAPONIZED Episode #67 — Richard Dolan’s History of USOs,2025-02-25,officialMedia,0,Open Official Episode Page,https://www.weaponizedpodcast.com/episodes-3/episode-67,https://weaponizedpodcast.com/episodes-3/episode-67,7a0c244d1eaa05b04995,Official website,episode,web_page,True,verified,approved,1,False,False,network_check_pending,2026-07-28T00:00:00Z,23.5C.1-1.0.0,dup-00356,authoritative,media-audit-ae6b723cb914e5ae
inv-01057,weaponized-podcast,WEAPONIZED,2025-weaponized-episode-67,podcast_episode,67,WEAPONIZED Episode #67 — Richard Dolan’s History of USOs,2025-02-25,officialMedia,1,Browse Official Podcast Archive,https://link.chtbl.com/Weaponized,https://link.chtbl.com/Weaponized,e431bef40967149e37ee,RSS,series,audio,True,verified,approved,6,False,False,network_check_pending,2026-07-28T00:00:00Z,23.5C.1-1.0.0,dup-00355,authoritative,media-audit-058bc5a60ae03420
inv-01058,weaponized-podcast,WEAPONIZED,2025-weaponized-episode-67,podcast_episode,67,WEAPONIZED Episode #67 — Richard Dolan’s History of USOs,2025-02-25,mediaLinks,0,Open the official Episode #67 page,https://www.weaponizedpodcast.com/episodes-3/episode-67,https://weaponizedpodcast.com/episodes-3/episode-67,7a0c244d1eaa05b04995,WEAPONIZED,episode,web_page,True,legacy_unspecified,approved,,False,False,network_check_pending,2026-07-28T00:00:00Z,23.5C.1-1.0.0,dup-00356,duplicate,media-audit-ae6b723cb914e5ae
inv-01059,weaponized-podcast,WEAPONIZED,2025-weaponized-episode-67,podcast_episode,67,WEAPONIZED Episode #67 — Richard Dolan’s History of USOs,2025-02-25,mediaLinks,1,Listen to WEAPONIZED,https://link.chtbl.com/Weaponized,https://link.chtbl.com/Weaponized,e431bef40967149e37ee,Official audio feed,series,web_page,True,legacy_unspecified,approved,,False,False,network_check_pending,2026-07-28T00:00:00Z,23.5C.1-1.0.0,dup-00355,duplicate,media-audit-058bc5a60ae03420
inv-01060,weaponized-podcast,WEAPONIZED,2025-weaponized-episode-67,podcast_episode,67,WEAPONIZED Episode #67 — Richard Dolan’s History of USOs,2025-02-25,referenceSources,0,Official WEAPONIZED Episode #67 page,https://www.weaponizedpodcast.com/episodes-3/episode-67,https://weaponizedpodcast.com/episodes-3/episode-67,7a0c244d1eaa05b04995,WEAPONIZED website,episode,web_page,False,legacy_unspecified,approved,,False,False,network_check_pending,2026-07-28T00:00:00Z,23.5C.1-1.0.0,dup-00356,duplicate,media-audit-ae6b723cb914e5ae
inv-01061,weaponized-podcast,WEAPONIZED,2025-weaponized-episode-67,podcast_episode,67,WEAPONIZED Episode #67 — Richard Dolan’s History of USOs,2025-02-25,referenceSources,1,Listen to WEAPONIZED,https://link.chtbl.com/Weaponized,https://link.chtbl.com/Weaponized,e431bef40967149e37ee,link.chtbl.com,series,web_page,False,legacy_unspecified,approved,,False,False,network_check_pending,2026-07-28T00:00:00Z,23.5C.1-1.0.0,dup-00355,duplicate,media-audit-058bc5a60ae03420
inv-01062,weaponized-podcast,WEAPONIZED,2025-weaponized-episode-68,podcast_episode,68,WEAPONIZED Episode #68 — Ralph Blumenthal and the 2017 New York Times UFO Story,2025-03-11,officialMedia,0,Open Official Episode Page,https://www.weaponizedpodcast.com/episodes-3/episode-68,https://weaponizedpodcast.com/episodes-3/episode-68,9e6e4d64f19f01d27b48,Official website,episode,web_page,True,verified,approved,1,False,False,network_check_pending,2026-07-28T00:00:00Z,23.5C.1-1.0.0,dup-00358,authoritative,media-audit-1cd1a222d8f5f1ff
inv-01063,weaponized-podcast,WEAPONIZED,2025-weaponized-episode-68,podcast_episode,68,WEAPONIZED Episode #68 — Ralph Blumenthal and the 2017 New York Times UFO Story,2025-03-11,officialMedia,1,Browse Official Podcast Archive,https://link.chtbl.com/Weaponized,https://link.chtbl.com/Weaponized,e431bef40967149e37ee,RSS,series,audio,True,verified,approved,6,False,False,network_check_pending,2026-07-28T00:00:00Z,23.5C.1-1.0.0,dup-00357,authoritative,media-audit-cd22fab702b3f71e
inv-01064,weaponized-podcast,WEAPONIZED,2025-weaponized-episode-68,podcast_episode,68,WEAPONIZED Episode #68 — Ralph Blumenthal and the 2017 New York Times UFO Story,2025-03-11,mediaLinks,0,Open the official Episode #68 page,https://www.weaponizedpodcast.com/episodes-3/episode-68,https://weaponizedpodcast.com/episodes-3/episode-68,9e6e4d64f19f01d27b48,WEAPONIZED,episode,web_page,True,legacy_unspecified,approved,,False,False,network_check_pending,2026-07-28T00:00:00Z,23.5C.1-1.0.0,dup-00358,duplicate,media-audit-1cd1a222d8f5f1ff
inv-01065,weaponized-podcast,WEAPONIZED,2025-weaponized-episode-68,podcast_episode,68,WEAPONIZED Episode #68 — Ralph Blumenthal and the 2017 New York Times UFO Story,2025-03-11,mediaLinks,1,Listen to WEAPONIZED,https://link.chtbl.com/Weaponized,https://link.chtbl.com/Weaponized,e431bef40967149e37ee,Official audio feed,series,web_page,True,legacy_unspecified,approved,,False,False,network_check_pending,2026-07-28T00:00:00Z,23.5C.1-1.0.0,dup-00357,duplicate,media-audit-cd22fab702b3f71e
inv-01066,weaponized-podcast,WEAPONIZED,2025-weaponized-episode-68,podcast_episode,68,WEAPONIZED Episode #68 — Ralph Blumenthal and the 2017 New York Times UFO Story,2025-03-11,referenceSources,0,Official WEAPONIZED Episode #68 page,https://www.weaponizedpodcast.com/episodes-3/episode-68,https://weaponizedpodcast.com/episodes-3/episode-68,9e6e4d64f19f01d27b48,WEAPONIZED website,episode,web_page,False,legacy_unspecified,approved,,False,False,network_check_pending,2026-07-28T00:00:00Z,23.5C.1-1.0.0,dup-00358,duplicate,media-audit-1cd1a222d8f5f1ff
inv-01067,weaponized-podcast,WEAPONIZED,2025-weaponized-episode-68,podcast_episode,68,WEAPONIZED Episode #68 — Ralph Blumenthal and the 2017 New York Times UFO Story,2025-03-11,referenceSources,1,Listen to WEAPONIZED,https://link.chtbl.com/Weaponized,https://link.chtbl.com/Weaponized,e431bef40967149e37ee,link.chtbl.com,series,web_page,False,legacy_unspecified,approved,,False,False,network_check_pending,2026-07-28T00:00:00Z,23.5C.1-1.0.0,dup-00357,duplicate,media-audit-cd22fab702b3f71e
inv-01068,weaponized-podcast,WEAPONIZED,2025-weaponized-episode-69,podcast_episode,69,"WEAPONIZED Episode #69 — John Mack, Ariel School, and Reporting the Unreportable",2025-03-18,officialMedia,0,Open Official Episode Page,https://www.weaponizedpodcast.com/episodes-3/episode-69,https://weaponizedpodcast.com/episodes-3/episode-69,1e840e45a0f727560d8c,Official website,episode,web_page,True,verified,approved,1,False,False,network_check_pending,2026-07-28T00:00:00Z,23.5C.1-1.0.0,dup-00360,authoritative,media-audit-dae5c0edf9dc031a
inv-01069,weaponized-podcast,WEAPONIZED,2025-weaponized-episode-69,podcast_episode,69,"WEAPONIZED Episode #69 — John Mack, Ariel School, and Reporting the Unreportable",2025-03-18,officialMedia,1,Browse Official Podcast Archive,https://link.chtbl.com/Weaponized,https://link.chtbl.com/Weaponized,e431bef40967149e37ee,RSS,series,audio,True,verified,approved,6,False,False,network_check_pending,2026-07-28T00:00:00Z,23.5C.1-1.0.0,dup-00359,authoritative,media-audit-fa6be403d7f926f0
inv-01070,weaponized-podcast,WEAPONIZED,2025-weaponized-episode-69,podcast_episode,69,"WEAPONIZED Episode #69 — John Mack, Ariel School, and Reporting the Unreportable",2025-03-18,mediaLinks,0,Open the official Episode #69 page,https://www.weaponizedpodcast.com/episodes-3/episode-69,https://weaponizedpodcast.com/episodes-3/episode-69,1e840e45a0f727560d8c,WEAPONIZED,episode,web_page,True,legacy_unspecified,approved,,False,False,network_check_pending,2026-07-28T00:00:00Z,23.5C.1-1.0.0,dup-00360,duplicate,media-audit-dae5c0edf9dc031a
inv-01071,weaponized-podcast,WEAPONIZED,2025-weaponized-episode-69,podcast_episode,69,"WEAPONIZED Episode #69 — John Mack, Ariel School, and Reporting the Unreportable",2025-03-18,mediaLinks,1,Listen to WEAPONIZED,https://link.chtbl.com/Weaponized,https://link.chtbl.com/Weaponized,e431bef40967149e37ee,Official audio feed,series,web_page,True,legacy_unspecified,approved,,False,False,network_check_pending,2026-07-28T00:00:00Z,23.5C.1-1.0.0,dup-00359,duplicate,media-audit-fa6be403d7f926f0
inv-01072,weaponized-podcast,WEAPONIZED,2025-weaponized-episode-69,podcast_episode,69,"WEAPONIZED Episode #69 — John Mack, Ariel School, and Reporting the Unreportable",2025-03-18,referenceSources,0,Official WEAPONIZED Episode #69 page,https://www.weaponizedpodcast.com/episodes-3/episode-69,https://weaponizedpodcast.com/episodes-3/episode-69,1e840e45a0f727560d8c,WEAPONIZED website,episode,web_page,False,legacy_unspecified,approved,,False,False,network_check_pending,2026-07-28T00:00:00Z,23.5C.1-1.0.0,dup-00360,duplicate,media-audit-dae5c0edf9dc031a
inv-01073,weaponized-podcast,WEAPONIZED,2025-weaponized-episode-69,podcast_episode,69,"WEAPONIZED Episode #69 — John Mack, Ariel School, and Reporting the Unreportable",2025-03-18,referenceSources,1,Listen to WEAPONIZED,https://link.chtbl.com/Weaponized,https://link.chtbl.com/Weaponized,e431bef40967149e37ee,link.chtbl.com,series,web_page,False,legacy_unspecified,approved,,False,False,network_check_pending,2026-07-28T00:00:00Z,23.5C.1-1.0.0,dup-00359,duplicate,media-audit-fa6be403d7f926f0
inv-01074,weaponized-podcast,WEAPONIZED,2025-weaponized-episode-70,podcast_episode,70,WEAPONIZED Episode #70 — The Age of Disclosure and Media Coverage of UAP,2025-03-25,officialMedia,0,Open Official Episode Page,https://www.weaponizedpodcast.com/episodes-3/episode-70,https://weaponizedpodcast.com/episodes-3/episode-70,7ffdb1b3ee895582b108,Official website,episode,web_page,True,verified,approved,1,False,False,network_check_pending,2026-07-28T00:00:00Z,23.5C.1-1.0.0,dup-00362,authoritative,media-audit-f367385150877c06
inv-01075,weaponized-podcast,WEAPONIZED,2025-weaponized-episode-70,podcast_episode,70,WEAPONIZED Episode #70 — The Age of Disclosure and Media Coverage of UAP,2025-03-25,officialMedia,1,Browse Official Podcast Archive,https://link.chtbl.com/Weaponized,https://link.chtbl.com/Weaponized,e431bef40967149e37ee,RSS,series,audio,True,verified,approved,6,False,False,network_check_pending,2026-07-28T00:00:00Z,23.5C.1-1.0.0,dup-00361,authoritative,media-audit-2efa00ac7b8f6a4b
inv-01076,weaponized-podcast,WEAPONIZED,2025-weaponized-episode-70,podcast_episode,70,WEAPONIZED Episode #70 — The Age of Disclosure and Media Coverage of UAP,2025-03-25,mediaLinks,0,Open the official Episode #70 page,https://www.weaponizedpodcast.com/episodes-3/episode-70,https://weaponizedpodcast.com/episodes-3/episode-70,7ffdb1b3ee895582b108,WEAPONIZED,episode,web_page,True,legacy_unspecified,approved,,False,False,network_check_pending,2026-07-28T00:00:00Z,23.5C.1-1.0.0,dup-00362,duplicate,media-audit-f367385150877c06
inv-01077,weaponized-podcast,WEAPONIZED,2025-weaponized-episode-70,podcast_episode,70,WEAPONIZED Episode #70 — The Age of Disclosure and Media Coverage of UAP,2025-03-25,mediaLinks,1,Listen to WEAPONIZED,https://link.chtbl.com/Weaponized,https://link.chtbl.com/Weaponized,e431bef40967149e37ee,Official audio feed,series,web_page,True,legacy_unspecified,approved,,False,False,network_check_pending,2026-07-28T00:00:00Z,23.5C.1-1.0.0,dup-00361,duplicate,media-audit-2efa00ac7b8f6a4b
inv-01078,weaponized-podcast,WEAPONIZED,2025-weaponized-episode-70,podcast_episode,70,WEAPONIZED Episode #70 — The Age of Disclosure and Media Coverage of UAP,2025-03-25,referenceSources,0,Official WEAPONIZED Episode #70 page,https://www.weaponizedpodcast.com/episodes-3/episode-70,https://weaponizedpodcast.com/episodes-3/episode-70,7ffdb1b3ee895582b108,WEAPONIZED website,episode,web_page,False,legacy_unspecified,approved,,False,False,network_check_pending,2026-07-28T00:00:00Z,23.5C.1-1.0.0,dup-00362,duplicate,media-audit-f367385150877c06
inv-01079,weaponized-podcast,WEAPONIZED,2025-weaponized-episode-70,podcast_episode,70,WEAPONIZED Episode #70 — The Age of Disclosure and Media Coverage of UAP,2025-03-25,referenceSources,1,Listen to WEAPONIZED,https://link.chtbl.com/Weaponized,https://link.chtbl.com/Weaponized,e431bef40967149e37ee,link.chtbl.com,series,web_page,False,legacy_unspecified,approved,,False,False,network_check_pending,2026-07-28T00:00:00Z,23.5C.1-1.0.0,dup-00361,duplicate,media-audit-2efa00ac7b8f6a4b
inv-01080,weaponized-podcast,WEAPONIZED,2025-weaponized-episode-71,podcast_episode,71,WEAPONIZED Episode #71 — The Vandenberg Red Square UAP,2025-04-01,officialMedia,0,Open Official Episode Page,https://www.weaponizedpodcast.com/episodes-3/episode-71,https://weaponizedpodcast.com/episodes-3/episode-71,b9689e82dc5dac7e9f95,Official website,episode,web_page,True,verified,approved,1,False,False,network_check_pending,2026-07-28T00:00:00Z,23.5C.1-1.0.0,dup-00364,authoritative,media-audit-3167820fb70e64a3
inv-01081,weaponized-podcast,WEAPONIZED,2025-weaponized-episode-71,podcast_episode,71,WEAPONIZED Episode #71 — The Vandenberg Red Square UAP,2025-04-01,officialMedia,1,Browse Official Podcast Archive,https://link.chtbl.com/Weaponized,https://link.chtbl.com/Weaponized,e431bef40967149e37ee,RSS,series,audio,True,verified,approved,6,False,False,network_check_pending,2026-07-28T00:00:00Z,23.5C.1-1.0.0,dup-00363,authoritative,media-audit-9ed5f9b41459f125
inv-01082,weaponized-podcast,WEAPONIZED,2025-weaponized-episode-71,podcast_episode,71,WEAPONIZED Episode #71 — The Vandenberg Red Square UAP,2025-04-01,mediaLinks,0,Open the official Episode #71 page,https://www.weaponizedpodcast.com/episodes-3/episode-71,https://weaponizedpodcast.com/episodes-3/episode-71,b9689e82dc5dac7e9f95,WEAPONIZED,episode,web_page,True,legacy_unspecified,approved,,False,False,network_check_pending,2026-07-28T00:00:00Z,23.5C.1-1.0.0,dup-00364,duplicate,media-audit-3167820fb70e64a3
inv-01083,weaponized-podcast,WEAPONIZED,2025-weaponized-episode-71,podcast_episode,71,WEAPONIZED Episode #71 — The Vandenberg Red Square UAP,2025-04-01,mediaLinks,1,Listen to WEAPONIZED,https://link.chtbl.com/Weaponized,https://link.chtbl.com/Weaponized,e431bef40967149e37ee,Official audio feed,series,web_page,True,legacy_unspecified,approved,,False,False,network_check_pending,2026-07-28T00:00:00Z,23.5C.1-1.0.0,dup-00363,duplicate,media-audit-9ed5f9b41459f125
inv-01084,weaponized-podcast,WEAPONIZED,2025-weaponized-episode-71,podcast_episode,71,WEAPONIZED Episode #71 — The Vandenberg Red Square UAP,2025-04-01,referenceSources,0,Official WEAPONIZED Episode #71 page,https://www.weaponizedpodcast.com/episodes-3/episode-71,https://weaponizedpodcast.com/episodes-3/episode-71,b9689e82dc5dac7e9f95,WEAPONIZED website,episode,web_page,False,legacy_unspecified,approved,,False,False,network_check_pending,2026-07-28T00:00:00Z,23.5C.1-1.0.0,dup-00364,duplicate,media-audit-3167820fb70e64a3
inv-01085,weaponized-podcast,WEAPONIZED,2025-weaponized-episode-71,podcast_episode,71,WEAPONIZED Episode #71 — The Vandenberg Red Square UAP,2025-04-01,referenceSources,1,Listen to WEAPONIZED,https://link.chtbl.com/Weaponized,https://link.chtbl.com/Weaponized,e431bef40967149e37ee,link.chtbl.com,series,web_page,False,legacy_unspecified,approved,,False,False,network_check_pending,2026-07-28T00:00:00Z,23.5C.1-1.0.0,dup-00363,duplicate,media-audit-9ed5f9b41459f125
inv-01086,weaponized-podcast,WEAPONIZED,2025-weaponized-episode-72,podcast_episode,72,WEAPONIZED Episode #72 — The USS Jackson Tic Tac Video,2025-04-08,officialMedia,0,Open Official Episode Page,https://www.weaponizedpodcast.com/episodes-3/episode-72,https://weaponizedpodcast.com/episodes-3/episode-72,9bc2ca4930306446706b,Official website,episode,web_page,True,verified,approved,1,False,False,network_check_pending,2026-07-28T00:00:00Z,23.5C.1-1.0.0,dup-00366,authoritative,media-audit-e805355c305c31cd
inv-01087,weaponized-podcast,WEAPONIZED,2025-weaponized-episode-72,podcast_episode,72,WEAPONIZED Episode #72 — The USS Jackson Tic Tac Video,2025-04-08,officialMedia,1,Browse Official Podcast Archive,https://link.chtbl.com/Weaponized,https://link.chtbl.com/Weaponized,e431bef40967149e37ee,RSS,series,audio,True,verified,approved,6,False,False,network_check_pending,2026-07-28T00:00:00Z,23.5C.1-1.0.0,dup-00365,authoritative,media-audit-7e2e3e731fbba1c1
inv-01088,weaponized-podcast,WEAPONIZED,2025-weaponized-episode-72,podcast_episode,72,WEAPONIZED Episode #72 — The USS Jackson Tic Tac Video,2025-04-08,mediaLinks,0,Open the official Episode #72 page,https://www.weaponizedpodcast.com/episodes-3/episode-72,https://weaponizedpodcast.com/episodes-3/episode-72,9bc2ca4930306446706b,WEAPONIZED,episode,web_page,True,legacy_unspecified,approved,,False,False,network_check_pending,2026-07-28T00:00:00Z,23.5C.1-1.0.0,dup-00366,duplicate,media-audit-e805355c305c31cd
inv-01089,weaponized-podcast,WEAPONIZED,2025-weaponized-episode-72,podcast_episode,72,WEAPONIZED Episode #72 — The USS Jackson Tic Tac Video,2025-04-08,mediaLinks,1,Listen to WEAPONIZED,https://link.chtbl.com/Weaponized,https://link.chtbl.com/Weaponized,e431bef40967149e37ee,Official audio feed,series,web_page,True,legacy_unspecified,approved,,False,False,network_check_pending,2026-07-28T00:00:00Z,23.5C.1-1.0.0,dup-00365,duplicate,media-audit-7e2e3e731fbba1c1
inv-01090,weaponized-podcast,WEAPONIZED,2025-weaponized-episode-72,podcast_episode,72,WEAPONIZED Episode #72 — The USS Jackson Tic Tac Video,2025-04-08,referenceSources,0,Official WEAPONIZED Episode #72 page,https://www.weaponizedpodcast.com/episodes-3/episode-72,https://weaponizedpodcast.com/episodes-3/episode-72,9bc2ca4930306446706b,WEAPONIZED website,episode,web_page,False,legacy_unspecified,approved,,False,False,network_check_pending,2026-07-28T00:00:00Z,23.5C.1-1.0.0,dup-00366,duplicate,media-audit-e805355c305c31cd
inv-01091,weaponized-podcast,WEAPONIZED,2025-weaponized-episode-72,podcast_episode,72,WEAPONIZED Episode #72 — The USS Jackson Tic Tac Video,2025-04-08,referenceSources,1,Listen to WEAPONIZED,https://link.chtbl.com/Weaponized,https://link.chtbl.com/Weaponized,e431bef40967149e37ee,link.chtbl.com,series,web_page,False,legacy_unspecified,approved,,False,False,network_check_pending,2026-07-28T00:00:00Z,23.5C.1-1.0.0,dup-00365,duplicate,media-audit-7e2e3e731fbba1c1
inv-01092,weaponized-podcast,WEAPONIZED,2025-weaponized-episode-73,podcast_episode,73,WEAPONIZED Episode #73 — USS Jackson Eyewitness Alex Wiggins,2025-04-15,officialMedia,0,Open Official Episode Page,https://www.weaponizedpodcast.com/episodes-3/episode-73,https://weaponizedpodcast.com/episodes-3/episode-73,060a4383b571ba0ab3a0,Official website,episode,web_page,True,verified,approved,1,False,False,network_check_pending,2026-07-28T00:00:00Z,23.5C.1-1.0.0,dup-00368,authoritative,media-audit-7f9831067615d10c
inv-01093,weaponized-podcast,WEAPONIZED,2025-weaponized-episode-73,podcast_episode,73,WEAPONIZED Episode #73 — USS Jackson Eyewitness Alex Wiggins,2025-04-15,officialMedia,1,Browse Official Podcast Archive,https://link.chtbl.com/Weaponized,https://link.chtbl.com/Weaponized,e431bef40967149e37ee,RSS,series,audio,True,verified,approved,6,False,False,network_check_pending,2026-07-28T00:00:00Z,23.5C.1-1.0.0,dup-00367,authoritative,media-audit-feabccabfbbb0bae
inv-01094,weaponized-podcast,WEAPONIZED,2025-weaponized-episode-73,podcast_episode,73,WEAPONIZED Episode #73 — USS Jackson Eyewitness Alex Wiggins,2025-04-15,mediaLinks,0,Open the official Episode #73 page,https://www.weaponizedpodcast.com/episodes-3/episode-73,https://weaponizedpodcast.com/episodes-3/episode-73,060a4383b571ba0ab3a0,WEAPONIZED,episode,web_page,True,legacy_unspecified,approved,,False,False,network_check_pending,2026-07-28T00:00:00Z,23.5C.1-1.0.0,dup-00368,duplicate,media-audit-7f9831067615d10c
inv-01095,weaponized-podcast,WEAPONIZED,2025-weaponized-episode-73,podcast_episode,73,WEAPONIZED Episode #73 — USS Jackson Eyewitness Alex Wiggins,2025-04-15,mediaLinks,1,Listen to WEAPONIZED,https://link.chtbl.com/Weaponized,https://link.chtbl.com/Weaponized,e431bef40967149e37ee,Official audio feed,series,web_page,True,legacy_unspecified,approved,,False,False,network_check_pending,2026-07-28T00:00:00Z,23.5C.1-1.0.0,dup-00367,duplicate,media-audit-feabccabfbbb0bae
inv-01096,weaponized-podcast,WEAPONIZED,2025-weaponized-episode-73,podcast_episode,73,WEAPONIZED Episode #73 — USS Jackson Eyewitness Alex Wiggins,2025-04-15,referenceSources,0,Official WEAPONIZED Episode #73 page,https://www.weaponizedpodcast.com/episodes-3/episode-73,https://weaponizedpodcast.com/episodes-3/episode-73,060a4383b571ba0ab3a0,WEAPONIZED website,episode,web_page,False,legacy_unspecified,approved,,False,False,network_check_pending,2026-07-28T00:00:00Z,23.5C.1-1.0.0,dup-00368,duplicate,media-audit-7f9831067615d10c
inv-01097,weaponized-podcast,WEAPONIZED,2025-weaponized-episode-73,podcast_episode,73,WEAPONIZED Episode #73 — USS Jackson Eyewitness Alex Wiggins,2025-04-15,referenceSources,1,Listen to WEAPONIZED,https://link.chtbl.com/Weaponized,https://link.chtbl.com/Weaponized,e431bef40967149e37ee,link.chtbl.com,series,web_page,False,legacy_unspecified,approved,,False,False,network_check_pending,2026-07-28T00:00:00Z,23.5C.1-1.0.0,dup-00367,duplicate,media-audit-feabccabfbbb0bae
inv-01098,weaponized-podcast,WEAPONIZED,2025-weaponized-episode-74,podcast_episode,74,WEAPONIZED Episode #74 — Matthew Brown and Immaculate Constellation — Part 1,2025-04-29,officialMedia,0,Open Official Episode Page,https://www.weaponizedpodcast.com/episodes-3/episode-74,https://weaponizedpodcast.com/episodes-3/episode-74,7118c8ab69fa54d67097,Official website,episode,web_page,True,verified,approved,1,False,False,network_check_pending,2026-07-28T00:00:00Z,23.5C.1-1.0.0,dup-00370,authoritative,media-audit-65acdce5a8697cb8
inv-01099,weaponized-podcast,WEAPONIZED,2025-weaponized-episode-74,podcast_episode,74,WEAPONIZED Episode #74 — Matthew Brown and Immaculate Constellation — Part 1,2025-04-29,officialMedia,1,Browse Official Podcast Archive,https://link.chtbl.com/Weaponized,https://link.chtbl.com/Weaponized,e431bef40967149e37ee,RSS,series,audio,True,verified,approved,6,False,False,network_check_pending,2026-07-28T00:00:00Z,23.5C.1-1.0.0,dup-00369,authoritative,media-audit-3db90a0ff160cccf
inv-01100,weaponized-podcast,WEAPONIZED,2025-weaponized-episode-74,podcast_episode,74,WEAPONIZED Episode #74 — Matthew Brown and Immaculate Constellation — Part 1,2025-04-29,mediaLinks,0,Open the official Episode #74 page,https://www.weaponizedpodcast.com/episodes-3/episode-74,https://weaponizedpodcast.com/episodes-3/episode-74,7118c8ab69fa54d67097,WEAPONIZED,episode,web_page,True,legacy_unspecified,approved,,False,False,network_check_pending,2026-07-28T00:00:00Z,23.5C.1-1.0.0,dup-00370,duplicate,media-audit-65acdce5a8697cb8
inv-01101,weaponized-podcast,WEAPONIZED,2025-weaponized-episode-74,podcast_episode,74,WEAPONIZED Episode #74 — Matthew Brown and Immaculate Constellation — Part 1,2025-04-29,mediaLinks,1,Listen to WEAPONIZED,https://link.chtbl.com/Weaponized,https://link.chtbl.com/Weaponized,e431bef40967149e37ee,Official audio feed,series,web_page,True,legacy_unspecified,approved,,False,False,network_check_pending,2026-07-28T00:00:00Z,23.5C.1-1.0.0,dup-00369,duplicate,media-audit-3db90a0ff160cccf
inv-01102,weaponized-podcast,WEAPONIZED,2025-weaponized-episode-74,podcast_episode,74,WEAPONIZED Episode #74 — Matthew Brown and Immaculate Constellation — Part 1,2025-04-29,referenceSources,0,Official WEAPONIZED Episode #74 page,https://www.weaponizedpodcast.com/episodes-3/episode-74,https://weaponizedpodcast.com/episodes-3/episode-74,7118c8ab69fa54d67097,WEAPONIZED website,episode,web_page,False,legacy_unspecified,approved,,False,False,network_check_pending,2026-07-28T00:00:00Z,23.5C.1-1.0.0,dup-00370,duplicate,media-audit-65acdce5a8697cb8
inv-01103,weaponized-podcast,WEAPONIZED,2025-weaponized-episode-74,podcast_episode,74,WEAPONIZED Episode #74 — Matthew Brown and Immaculate Constellation — Part 1,2025-04-29,referenceSources,1,Listen to WEAPONIZED,https://link.chtbl.com/Weaponized,https://link.chtbl.com/Weaponized,e431bef40967149e37ee,link.chtbl.com,series,web_page,False,legacy_unspecified,approved,,False,False,network_check_pending,2026-07-28T00:00:00Z,23.5C.1-1.0.0,dup-00369,duplicate,media-audit-3db90a0ff160cccf
inv-01104,weaponized-podcast,WEAPONIZED,2025-weaponized-episode-75,podcast_episode,75,WEAPONIZED Episode #75 — Matthew Brown and Immaculate Constellation — Part 2,2025-05-06,officialMedia,0,Open Official Episode Page,https://www.weaponizedpodcast.com/episodes-3/episode-75,https://weaponizedpodcast.com/episodes-3/episode-75,51374509c49e6b895437,Official website,episode,web_page,True,verified,approved,1,False,False,network_check_pending,2026-07-28T00:00:00Z,23.5C.1-1.0.0,dup-00372,authoritative,media-audit-52b9375184f32a46
inv-01105,weaponized-podcast,WEAPONIZED,2025-weaponized-episode-75,podcast_episode,75,WEAPONIZED Episode #75 — Matthew Brown and Immaculate Constellation — Part 2,2025-05-06,officialMedia,1,Browse Official Podcast Archive,https://link.chtbl.com/Weaponized,https://link.chtbl.com/Weaponized,e431bef40967149e37ee,RSS,series,audio,True,verified,approved,6,False,False,network_check_pending,2026-07-28T00:00:00Z,23.5C.1-1.0.0,dup-00371,authoritative,media-audit-b8c81496fa39ad44
inv-01106,weaponized-podcast,WEAPONIZED,2025-weaponized-episode-75,podcast_episode,75,WEAPONIZED Episode #75 — Matthew Brown and Immaculate Constellation — Part 2,2025-05-06,mediaLinks,0,Open the official Episode #75 page,https://www.weaponizedpodcast.com/episodes-3/episode-75,https://weaponizedpodcast.com/episodes-3/episode-75,51374509c49e6b895437,WEAPONIZED,episode,web_page,True,legacy_unspecified,approved,,False,False,network_check_pending,2026-07-28T00:00:00Z,23.5C.1-1.0.0,dup-00372,duplicate,media-audit-52b9375184f32a46
inv-01107,weaponized-podcast,WEAPONIZED,2025-weaponized-episode-75,podcast_episode,75,WEAPONIZED Episode #75 — Matthew Brown and Immaculate Constellation — Part 2,2025-05-06,mediaLinks,1,Listen to WEAPONIZED,https://link.chtbl.com/Weaponized,https://link.chtbl.com/Weaponized,e431bef40967149e37ee,Official audio feed,series,web_page,True,legacy_unspecified,approved,,False,False,network_check_pending,2026-07-28T00:00:00Z,23.5C.1-1.0.0,dup-00371,duplicate,media-audit-b8c81496fa39ad44
inv-01108,weaponized-podcast,WEAPONIZED,2025-weaponized-episode-75,podcast_episode,75,WEAPONIZED Episode #75 — Matthew Brown and Immaculate Constellation — Part 2,2025-05-06,referenceSources,0,Official WEAPONIZED Episode #75 page,https://www.weaponizedpodcast.com/episodes-3/episode-75,https://weaponizedpodcast.com/episodes-3/episode-75,51374509c49e6b895437,WEAPONIZED website,episode,web_page,False,legacy_unspecified,approved,,False,False,network_check_pending,2026-07-28T00:00:00Z,23.5C.1-1.0.0,dup-00372,duplicate,media-audit-52b9375184f32a46
inv-01109,weaponized-podcast,WEAPONIZED,2025-weaponized-episode-75,podcast_episode,75,WEAPONIZED Episode #75 — Matthew Brown and Immaculate Constellation — Part 2,2025-05-06,referenceSources,1,Listen to WEAPONIZED,https://link.chtbl.com/Weaponized,https://link.chtbl.com/Weaponized,e431bef40967149e37ee,link.chtbl.com,series,web_page,False,legacy_unspecified,approved,,False,False,network_check_pending,2026-07-28T00:00:00Z,23.5C.1-1.0.0,dup-00371,duplicate,media-audit-b8c81496fa39ad44
inv-01110,weaponized-podcast,WEAPONIZED,2025-weaponized-episode-76,podcast_episode,76,WEAPONIZED Episode #76 — Matthew Brown and Immaculate Constellation — Part 3,2025-05-13,officialMedia,0,Open Official Episode Page,https://www.weaponizedpodcast.com/episodes-3/episode-76,https://weaponizedpodcast.com/episodes-3/episode-76,260bbc4c6519ea4dfa68,Official website,episode,web_page,True,verified,approved,1,False,False,network_check_pending,2026-07-28T00:00:00Z,23.5C.1-1.0.0,dup-00374,authoritative,media-audit-b50a6d9f7350b89c
inv-01111,weaponized-podcast,WEAPONIZED,2025-weaponized-episode-76,podcast_episode,76,WEAPONIZED Episode #76 — Matthew Brown and Immaculate Constellation — Part 3,2025-05-13,officialMedia,1,Browse Official Podcast Archive,https://link.chtbl.com/Weaponized,https://link.chtbl.com/Weaponized,e431bef40967149e37ee,RSS,series,audio,True,verified,approved,6,False,False,network_check_pending,2026-07-28T00:00:00Z,23.5C.1-1.0.0,dup-00373,authoritative,media-audit-0ae2390bc42e1254
inv-01112,weaponized-podcast,WEAPONIZED,2025-weaponized-episode-76,podcast_episode,76,WEAPONIZED Episode #76 — Matthew Brown and Immaculate Constellation — Part 3,2025-05-13,mediaLinks,0,Open the official Episode #76 page,https://www.weaponizedpodcast.com/episodes-3/episode-76,https://weaponizedpodcast.com/episodes-3/episode-76,260bbc4c6519ea4dfa68,WEAPONIZED,episode,web_page,True,legacy_unspecified,approved,,False,False,network_check_pending,2026-07-28T00:00:00Z,23.5C.1-1.0.0,dup-00374,duplicate,media-audit-b50a6d9f7350b89c
inv-01113,weaponized-podcast,WEAPONIZED,2025-weaponized-episode-76,podcast_episode,76,WEAPONIZED Episode #76 — Matthew Brown and Immaculate Constellation — Part 3,2025-05-13,mediaLinks,1,Listen to WEAPONIZED,https://link.chtbl.com/Weaponized,https://link.chtbl.com/Weaponized,e431bef40967149e37ee,Official audio feed,series,web_page,True,legacy_unspecified,approved,,False,False,network_check_pending,2026-07-28T00:00:00Z,23.5C.1-1.0.0,dup-00373,duplicate,media-audit-0ae2390bc42e1254
inv-01114,weaponized-podcast,WEAPONIZED,2025-weaponized-episode-76,podcast_episode,76,WEAPONIZED Episode #76 — Matthew Brown and Immaculate Constellation — Part 3,2025-05-13,referenceSources,0,Official WEAPONIZED Episode #76 page,https://www.weaponizedpodcast.com/episodes-3/episode-76,https://weaponizedpodcast.com/episodes-3/episode-76,260bbc4c6519ea4dfa68,WEAPONIZED website,episode,web_page,False,legacy_unspecified,approved,,False,False,network_check_pending,2026-07-28T00:00:00Z,23.5C.1-1.0.0,dup-00374,duplicate,media-audit-b50a6d9f7350b89c
inv-01115,weaponized-podcast,WEAPONIZED,2025-weaponized-episode-76,podcast_episode,76,WEAPONIZED Episode #76 — Matthew Brown and Immaculate Constellation — Part 3,2025-05-13,referenceSources,1,Listen to WEAPONIZED,https://link.chtbl.com/Weaponized,https://link.chtbl.com/Weaponized,e431bef40967149e37ee,link.chtbl.com,series,web_page,False,legacy_unspecified,approved,,False,False,network_check_pending,2026-07-28T00:00:00Z,23.5C.1-1.0.0,dup-00373,duplicate,media-audit-0ae2390bc42e1254
inv-01116,weaponized-podcast,WEAPONIZED,2025-weaponized-episode-77,podcast_episode,77,"WEAPONIZED Episode #77 — UAP Briefings, Immaculate Constellation, and the Jellyfish Debate",2025-05-20,officialMedia,0,Open Official Episode Page,https://www.weaponizedpodcast.com/episodes-3/episode-77,https://weaponizedpodcast.com/episodes-3/episode-77,807015c7834b3e3bc4a6,Official website,episode,web_page,True,verified,approved,1,False,False,network_check_pending,2026-07-28T00:00:00Z,23.5C.1-1.0.0,dup-00376,authoritative,media-audit-348e32cc481589d5
inv-01117,weaponized-podcast,WEAPONIZED,2025-weaponized-episode-77,podcast_episode,77,"WEAPONIZED Episode #77 — UAP Briefings, Immaculate Constellation, and the Jellyfish Debate",2025-05-20,officialMedia,1,Browse Official Podcast Archive,https://link.chtbl.com/Weaponized,https://link.chtbl.com/Weaponized,e431bef40967149e37ee,RSS,series,audio,True,verified,approved,6,False,False,network_check_pending,2026-07-28T00:00:00Z,23.5C.1-1.0.0,dup-00375,authoritative,media-audit-58e6e74b71a2d0aa
inv-01118,weaponized-podcast,WEAPONIZED,2025-weaponized-episode-77,podcast_episode,77,"WEAPONIZED Episode #77 — UAP Briefings, Immaculate Constellation, and the Jellyfish Debate",2025-05-20,mediaLinks,0,Open the official Episode #77 page,https://www.weaponizedpodcast.com/episodes-3/episode-77,https://weaponizedpodcast.com/episodes-3/episode-77,807015c7834b3e3bc4a6,WEAPONIZED,episode,web_page,True,legacy_unspecified,approved,,False,False,network_check_pending,2026-07-28T00:00:00Z,23.5C.1-1.0.0,dup-00376,duplicate,media-audit-348e32cc481589d5
inv-01119,weaponized-podcast,WEAPONIZED,2025-weaponized-episode-77,podcast_episode,77,"WEAPONIZED Episode #77 — UAP Briefings, Immaculate Constellation, and the Jellyfish Debate",2025-05-20,mediaLinks,1,Listen to WEAPONIZED,https://link.chtbl.com/Weaponized,https://link.chtbl.com/Weaponized,e431bef40967149e37ee,Official audio feed,series,web_page,True,legacy_unspecified,approved,,False,False,network_check_pending,2026-07-28T00:00:00Z,23.5C.1-1.0.0,dup-00375,duplicate,media-audit-58e6e74b71a2d0aa
inv-01120,weaponized-podcast,WEAPONIZED,2025-weaponized-episode-77,podcast_episode,77,"WEAPONIZED Episode #77 — UAP Briefings, Immaculate Constellation, and the Jellyfish Debate",2025-05-20,referenceSources,0,Official WEAPONIZED Episode #77 page,https://www.weaponizedpodcast.com/episodes-3/episode-77,https://weaponizedpodcast.com/episodes-3/episode-77,807015c7834b3e3bc4a6,WEAPONIZED website,episode,web_page,False,legacy_unspecified,approved,,False,False,network_check_pending,2026-07-28T00:00:00Z,23.5C.1-1.0.0,dup-00376,duplicate,media-audit-348e32cc481589d5
inv-01121,weaponized-podcast,WEAPONIZED,2025-weaponized-episode-77,podcast_episode,77,"WEAPONIZED Episode #77 — UAP Briefings, Immaculate Constellation, and the Jellyfish Debate",2025-05-20,referenceSources,1,Listen to WEAPONIZED,https://link.chtbl.com/Weaponized,https://link.chtbl.com/Weaponized,e431bef40967149e37ee,link.chtbl.com,series,web_page,False,legacy_unspecified,approved,,False,False,network_check_pending,2026-07-28T00:00:00Z,23.5C.1-1.0.0,dup-00375,duplicate,media-audit-58e6e74b71a2d0aa
inv-01122,weaponized-podcast,WEAPONIZED,2025-weaponized-episode-78,podcast_episode,78,"WEAPONIZED Episode #78 — Sean Kirkpatrick, AARO, and UFO Politics",2025-06-09,officialMedia,0,Open Official Episode Page,https://www.weaponizedpodcast.com/episodes-3/episode-78,https://weaponizedpodcast.com/episodes-3/episode-78,aba1cca664a5d73933c5,Official website,episode,web_page,True,verified,approved,1,False,False,network_check_pending,2026-07-28T00:00:00Z,23.5C.1-1.0.0,dup-00378,authoritative,media-audit-7ac90c9f2898955d
inv-01123,weaponized-podcast,WEAPONIZED,2025-weaponized-episode-78,podcast_episode,78,"WEAPONIZED Episode #78 — Sean Kirkpatrick, AARO, and UFO Politics",2025-06-09,officialMedia,1,Browse Official Podcast Archive,https://link.chtbl.com/Weaponized,https://link.chtbl.com/Weaponized,e431bef40967149e37ee,RSS,series,audio,True,verified,approved,6,False,False,network_check_pending,2026-07-28T00:00:00Z,23.5C.1-1.0.0,dup-00377,authoritative,media-audit-8c49a85bf53969af
inv-01124,weaponized-podcast,WEAPONIZED,2025-weaponized-episode-78,podcast_episode,78,"WEAPONIZED Episode #78 — Sean Kirkpatrick, AARO, and UFO Politics",2025-06-09,mediaLinks,0,Open the official Episode #78 page,https://www.weaponizedpodcast.com/episodes-3/episode-78,https://weaponizedpodcast.com/episodes-3/episode-78,aba1cca664a5d73933c5,WEAPONIZED,episode,web_page,True,legacy_unspecified,approved,,False,False,network_check_pending,2026-07-28T00:00:00Z,23.5C.1-1.0.0,dup-00378,duplicate,media-audit-7ac90c9f2898955d
inv-01125,weaponized-podcast,WEAPONIZED,2025-weaponized-episode-78,podcast_episode,78,"WEAPONIZED Episode #78 — Sean Kirkpatrick, AARO, and UFO Politics",2025-06-09,mediaLinks,1,Listen to WEAPONIZED,https://link.chtbl.com/Weaponized,https://link.chtbl.com/Weaponized,e431bef40967149e37ee,Official audio feed,series,web_page,True,legacy_unspecified,approved,,False,False,network_check_pending,2026-07-28T00:00:00Z,23.5C.1-1.0.0,dup-00377,duplicate,media-audit-8c49a85bf53969af
inv-01126,weaponized-podcast,WEAPONIZED,2025-weaponized-episode-78,podcast_episode,78,"WEAPONIZED Episode #78 — Sean Kirkpatrick, AARO, and UFO Politics",2025-06-09,referenceSources,0,Official WEAPONIZED Episode #78 page,https://www.weaponizedpodcast.com/episodes-3/episode-78,https://weaponizedpodcast.com/episodes-3/episode-78,aba1cca664a5d73933c5,WEAPONIZED website,episode,web_page,False,legacy_unspecified,approved,,False,False,network_check_pending,2026-07-28T00:00:00Z,23.5C.1-1.0.0,dup-00378,duplicate,media-audit-7ac90c9f2898955d
inv-01127,weaponized-podcast,WEAPONIZED,2025-weaponized-episode-78,podcast_episode,78,"WEAPONIZED Episode #78 — Sean Kirkpatrick, AARO, and UFO Politics",2025-06-09,referenceSources,1,Listen to WEAPONIZED,https://link.chtbl.com/Weaponized,https://link.chtbl.com/Weaponized,e431bef40967149e37ee,link.chtbl.com,series,web_page,False,legacy_unspecified,approved,,False,False,network_check_pending,2026-07-28T00:00:00Z,23.5C.1-1.0.0,dup-00377,duplicate,media-audit-8c49a85bf53969af
inv-01128,weaponized-podcast,WEAPONIZED,2025-weaponized-episode-79,podcast_episode,79,WEAPONIZED Episode #79 — The Large Disc UAP Video,2025-06-17,officialMedia,0,Open Official Episode Page,https://www.weaponizedpodcast.com/episodes-3/episode-79,https://weaponizedpodcast.com/episodes-3/episode-79,581b7747af12fb57a1ed,Official website,episode,web_page,True,verified,approved,1,False,False,network_check_pending,2026-07-28T00:00:00Z,23.5C.1-1.0.0,dup-00380,authoritative,media-audit-0ffa6803ce8ee115
inv-01129,weaponized-podcast,WEAPONIZED,2025-weaponized-episode-79,podcast_episode,79,WEAPONIZED Episode #79 — The Large Disc UAP Video,2025-06-17,officialMedia,1,Browse Official Podcast Archive,https://link.chtbl.com/Weaponized,https://link.chtbl.com/Weaponized,e431bef40967149e37ee,RSS,series,audio,True,verified,approved,6,False,False,network_check_pending,2026-07-28T00:00:00Z,23.5C.1-1.0.0,dup-00379,authoritative,media-audit-16fab6775a9f693b
inv-01130,weaponized-podcast,WEAPONIZED,2025-weaponized-episode-79,podcast_episode,79,WEAPONIZED Episode #79 — The Large Disc UAP Video,2025-06-17,mediaLinks,0,Open the official Episode #79 page,https://www.weaponizedpodcast.com/episodes-3/episode-79,https://weaponizedpodcast.com/episodes-3/episode-79,581b7747af12fb57a1ed,WEAPONIZED,episode,web_page,True,legacy_unspecified,approved,,False,False,network_check_pending,2026-07-28T00:00:00Z,23.5C.1-1.0.0,dup-00380,duplicate,media-audit-0ffa6803ce8ee115
inv-01131,weaponized-podcast,WEAPONIZED,2025-weaponized-episode-79,podcast_episode,79,WEAPONIZED Episode #79 — The Large Disc UAP Video,2025-06-17,mediaLinks,1,Listen to WEAPONIZED,https://link.chtbl.com/Weaponized,https://link.chtbl.com/Weaponized,e431bef40967149e37ee,Official audio feed,series,web_page,True,legacy_unspecified,approved,,False,False,network_check_pending,2026-07-28T00:00:00Z,23.5C.1-1.0.0,dup-00379,duplicate,media-audit-16fab6775a9f693b
inv-01132,weaponized-podcast,WEAPONIZED,2025-weaponized-episode-79,podcast_episode,79,WEAPONIZED Episode #79 — The Large Disc UAP Video,2025-06-17,referenceSources,0,Official WEAPONIZED Episode #79 page,https://www.weaponizedpodcast.com/episodes-3/episode-79,https://weaponizedpodcast.com/episodes-3/episode-79,581b7747af12fb57a1ed,WEAPONIZED website,episode,web_page,False,legacy_unspecified,approved,,False,False,network_check_pending,2026-07-28T00:00:00Z,23.5C.1-1.0.0,dup-00380,duplicate,media-audit-0ffa6803ce8ee115
inv-01133,weaponized-podcast,WEAPONIZED,2025-weaponized-episode-79,podcast_episode,79,WEAPONIZED Episode #79 — The Large Disc UAP Video,2025-06-17,referenceSources,1,Listen to WEAPONIZED,https://link.chtbl.com/Weaponized,https://link.chtbl.com/Weaponized,e431bef40967149e37ee,link.chtbl.com,series,web_page,False,legacy_unspecified,approved,,False,False,network_check_pending,2026-07-28T00:00:00Z,23.5C.1-1.0.0,dup-00379,duplicate,media-audit-16fab6775a9f693b
inv-01134,weaponized-podcast,WEAPONIZED,2025-weaponized-episode-80,podcast_episode,80,"WEAPONIZED Episode #80 — UFOs, Nuclear Weapons, and the Wall Street Journal",2025-06-24,officialMedia,0,Open Official Episode Page,https://www.weaponizedpodcast.com/episodes-3/episode-80,https://weaponizedpodcast.com/episodes-3/episode-80,2298731e9bd39ed2a8cd,Official website,episode,web_page,True,verified,approved,1,False,False,network_check_pending,2026-07-28T00:00:00Z,23.5C.1-1.0.0,dup-00382,authoritative,media-audit-fdee589b614ed10b
inv-01135,weaponized-podcast,WEAPONIZED,2025-weaponized-episode-80,podcast_episode,80,"WEAPONIZED Episode #80 — UFOs, Nuclear Weapons, and the Wall Street Journal",2025-06-24,officialMedia,1,Browse Official Podcast Archive,https://link.chtbl.com/Weaponized,https://link.chtbl.com/Weaponized,e431bef40967149e37ee,RSS,series,audio,True,verified,approved,6,False,False,network_check_pending,2026-07-28T00:00:00Z,23.5C.1-1.0.0,dup-00381,authoritative,media-audit-d5c54157af91c4da
inv-01136,weaponized-podcast,WEAPONIZED,2025-weaponized-episode-80,podcast_episode,80,"WEAPONIZED Episode #80 — UFOs, Nuclear Weapons, and the Wall Street Journal",2025-06-24,mediaLinks,0,Open the official Episode #80 page,https://www.weaponizedpodcast.com/episodes-3/episode-80,https://weaponizedpodcast.com/episodes-3/episode-80,2298731e9bd39ed2a8cd,WEAPONIZED,episode,web_page,True,legacy_unspecified,approved,,False,False,network_check_pending,2026-07-28T00:00:00Z,23.5C.1-1.0.0,dup-00382,duplicate,media-audit-fdee589b614ed10b
inv-01137,weaponized-podcast,WEAPONIZED,2025-weaponized-episode-80,podcast_episode,80,"WEAPONIZED Episode #80 — UFOs, Nuclear Weapons, and the Wall Street Journal",2025-06-24,mediaLinks,1,Listen to WEAPONIZED,https://link.chtbl.com/Weaponized,https://link.chtbl.com/Weaponized,e431bef40967149e37ee,Official audio feed,series,web_page,True,legacy_unspecified,approved,,False,False,network_check_pending,2026-07-28T00:00:00Z,23.5C.1-1.0.0,dup-00381,duplicate,media-audit-d5c54157af91c4da
inv-01138,weaponized-podcast,WEAPONIZED,2025-weaponized-episode-80,podcast_episode,80,"WEAPONIZED Episode #80 — UFOs, Nuclear Weapons, and the Wall Street Journal",2025-06-24,referenceSources,0,Official WEAPONIZED Episode #80 page,https://www.weaponizedpodcast.com/episodes-3/episode-80,https://weaponizedpodcast.com/episodes-3/episode-80,2298731e9bd39ed2a8cd,WEAPONIZED website,episode,web_page,False,legacy_unspecified,approved,,False,False,network_check_pending,2026-07-28T00:00:00Z,23.5C.1-1.0.0,dup-00382,duplicate,media-audit-fdee589b614ed10b
inv-01139,weaponized-podcast,WEAPONIZED,2025-weaponized-episode-80,podcast_episode,80,"WEAPONIZED Episode #80 — UFOs, Nuclear Weapons, and the Wall Street Journal",2025-06-24,referenceSources,1,Listen to WEAPONIZED,https://link.chtbl.com/Weaponized,https://link.chtbl.com/Weaponized,e431bef40967149e37ee,link.chtbl.com,series,web_page,False,legacy_unspecified,approved,,False,False,network_check_pending,2026-07-28T00:00:00Z,23.5C.1-1.0.0,dup-00381,duplicate,media-audit-d5c54157af91c4da
inv-01140,weaponized-podcast,WEAPONIZED,2025-weaponized-episode-81,podcast_episode,81,WEAPONIZED Episode #81 — The Full Mosul Orb Video,2025-07-01,officialMedia,0,Open Official Episode Page,https://www.weaponizedpodcast.com/episodes-3/episode-81,https://weaponizedpodcast.com/episodes-3/episode-81,eb23c4784232a4837923,Official website,episode,web_page,True,verified,approved,1,False,False,network_check_pending,2026-07-28T00:00:00Z,23.5C.1-1.0.0,dup-00384,authoritative,media-audit-2c036dcbaa20107c
inv-01141,weaponized-podcast,WEAPONIZED,2025-weaponized-episode-81,podcast_episode,81,WEAPONIZED Episode #81 — The Full Mosul Orb Video,2025-07-01,officialMedia,1,Browse Official Podcast Archive,https://link.chtbl.com/Weaponized,https://link.chtbl.com/Weaponized,e431bef40967149e37ee,RSS,series,audio,True,verified,approved,6,False,False,network_check_pending,2026-07-28T00:00:00Z,23.5C.1-1.0.0,dup-00383,authoritative,media-audit-10e3c671418b9e96
inv-01142,weaponized-podcast,WEAPONIZED,2025-weaponized-episode-81,podcast_episode,81,WEAPONIZED Episode #81 — The Full Mosul Orb Video,2025-07-01,mediaLinks,0,Open the official Episode #81 page,https://www.weaponizedpodcast.com/episodes-3/episode-81,https://weaponizedpodcast.com/episodes-3/episode-81,eb23c4784232a4837923,WEAPONIZED,episode,web_page,True,legacy_unspecified,approved,,False,False,network_check_pending,2026-07-28T00:00:00Z,23.5C.1-1.0.0,dup-00384,duplicate,media-audit-2c036dcbaa20107c
inv-01143,weaponized-podcast,WEAPONIZED,2025-weaponized-episode-81,podcast_episode,81,WEAPONIZED Episode #81 — The Full Mosul Orb Video,2025-07-01,mediaLinks,1,Listen to WEAPONIZED,https://link.chtbl.com/Weaponized,https://link.chtbl.com/Weaponized,e431bef40967149e37ee,Official audio feed,series,web_page,True,legacy_unspecified,approved,,False,False,network_check_pending,2026-07-28T00:00:00Z,23.5C.1-1.0.0,dup-00383,duplicate,media-audit-10e3c671418b9e96
inv-01144,weaponized-podcast,WEAPONIZED,2025-weaponized-episode-81,podcast_episode,81,WEAPONIZED Episode #81 — The Full Mosul Orb Video,2025-07-01,referenceSources,0,Official WEAPONIZED Episode #81 page,https://www.weaponizedpodcast.com/episodes-3/episode-81,https://weaponizedpodcast.com/episodes-3/episode-81,eb23c4784232a4837923,WEAPONIZED website,episode,web_page,False,legacy_unspecified,approved,,False,False,network_check_pending,2026-07-28T00:00:00Z,23.5C.1-1.0.0,dup-00384,duplicate,media-audit-2c036dcbaa20107c
inv-01145,weaponized-podcast,WEAPONIZED,2025-weaponized-episode-81,podcast_episode,81,WEAPONIZED Episode #81 — The Full Mosul Orb Video,2025-07-01,referenceSources,1,Listen to WEAPONIZED,https://link.chtbl.com/Weaponized,https://link.chtbl.com/Weaponized,e431bef40967149e37ee,link.chtbl.com,series,web_page,False,legacy_unspecified,approved,,False,False,network_check_pending,2026-07-28T00:00:00Z,23.5C.1-1.0.0,dup-00383,duplicate,media-audit-10e3c671418b9e96
inv-01146,weaponized-podcast,WEAPONIZED,2025-weaponized-episode-82,podcast_episode,82,"WEAPONIZED Episode #82 — Disclosure, Drones, and Competition for Crash Materials",2025-07-11,officialMedia,0,Open Official Episode Page,https://www.weaponizedpodcast.com/episodes-3/episode-82,https://weaponizedpodcast.com/episodes-3/episode-82,dc70db1dd3f917ce1afa,Official website,episode,web_page,True,verified,approved,1,False,False,network_check_pending,2026-07-28T00:00:00Z,23.5C.1-1.0.0,dup-00386,authoritative,media-audit-f55b04a103f13123
inv-01147,weaponized-podcast,WEAPONIZED,2025-weaponized-episode-82,podcast_episode,82,"WEAPONIZED Episode #82 — Disclosure, Drones, and Competition for Crash Materials",2025-07-11,officialMedia,1,Browse Official Podcast Archive,https://link.chtbl.com/Weaponized,https://link.chtbl.com/Weaponized,e431bef40967149e37ee,RSS,series,audio,True,verified,approved,6,False,False,network_check_pending,2026-07-28T00:00:00Z,23.5C.1-1.0.0,dup-00385,authoritative,media-audit-f5373714694eb696
inv-01148,weaponized-podcast,WEAPONIZED,2025-weaponized-episode-82,podcast_episode,82,"WEAPONIZED Episode #82 — Disclosure, Drones, and Competition for Crash Materials",2025-07-11,mediaLinks,0,Open the official Episode #82 page,https://www.weaponizedpodcast.com/episodes-3/episode-82,https://weaponizedpodcast.com/episodes-3/episode-82,dc70db1dd3f917ce1afa,WEAPONIZED,episode,web_page,True,legacy_unspecified,approved,,False,False,network_check_pending,2026-07-28T00:00:00Z,23.5C.1-1.0.0,dup-00386,duplicate,media-audit-f55b04a103f13123
inv-01149,weaponized-podcast,WEAPONIZED,2025-weaponized-episode-82,podcast_episode,82,"WEAPONIZED Episode #82 — Disclosure, Drones, and Competition for Crash Materials",2025-07-11,mediaLinks,1,Listen to WEAPONIZED,https://link.chtbl.com/Weaponized,https://link.chtbl.com/Weaponized,e431bef40967149e37ee,Official audio feed,series,web_page,True,legacy_unspecified,approved,,False,False,network_check_pending,2026-07-28T00:00:00Z,23.5C.1-1.0.0,dup-00385,duplicate,media-audit-f5373714694eb696
inv-01150,weaponized-podcast,WEAPONIZED,2025-weaponized-episode-82,podcast_episode,82,"WEAPONIZED Episode #82 — Disclosure, Drones, and Competition for Crash Materials",2025-07-11,referenceSources,0,Official WEAPONIZED Episode #82 page,https://www.weaponizedpodcast.com/episodes-3/episode-82,https://weaponizedpodcast.com/episodes-3/episode-82,dc70db1dd3f917ce1afa,WEAPONIZED website,episode,web_page,False,legacy_unspecified,approved,,False,False,network_check_pending,2026-07-28T00:00:00Z,23.5C.1-1.0.0,dup-00386,duplicate,media-audit-f55b04a103f13123
inv-01151,weaponized-podcast,WEAPONIZED,2025-weaponized-episode-82,podcast_episode,82,"WEAPONIZED Episode #82 — Disclosure, Drones, and Competition for Crash Materials",2025-07-11,referenceSources,1,Listen to WEAPONIZED,https://link.chtbl.com/Weaponized,https://link.chtbl.com/Weaponized,e431bef40967149e37ee,link.chtbl.com,series,web_page,False,legacy_unspecified,approved,,False,False,network_check_pending,2026-07-28T00:00:00Z,23.5C.1-1.0.0,dup-00385,duplicate,media-audit-f5373714694eb696
inv-01152,weaponized-podcast,WEAPONIZED,2025-weaponized-episode-83,podcast_episode,83,WEAPONIZED Episode #83 — Storming the Silence — Dave Foley and the Fight for UAP Transparency,2025-07-22,officialMedia,0,Open Official Episode Page,https://www.weaponizedpodcast.com/episodes-3/episode-83,https://weaponizedpodcast.com/episodes-3/episode-83,74a4acc587e8fe2d87e5,Official website,episode,web_page,True,verified,approved,1,False,False,network_check_pending,2026-07-28T00:00:00Z,23.5C.1-1.0.0,dup-00388,authoritative,media-audit-9234ccd1a95c1990
inv-01153,weaponized-podcast,WEAPONIZED,2025-weaponized-episode-83,podcast_episode,83,WEAPONIZED Episode #83 — Storming the Silence — Dave Foley and the Fight for UAP Transparency,2025-07-22,officialMedia,1,Browse Official Podcast Archive,https://link.chtbl.com/Weaponized,https://link.chtbl.com/Weaponized,e431bef40967149e37ee,RSS,series,audio,True,verified,approved,6,False,False,network_check_pending,2026-07-28T00:00:00Z,23.5C.1-1.0.0,dup-00387,authoritative,media-audit-d8439a373d0aeb76
inv-01154,weaponized-podcast,WEAPONIZED,2025-weaponized-episode-83,podcast_episode,83,WEAPONIZED Episode #83 — Storming the Silence — Dave Foley and the Fight for UAP Transparency,2025-07-22,mediaLinks,0,Open the official Episode #83 page,https://www.weaponizedpodcast.com/episodes-3/episode-83,https://weaponizedpodcast.com/episodes-3/episode-83,74a4acc587e8fe2d87e5,WEAPONIZED,episode,web_page,True,legacy_unspecified,approved,,False,False,network_check_pending,2026-07-28T00:00:00Z,23.5C.1-1.0.0,dup-00388,duplicate,media-audit-9234ccd1a95c1990
inv-01155,weaponized-podcast,WEAPONIZED,2025-weaponized-episode-83,podcast_episode,83,WEAPONIZED Episode #83 — Storming the Silence — Dave Foley and the Fight for UAP Transparency,2025-07-22,mediaLinks,1,Listen to WEAPONIZED,https://link.chtbl.com/Weaponized,https://link.chtbl.com/Weaponized,e431bef40967149e37ee,Official audio feed,series,web_page,True,legacy_unspecified,approved,,False,False,network_check_pending,2026-07-28T00:00:00Z,23.5C.1-1.0.0,dup-00387,duplicate,media-audit-d8439a373d0aeb76
inv-01156,weaponized-podcast,WEAPONIZED,2025-weaponized-episode-83,podcast_episode,83,WEAPONIZED Episode #83 — Storming the Silence — Dave Foley and the Fight for UAP Transparency,2025-07-22,referenceSources,0,Official WEAPONIZED Episode #83 page,https://www.weaponizedpodcast.com/episodes-3/episode-83,https://weaponizedpodcast.com/episodes-3/episode-83,74a4acc587e8fe2d87e5,WEAPONIZED website,episode,web_page,False,legacy_unspecified,approved,,False,False,network_check_pending,2026-07-28T00:00:00Z,23.5C.1-1.0.0,dup-00388,duplicate,media-audit-9234ccd1a95c1990
inv-01157,weaponized-podcast,WEAPONIZED,2025-weaponized-episode-83,podcast_episode,83,WEAPONIZED Episode #83 — Storming the Silence — Dave Foley and the Fight for UAP Transparency,2025-07-22,referenceSources,1,Listen to WEAPONIZED,https://link.chtbl.com/Weaponized,https://link.chtbl.com/Weaponized,e431bef40967149e37ee,link.chtbl.com,series,web_page,False,legacy_unspecified,approved,,False,False,network_check_pending,2026-07-28T00:00:00Z,23.5C.1-1.0.0,dup-00387,duplicate,media-audit-d8439a373d0aeb76
inv-01158,weaponized-podcast,WEAPONIZED,2025-weaponized-episode-84,podcast_episode,84,WEAPONIZED Episode #84 — False Prophets and Flying Objects — The Whistleblower Wave,2025-08-05,officialMedia,0,Open Official Episode Page,https://www.weaponizedpodcast.com/episodes-3/episode-84,https://weaponizedpodcast.com/episodes-3/episode-84,e5a05fb0bfca5135b984,Official website,episode,web_page,True,verified,approved,1,False,False,network_check_pending,2026-07-28T00:00:00Z,23.5C.1-1.0.0,dup-00390,authoritative,media-audit-e7340a9bae56cfbe
inv-01159,weaponized-podcast,WEAPONIZED,2025-weaponized-episode-84,podcast_episode,84,WEAPONIZED Episode #84 — False Prophets and Flying Objects — The Whistleblower Wave,2025-08-05,officialMedia,1,Browse Official Podcast Archive,https://link.chtbl.com/Weaponized,https://link.chtbl.com/Weaponized,e431bef40967149e37ee,RSS,series,audio,True,verified,approved,6,False,False,network_check_pending,2026-07-28T00:00:00Z,23.5C.1-1.0.0,dup-00389,authoritative,media-audit-549ce7641b256244
inv-01160,weaponized-podcast,WEAPONIZED,2025-weaponized-episode-84,podcast_episode,84,WEAPONIZED Episode #84 — False Prophets and Flying Objects — The Whistleblower Wave,2025-08-05,mediaLinks,0,Open the official Episode #84 page,https://www.weaponizedpodcast.com/episodes-3/episode-84,https://weaponizedpodcast.com/episodes-3/episode-84,e5a05fb0bfca5135b984,WEAPONIZED,episode,web_page,True,legacy_unspecified,approved,,False,False,network_check_pending,2026-07-28T00:00:00Z,23.5C.1-1.0.0,dup-00390,duplicate,media-audit-e7340a9bae56cfbe
inv-01161,weaponized-podcast,WEAPONIZED,2025-weaponized-episode-84,podcast_episode,84,WEAPONIZED Episode #84 — False Prophets and Flying Objects — The Whistleblower Wave,2025-08-05,mediaLinks,1,Listen to WEAPONIZED,https://link.chtbl.com/Weaponized,https://link.chtbl.com/Weaponized,e431bef40967149e37ee,Official audio feed,series,web_page,True,legacy_unspecified,approved,,False,False,network_check_pending,2026-07-28T00:00:00Z,23.5C.1-1.0.0,dup-00389,duplicate,media-audit-549ce7641b256244
inv-01162,weaponized-podcast,WEAPONIZED,2025-weaponized-episode-84,podcast_episode,84,WEAPONIZED Episode #84 — False Prophets and Flying Objects — The Whistleblower Wave,2025-08-05,referenceSources,0,Official WEAPONIZED Episode #84 page,https://www.weaponizedpodcast.com/episodes-3/episode-84,https://weaponizedpodcast.com/episodes-3/episode-84,e5a05fb0bfca5135b984,WEAPONIZED website,episode,web_page,False,legacy_unspecified,approved,,False,False,network_check_pending,2026-07-28T00:00:00Z,23.5C.1-1.0.0,dup-00390,duplicate,media-audit-e7340a9bae56cfbe
inv-01163,weaponized-podcast,WEAPONIZED,2025-weaponized-episode-84,podcast_episode,84,WEAPONIZED Episode #84 — False Prophets and Flying Objects — The Whistleblower Wave,2025-08-05,referenceSources,1,Listen to WEAPONIZED,https://link.chtbl.com/Weaponized,https://link.chtbl.com/Weaponized,e431bef40967149e37ee,link.chtbl.com,series,web_page,False,legacy_unspecified,approved,,False,False,network_check_pending,2026-07-28T00:00:00Z,23.5C.1-1.0.0,dup-00389,duplicate,media-audit-549ce7641b256244
inv-01164,weaponized-podcast,WEAPONIZED,2025-weaponized-episode-85,podcast_episode,85,WEAPONIZED Episode #85 — Weaponized Silence — The UFO Disclosure Dilemma,2025-08-12,officialMedia,0,Open Official Episode Page,https://www.weaponizedpodcast.com/episodes-3/episode-85,https://weaponizedpodcast.com/episodes-3/episode-85,15fcf9975603a8c21ff3,Official website,episode,web_page,True,verified,approved,1,False,False,network_check_pending,2026-07-28T00:00:00Z,23.5C.1-1.0.0,dup-00392,authoritative,media-audit-dd44d5f35140be06
inv-01165,weaponized-podcast,WEAPONIZED,2025-weaponized-episode-85,podcast_episode,85,WEAPONIZED Episode #85 — Weaponized Silence — The UFO Disclosure Dilemma,2025-08-12,officialMedia,1,Browse Official Podcast Archive,https://link.chtbl.com/Weaponized,https://link.chtbl.com/Weaponized,e431bef40967149e37ee,RSS,series,audio,True,verified,approved,6,False,False,network_check_pending,2026-07-28T00:00:00Z,23.5C.1-1.0.0,dup-00391,authoritative,media-audit-1df45da72c8ea5a4
inv-01166,weaponized-podcast,WEAPONIZED,2025-weaponized-episode-85,podcast_episode,85,WEAPONIZED Episode #85 — Weaponized Silence — The UFO Disclosure Dilemma,2025-08-12,mediaLinks,0,Open the official Episode #85 page,https://www.weaponizedpodcast.com/episodes-3/episode-85,https://weaponizedpodcast.com/episodes-3/episode-85,15fcf9975603a8c21ff3,WEAPONIZED,episode,web_page,True,legacy_unspecified,approved,,False,False,network_check_pending,2026-07-28T00:00:00Z,23.5C.1-1.0.0,dup-00392,duplicate,media-audit-dd44d5f35140be06
inv-01167,weaponized-podcast,WEAPONIZED,2025-weaponized-episode-85,podcast_episode,85,WEAPONIZED Episode #85 — Weaponized Silence — The UFO Disclosure Dilemma,2025-08-12,mediaLinks,1,Listen to WEAPONIZED,https://link.chtbl.com/Weaponized,https://link.chtbl.com/Weaponized,e431bef40967149e37ee,Official audio feed,series,web_page,True,legacy_unspecified,approved,,False,False,network_check_pending,2026-07-28T00:00:00Z,23.5C.1-1.0.0,dup-00391,duplicate,media-audit-1df45da72c8ea5a4
inv-01168,weaponized-podcast,WEAPONIZED,2025-weaponized-episode-85,podcast_episode,85,WEAPONIZED Episode #85 — Weaponized Silence — The UFO Disclosure Dilemma,2025-08-12,referenceSources,0,Official WEAPONIZED Episode #85 page,https://www.weaponizedpodcast.com/episodes-3/episode-85,https://weaponizedpodcast.com/episodes-3/episode-85,15fcf9975603a8c21ff3,WEAPONIZED website,episode,web_page,False,legacy_unspecified,approved,,False,False,network_check_pending,2026-07-28T00:00:00Z,23.5C.1-1.0.0,dup-00392,duplicate,media-audit-dd44d5f35140be06
inv-01169,weaponized-podcast,WEAPONIZED,2025-weaponized-episode-85,podcast_episode,85,WEAPONIZED Episode #85 — Weaponized Silence — The UFO Disclosure Dilemma,2025-08-12,referenceSources,1,Listen to WEAPONIZED,https://link.chtbl.com/Weaponized,https://link.chtbl.com/Weaponized,e431bef40967149e37ee,link.chtbl.com,series,web_page,False,legacy_unspecified,approved,,False,False,network_check_pending,2026-07-28T00:00:00Z,23.5C.1-1.0.0,dup-00391,duplicate,media-audit-1df45da72c8ea5a4
inv-01170,weaponized-podcast,WEAPONIZED,2025-weaponized-episode-86,podcast_episode,86,"WEAPONIZED Episode #86 — Threats, Intimidation, Prosecution — The Daunting Risks for UFO Whistleblowers",2025-08-19,officialMedia,0,Open Official Episode Page,https://www.weaponizedpodcast.com/episodes-3/episode-86,https://weaponizedpodcast.com/episodes-3/episode-86,7cd2d922827ea5993209,Official website,episode,web_page,True,verified,approved,1,False,False,network_check_pending,2026-07-28T00:00:00Z,23.5C.1-1.0.0,dup-00394,authoritative,media-audit-577a5cba23e6a7f7
inv-01171,weaponized-podcast,WEAPONIZED,2025-weaponized-episode-86,podcast_episode,86,"WEAPONIZED Episode #86 — Threats, Intimidation, Prosecution — The Daunting Risks for UFO Whistleblowers",2025-08-19,officialMedia,1,Browse Official Podcast Archive,https://link.chtbl.com/Weaponized,https://link.chtbl.com/Weaponized,e431bef40967149e37ee,RSS,series,audio,True,verified,approved,6,False,False,network_check_pending,2026-07-28T00:00:00Z,23.5C.1-1.0.0,dup-00393,authoritative,media-audit-f70c869ceacac9d1
inv-01172,weaponized-podcast,WEAPONIZED,2025-weaponized-episode-86,podcast_episode,86,"WEAPONIZED Episode #86 — Threats, Intimidation, Prosecution — The Daunting Risks for UFO Whistleblowers",2025-08-19,mediaLinks,0,Open the official Episode #86 page,https://www.weaponizedpodcast.com/episodes-3/episode-86,https://weaponizedpodcast.com/episodes-3/episode-86,7cd2d922827ea5993209,WEAPONIZED,episode,web_page,True,legacy_unspecified,approved,,False,False,network_check_pending,2026-07-28T00:00:00Z,23.5C.1-1.0.0,dup-00394,duplicate,media-audit-577a5cba23e6a7f7
inv-01173,weaponized-podcast,WEAPONIZED,2025-weaponized-episode-86,podcast_episode,86,"WEAPONIZED Episode #86 — Threats, Intimidation, Prosecution — The Daunting Risks for UFO Whistleblowers",2025-08-19,mediaLinks,1,Listen to WEAPONIZED,https://link.chtbl.com/Weaponized,https://link.chtbl.com/Weaponized,e431bef40967149e37ee,Official audio feed,series,web_page,True,legacy_unspecified,approved,,False,False,network_check_pending,2026-07-28T00:00:00Z,23.5C.1-1.0.0,dup-00393,duplicate,media-audit-f70c869ceacac9d1
inv-01174,weaponized-podcast,WEAPONIZED,2025-weaponized-episode-86,podcast_episode,86,"WEAPONIZED Episode #86 — Threats, Intimidation, Prosecution — The Daunting Risks for UFO Whistleblowers",2025-08-19,referenceSources,0,Official WEAPONIZED Episode #86 page,https://www.weaponizedpodcast.com/episodes-3/episode-86,https://weaponizedpodcast.com/episodes-3/episode-86,7cd2d922827ea5993209,WEAPONIZED website,episode,web_page,False,legacy_unspecified,approved,,False,False,network_check_pending,2026-07-28T00:00:00Z,23.5C.1-1.0.0,dup-00394,duplicate,media-audit-577a5cba23e6a7f7
inv-01175,weaponized-podcast,WEAPONIZED,2025-weaponized-episode-86,podcast_episode,86,"WEAPONIZED Episode #86 — Threats, Intimidation, Prosecution — The Daunting Risks for UFO Whistleblowers",2025-08-19,referenceSources,1,Listen to WEAPONIZED,https://link.chtbl.com/Weaponized,https://link.chtbl.com/Weaponized,e431bef40967149e37ee,link.chtbl.com,series,web_page,False,legacy_unspecified,approved,,False,False,network_check_pending,2026-07-28T00:00:00Z,23.5C.1-1.0.0,dup-00393,duplicate,media-audit-f70c869ceacac9d1
inv-01176,weaponized-podcast,WEAPONIZED,2025-weaponized-episode-87,podcast_episode,87,WEAPONIZED Episode #87 — Alien Bodies and Technology — The Lost Tapes of UFO Whistleblower Col. Corso,2025-08-26,officialMedia,0,Open Official Episode Page,https://www.weaponizedpodcast.com/episodes-3/episode-87,https://weaponizedpodcast.com/episodes-3/episode-87,039e2437f4685cbeb719,Official website,episode,web_page,True,verified,approved,1,False,False,network_check_pending,2026-07-28T00:00:00Z,23.5C.1-1.0.0,dup-00396,authoritative,media-audit-9101995632ad3bfd
inv-01177,weaponized-podcast,WEAPONIZED,2025-weaponized-episode-87,podcast_episode,87,WEAPONIZED Episode #87 — Alien Bodies and Technology — The Lost Tapes of UFO Whistleblower Col. Corso,2025-08-26,officialMedia,1,Browse Official Podcast Archive,https://link.chtbl.com/Weaponized,https://link.chtbl.com/Weaponized,e431bef40967149e37ee,RSS,series,audio,True,verified,approved,6,False,False,network_check_pending,2026-07-28T00:00:00Z,23.5C.1-1.0.0,dup-00395,authoritative,media-audit-70773c43a03e9ee8
inv-01178,weaponized-podcast,WEAPONIZED,2025-weaponized-episode-87,podcast_episode,87,WEAPONIZED Episode #87 — Alien Bodies and Technology — The Lost Tapes of UFO Whistleblower Col. Corso,2025-08-26,mediaLinks,0,Open the official Episode #87 page,https://www.weaponizedpodcast.com/episodes-3/episode-87,https://weaponizedpodcast.com/episodes-3/episode-87,039e2437f4685cbeb719,WEAPONIZED,episode,web_page,True,legacy_unspecified,approved,,False,False,network_check_pending,2026-07-28T00:00:00Z,23.5C.1-1.0.0,dup-00396,duplicate,media-audit-9101995632ad3bfd
inv-01179,weaponized-podcast,WEAPONIZED,2025-weaponized-episode-87,podcast_episode,87,WEAPONIZED Episode #87 — Alien Bodies and Technology — The Lost Tapes of UFO Whistleblower Col. Corso,2025-08-26,mediaLinks,1,Listen to WEAPONIZED,https://link.chtbl.com/Weaponized,https://link.chtbl.com/Weaponized,e431bef40967149e37ee,Official audio feed,series,web_page,True,legacy_unspecified,approved,,False,False,network_check_pending,2026-07-28T00:00:00Z,23.5C.1-1.0.0,dup-00395,duplicate,media-audit-70773c43a03e9ee8
inv-01180,weaponized-podcast,WEAPONIZED,2025-weaponized-episode-87,podcast_episode,87,WEAPONIZED Episode #87 — Alien Bodies and Technology — The Lost Tapes of UFO Whistleblower Col. Corso,2025-08-26,referenceSources,0,Official WEAPONIZED Episode #87 page,https://www.weaponizedpodcast.com/episodes-3/episode-87,https://weaponizedpodcast.com/episodes-3/episode-87,039e2437f4685cbeb719,WEAPONIZED website,episode,web_page,False,legacy_unspecified,approved,,False,False,network_check_pending,2026-07-28T00:00:00Z,23.5C.1-1.0.0,dup-00396,duplicate,media-audit-9101995632ad3bfd
inv-01181,weaponized-podcast,WEAPONIZED,2025-weaponized-episode-87,podcast_episode,87,WEAPONIZED Episode #87 — Alien Bodies and Technology — The Lost Tapes of UFO Whistleblower Col. Corso,2025-08-26,referenceSources,1,Listen to WEAPONIZED,https://link.chtbl.com/Weaponized,https://link.chtbl.com/Weaponized,e431bef40967149e37ee,link.chtbl.com,series,web_page,False,legacy_unspecified,approved,,False,False,network_check_pending,2026-07-28T00:00:00Z,23.5C.1-1.0.0,dup-00395,duplicate,media-audit-70773c43a03e9ee8
inv-01182,weaponized-podcast,WEAPONIZED,2025-weaponized-episode-88,podcast_episode,88,WEAPONIZED Episode #88 — Injured by UFOs — The Case-by-Case Medical Evidence,2025-09-02,officialMedia,0,Open Official Episode Page,https://www.weaponizedpodcast.com/episodes-3/episode-88,https://weaponizedpodcast.com/episodes-3/episode-88,cd29952466b033c4512f,Official website,episode,web_page,True,verified,approved,1,False,False,network_check_pending,2026-07-28T00:00:00Z,23.5C.1-1.0.0,dup-00398,authoritative,media-audit-e6a89e92ec4c24e9
inv-01183,weaponized-podcast,WEAPONIZED,2025-weaponized-episode-88,podcast_episode,88,WEAPONIZED Episode #88 — Injured by UFOs — The Case-by-Case Medical Evidence,2025-09-02,officialMedia,1,Browse Official Podcast Archive,https://link.chtbl.com/Weaponized,https://link.chtbl.com/Weaponized,e431bef40967149e37ee,RSS,series,audio,True,verified,approved,6,False,False,network_check_pending,2026-07-28T00:00:00Z,23.5C.1-1.0.0,dup-00397,authoritative,media-audit-54155c35d5e4b8a2
inv-01184,weaponized-podcast,WEAPONIZED,2025-weaponized-episode-88,podcast_episode,88,WEAPONIZED Episode #88 — Injured by UFOs — The Case-by-Case Medical Evidence,2025-09-02,mediaLinks,0,Open the official Episode #88 page,https://www.weaponizedpodcast.com/episodes-3/episode-88,https://weaponizedpodcast.com/episodes-3/episode-88,cd29952466b033c4512f,WEAPONIZED,episode,web_page,True,legacy_unspecified,approved,,False,False,network_check_pending,2026-07-28T00:00:00Z,23.5C.1-1.0.0,dup-00398,duplicate,media-audit-e6a89e92ec4c24e9
inv-01185,weaponized-podcast,WEAPONIZED,2025-weaponized-episode-88,podcast_episode,88,WEAPONIZED Episode #88 — Injured by UFOs — The Case-by-Case Medical Evidence,2025-09-02,mediaLinks,1,Listen to WEAPONIZED,https://link.chtbl.com/Weaponized,https://link.chtbl.com/Weaponized,e431bef40967149e37ee,Official audio feed,series,web_page,True,legacy_unspecified,approved,,False,False,network_check_pending,2026-07-28T00:00:00Z,23.5C.1-1.0.0,dup-00397,duplicate,media-audit-54155c35d5e4b8a2
inv-01186,weaponized-podcast,WEAPONIZED,2025-weaponized-episode-88,podcast_episode,88,WEAPONIZED Episode #88 — Injured by UFOs — The Case-by-Case Medical Evidence,2025-09-02,referenceSources,0,Official WEAPONIZED Episode #88 page,https://www.weaponizedpodcast.com/episodes-3/episode-88,https://weaponizedpodcast.com/episodes-3/episode-88,cd29952466b033c4512f,WEAPONIZED website,episode,web_page,False,legacy_unspecified,approved,,False,False,network_check_pending,2026-07-28T00:00:00Z,23.5C.1-1.0.0,dup-00398,duplicate,media-audit-e6a89e92ec4c24e9
inv-01187,weaponized-podcast,WEAPONIZED,2025-weaponized-episode-88,podcast_episode,88,WEAPONIZED Episode #88 — Injured by UFOs — The Case-by-Case Medical Evidence,2025-09-02,referenceSources,1,Listen to WEAPONIZED,https://link.chtbl.com/Weaponized,https://link.chtbl.com/Weaponized,e431bef40967149e37ee,link.chtbl.com,series,web_page,False,legacy_unspecified,approved,,False,False,network_check_pending,2026-07-28T00:00:00Z,23.5C.1-1.0.0,dup-00397,duplicate,media-audit-54155c35d5e4b8a2
inv-01188,weaponized-podcast,WEAPONIZED,2025-weaponized-episode-89,podcast_episode,89,WEAPONIZED Episode #89 — The 2025 UAP Hearing — Did It Move the Needle?,2025-09-16,officialMedia,0,Open Official Episode Page,https://www.weaponizedpodcast.com/episodes-3/episode-89,https://weaponizedpodcast.com/episodes-3/episode-89,e8e6aeef5cb560509d32,Official website,episode,web_page,True,verified,approved,1,False,False,network_check_pending,2026-07-28T00:00:00Z,23.5C.1-1.0.0,dup-00400,authoritative,media-audit-7b5110b23a103d36
inv-01189,weaponized-podcast,WEAPONIZED,2025-weaponized-episode-89,podcast_episode,89,WEAPONIZED Episode #89 — The 2025 UAP Hearing — Did It Move the Needle?,2025-09-16,officialMedia,1,Browse Official Podcast Archive,https://link.chtbl.com/Weaponized,https://link.chtbl.com/Weaponized,e431bef40967149e37ee,RSS,series,audio,True,verified,approved,6,False,False,network_check_pending,2026-07-28T00:00:00Z,23.5C.1-1.0.0,dup-00399,authoritative,media-audit-617288390264f85f
inv-01190,weaponized-podcast,WEAPONIZED,2025-weaponized-episode-89,podcast_episode,89,WEAPONIZED Episode #89 — The 2025 UAP Hearing — Did It Move the Needle?,2025-09-16,mediaLinks,0,Open the official Episode #89 page,https://www.weaponizedpodcast.com/episodes-3/episode-89,https://weaponizedpodcast.com/episodes-3/episode-89,e8e6aeef5cb560509d32,WEAPONIZED,episode,web_page,True,legacy_unspecified,approved,,False,False,network_check_pending,2026-07-28T00:00:00Z,23.5C.1-1.0.0,dup-00400,duplicate,media-audit-7b5110b23a103d36
inv-01191,weaponized-podcast,WEAPONIZED,2025-weaponized-episode-89,podcast_episode,89,WEAPONIZED Episode #89 — The 2025 UAP Hearing — Did It Move the Needle?,2025-09-16,mediaLinks,1,Listen to WEAPONIZED,https://link.chtbl.com/Weaponized,https://link.chtbl.com/Weaponized,e431bef40967149e37ee,Official audio feed,series,web_page,True,legacy_unspecified,approved,,False,False,network_check_pending,2026-07-28T00:00:00Z,23.5C.1-1.0.0,dup-00399,duplicate,media-audit-617288390264f85f
inv-01192,weaponized-podcast,WEAPONIZED,2025-weaponized-episode-89,podcast_episode,89,WEAPONIZED Episode #89 — The 2025 UAP Hearing — Did It Move the Needle?,2025-09-16,referenceSources,0,Official WEAPONIZED Episode #89 page,https://www.weaponizedpodcast.com/episodes-3/episode-89,https://weaponizedpodcast.com/episodes-3/episode-89,e8e6aeef5cb560509d32,WEAPONIZED website,episode,web_page,False,legacy_unspecified,approved,,False,False,network_check_pending,2026-07-28T00:00:00Z,23.5C.1-1.0.0,dup-00400,duplicate,media-audit-7b5110b23a103d36
inv-01193,weaponized-podcast,WEAPONIZED,2025-weaponized-episode-89,podcast_episode,89,WEAPONIZED Episode #89 — The 2025 UAP Hearing — Did It Move the Needle?,2025-09-16,referenceSources,1,Listen to WEAPONIZED,https://link.chtbl.com/Weaponized,https://link.chtbl.com/Weaponized,e431bef40967149e37ee,link.chtbl.com,series,web_page,False,legacy_unspecified,approved,,False,False,network_check_pending,2026-07-28T00:00:00Z,23.5C.1-1.0.0,dup-00399,duplicate,media-audit-617288390264f85f
inv-01194,weaponized-podcast,WEAPONIZED,2025-weaponized-episode-90,podcast_episode,90,WEAPONIZED Episode #90 — The Reluctant UFO Whistleblower — Dylan Borland Tells All: Part 1,2025-09-23,officialMedia,0,Open Official Episode Page,https://www.weaponizedpodcast.com/episodes-3/episode-90,https://weaponizedpodcast.com/episodes-3/episode-90,0cd74e8961a5bbd00a56,Official website,episode,web_page,True,verified,approved,1,False,False,network_check_pending,2026-07-28T00:00:00Z,23.5C.1-1.0.0,dup-00402,authoritative,media-audit-8be5999fba023aa1
inv-01195,weaponized-podcast,WEAPONIZED,2025-weaponized-episode-90,podcast_episode,90,WEAPONIZED Episode #90 — The Reluctant UFO Whistleblower — Dylan Borland Tells All: Part 1,2025-09-23,officialMedia,1,Browse Official Podcast Archive,https://link.chtbl.com/Weaponized,https://link.chtbl.com/Weaponized,e431bef40967149e37ee,RSS,series,audio,True,verified,approved,6,False,False,network_check_pending,2026-07-28T00:00:00Z,23.5C.1-1.0.0,dup-00401,authoritative,media-audit-6efb40831018cb32
inv-01196,weaponized-podcast,WEAPONIZED,2025-weaponized-episode-90,podcast_episode,90,WEAPONIZED Episode #90 — The Reluctant UFO Whistleblower — Dylan Borland Tells All: Part 1,2025-09-23,mediaLinks,0,Open the official Episode #90 page,https://www.weaponizedpodcast.com/episodes-3/episode-90,https://weaponizedpodcast.com/episodes-3/episode-90,0cd74e8961a5bbd00a56,WEAPONIZED,episode,web_page,True,legacy_unspecified,approved,,False,False,network_check_pending,2026-07-28T00:00:00Z,23.5C.1-1.0.0,dup-00402,duplicate,media-audit-8be5999fba023aa1
inv-01197,weaponized-podcast,WEAPONIZED,2025-weaponized-episode-90,podcast_episode,90,WEAPONIZED Episode #90 — The Reluctant UFO Whistleblower — Dylan Borland Tells All: Part 1,2025-09-23,mediaLinks,1,Listen to WEAPONIZED,https://link.chtbl.com/Weaponized,https://link.chtbl.com/Weaponized,e431bef40967149e37ee,Official audio feed,series,web_page,True,legacy_unspecified,approved,,False,False,network_check_pending,2026-07-28T00:00:00Z,23.5C.1-1.0.0,dup-00401,duplicate,media-audit-6efb40831018cb32
inv-01198,weaponized-podcast,WEAPONIZED,2025-weaponized-episode-90,podcast_episode,90,WEAPONIZED Episode #90 — The Reluctant UFO Whistleblower — Dylan Borland Tells All: Part 1,2025-09-23,referenceSources,0,Official WEAPONIZED Episode #90 page,https://www.weaponizedpodcast.com/episodes-3/episode-90,https://weaponizedpodcast.com/episodes-3/episode-90,0cd74e8961a5bbd00a56,WEAPONIZED website,episode,web_page,False,legacy_unspecified,approved,,False,False,network_check_pending,2026-07-28T00:00:00Z,23.5C.1-1.0.0,dup-00402,duplicate,media-audit-8be5999fba023aa1
inv-01199,weaponized-podcast,WEAPONIZED,2025-weaponized-episode-90,podcast_episode,90,WEAPONIZED Episode #90 — The Reluctant UFO Whistleblower — Dylan Borland Tells All: Part 1,2025-09-23,referenceSources,1,Listen to WEAPONIZED,https://link.chtbl.com/Weaponized,https://link.chtbl.com/Weaponized,e431bef40967149e37ee,link.chtbl.com,series,web_page,False,legacy_unspecified,approved,,False,False,network_check_pending,2026-07-28T00:00:00Z,23.5C.1-1.0.0,dup-00401,duplicate,media-audit-6efb40831018cb32
inv-01200,weaponized-podcast,WEAPONIZED,2025-weaponized-episode-91,podcast_episode,91,WEAPONIZED Episode #91 — Dylan Borland Unloads — The Truth About Legacy UFO Programs: Part 2,2025-10-02,officialMedia,0,Open Official Episode Page,https://www.weaponizedpodcast.com/episodes-3/episode-91,https://weaponizedpodcast.com/episodes-3/episode-91,6dcb03168cc265859351,Official website,episode,web_page,True,verified,approved,1,False,False,network_check_pending,2026-07-28T00:00:00Z,23.5C.1-1.0.0,dup-00404,authoritative,media-audit-3130e9382e521670
inv-01201,weaponized-podcast,WEAPONIZED,2025-weaponized-episode-91,podcast_episode,91,WEAPONIZED Episode #91 — Dylan Borland Unloads — The Truth About Legacy UFO Programs: Part 2,2025-10-02,officialMedia,1,Browse Official Podcast Archive,https://link.chtbl.com/Weaponized,https://link.chtbl.com/Weaponized,e431bef40967149e37ee,RSS,series,audio,True,verified,approved,6,False,False,network_check_pending,2026-07-28T00:00:00Z,23.5C.1-1.0.0,dup-00403,authoritative,media-audit-0880e278145e244e
inv-01202,weaponized-podcast,WEAPONIZED,2025-weaponized-episode-91,podcast_episode,91,WEAPONIZED Episode #91 — Dylan Borland Unloads — The Truth About Legacy UFO Programs: Part 2,2025-10-02,mediaLinks,0,Open the official Episode #91 page,https://www.weaponizedpodcast.com/episodes-3/episode-91,https://weaponizedpodcast.com/episodes-3/episode-91,6dcb03168cc265859351,WEAPONIZED,episode,web_page,True,legacy_unspecified,approved,,False,False,network_check_pending,2026-07-28T00:00:00Z,23.5C.1-1.0.0,dup-00404,duplicate,media-audit-3130e9382e521670
inv-01203,weaponized-podcast,WEAPONIZED,2025-weaponized-episode-91,podcast_episode,91,WEAPONIZED Episode #91 — Dylan Borland Unloads — The Truth About Legacy UFO Programs: Part 2,2025-10-02,mediaLinks,1,Listen to WEAPONIZED,https://link.chtbl.com/Weaponized,https://link.chtbl.com/Weaponized,e431bef40967149e37ee,Official audio feed,series,web_page,True,legacy_unspecified,approved,,False,False,network_check_pending,2026-07-28T00:00:00Z,23.5C.1-1.0.0,dup-00403,duplicate,media-audit-0880e278145e244e
inv-01204,weaponized-podcast,WEAPONIZED,2025-weaponized-episode-91,podcast_episode,91,WEAPONIZED Episode #91 — Dylan Borland Unloads — The Truth About Legacy UFO Programs: Part 2,2025-10-02,referenceSources,0,Official WEAPONIZED Episode #91 page,https://www.weaponizedpodcast.com/episodes-3/episode-91,https://weaponizedpodcast.com/episodes-3/episode-91,6dcb03168cc265859351,WEAPONIZED website,episode,web_page,False,legacy_unspecified,approved,,False,False,network_check_pending,2026-07-28T00:00:00Z,23.5C.1-1.0.0,dup-00404,duplicate,media-audit-3130e9382e521670
inv-01205,weaponized-podcast,WEAPONIZED,2025-weaponized-episode-91,podcast_episode,91,WEAPONIZED Episode #91 — Dylan Borland Unloads — The Truth About Legacy UFO Programs: Part 2,2025-10-02,referenceSources,1,Listen to WEAPONIZED,https://link.chtbl.com/Weaponized,https://link.chtbl.com/Weaponized,e431bef40967149e37ee,link.chtbl.com,series,web_page,False,legacy_unspecified,approved,,False,False,network_check_pending,2026-07-28T00:00:00Z,23.5C.1-1.0.0,dup-00403,duplicate,media-audit-0880e278145e244e
inv-01206,weaponized-podcast,WEAPONIZED,2025-weaponized-episode-92,podcast_episode,92,WEAPONIZED Episode #92 — The UAP Witness That Didn’t Testify — Congress Wanted You to Hear This,2025-10-09,officialMedia,0,Open Official Episode Page,https://www.weaponizedpodcast.com/episodes-3/episode-92,https://weaponizedpodcast.com/episodes-3/episode-92,605d768ea55803d2674b,Official website,episode,web_page,True,verified,approved,1,False,False,network_check_pending,2026-07-28T00:00:00Z,23.5C.1-1.0.0,dup-00406,authoritative,media-audit-02c19d0b979e7fc0
inv-01207,weaponized-podcast,WEAPONIZED,2025-weaponized-episode-92,podcast_episode,92,WEAPONIZED Episode #92 — The UAP Witness That Didn’t Testify — Congress Wanted You to Hear This,2025-10-09,officialMedia,1,Browse Official Podcast Archive,https://link.chtbl.com/Weaponized,https://link.chtbl.com/Weaponized,e431bef40967149e37ee,RSS,series,audio,True,verified,approved,6,False,False,network_check_pending,2026-07-28T00:00:00Z,23.5C.1-1.0.0,dup-00405,authoritative,media-audit-890791f91ae02040
inv-01208,weaponized-podcast,WEAPONIZED,2025-weaponized-episode-92,podcast_episode,92,WEAPONIZED Episode #92 — The UAP Witness That Didn’t Testify — Congress Wanted You to Hear This,2025-10-09,mediaLinks,0,Open the official Episode #92 page,https://www.weaponizedpodcast.com/episodes-3/episode-92,https://weaponizedpodcast.com/episodes-3/episode-92,605d768ea55803d2674b,WEAPONIZED,episode,web_page,True,legacy_unspecified,approved,,False,False,network_check_pending,2026-07-28T00:00:00Z,23.5C.1-1.0.0,dup-00406,duplicate,media-audit-02c19d0b979e7fc0
inv-01209,weaponized-podcast,WEAPONIZED,2025-weaponized-episode-92,podcast_episode,92,WEAPONIZED Episode #92 — The UAP Witness That Didn’t Testify — Congress Wanted You to Hear This,2025-10-09,mediaLinks,1,Listen to WEAPONIZED,https://link.chtbl.com/Weaponized,https://link.chtbl.com/Weaponized,e431bef40967149e37ee,Official audio feed,series,web_page,True,legacy_unspecified,approved,,False,False,network_check_pending,2026-07-28T00:00:00Z,23.5C.1-1.0.0,dup-00405,duplicate,media-audit-890791f91ae02040
inv-01210,weaponized-podcast,WEAPONIZED,2025-weaponized-episode-92,podcast_episode,92,WEAPONIZED Episode #92 — The UAP Witness That Didn’t Testify — Congress Wanted You to Hear This,2025-10-09,referenceSources,0,Official WEAPONIZED Episode #92 page,https://www.weaponizedpodcast.com/episodes-3/episode-92,https://weaponizedpodcast.com/episodes-3/episode-92,605d768ea55803d2674b,WEAPONIZED website,episode,web_page,False,legacy_unspecified,approved,,False,False,network_check_pending,2026-07-28T00:00:00Z,23.5C.1-1.0.0,dup-00406,duplicate,media-audit-02c19d0b979e7fc0
inv-01211,weaponized-podcast,WEAPONIZED,2025-weaponized-episode-92,podcast_episode,92,WEAPONIZED Episode #92 — The UAP Witness That Didn’t Testify — Congress Wanted You to Hear This,2025-10-09,referenceSources,1,Listen to WEAPONIZED,https://link.chtbl.com/Weaponized,https://link.chtbl.com/Weaponized,e431bef40967149e37ee,link.chtbl.com,series,web_page,False,legacy_unspecified,approved,,False,False,network_check_pending,2026-07-28T00:00:00Z,23.5C.1-1.0.0,dup-00405,duplicate,media-audit-890791f91ae02040
inv-01212,weaponized-podcast,WEAPONIZED,2025-weaponized-episode-93,podcast_episode,93,"WEAPONIZED Episode #93 — Mystery Drones, Eglin’s Black Triangle, and Chris Sharp",2025-10-15,officialMedia,0,Open Official Episode Page,https://www.weaponizedpodcast.com/episodes-4/episode-93,https://weaponizedpodcast.com/episodes-4/episode-93,f4fdf0c847e99a71e774,Official website,episode,web_page,True,verified,approved,1,False,False,network_check_pending,2026-07-28T00:00:00Z,23.5C.1-1.0.0,dup-00408,authoritative,media-audit-08cabe69158158e3
inv-01213,weaponized-podcast,WEAPONIZED,2025-weaponized-episode-93,podcast_episode,93,"WEAPONIZED Episode #93 — Mystery Drones, Eglin’s Black Triangle, and Chris Sharp",2025-10-15,officialMedia,1,Browse Official Podcast Archive,https://link.chtbl.com/Weaponized,https://link.chtbl.com/Weaponized,e431bef40967149e37ee,RSS,series,audio,True,verified,approved,6,False,False,network_check_pending,2026-07-28T00:00:00Z,23.5C.1-1.0.0,dup-00407,authoritative,media-audit-877cb51f4b9e1f24
inv-01214,weaponized-podcast,WEAPONIZED,2025-weaponized-episode-93,podcast_episode,93,"WEAPONIZED Episode #93 — Mystery Drones, Eglin’s Black Triangle, and Chris Sharp",2025-10-15,mediaLinks,0,Open the official Episode #93 page,https://www.weaponizedpodcast.com/episodes-4/episode-93,https://weaponizedpodcast.com/episodes-4/episode-93,f4fdf0c847e99a71e774,WEAPONIZED,episode,web_page,True,legacy_unspecified,approved,,False,False,network_check_pending,2026-07-28T00:00:00Z,23.5C.1-1.0.0,dup-00408,duplicate,media-audit-08cabe69158158e3
inv-01215,weaponized-podcast,WEAPONIZED,2025-weaponized-episode-93,podcast_episode,93,"WEAPONIZED Episode #93 — Mystery Drones, Eglin’s Black Triangle, and Chris Sharp",2025-10-15,mediaLinks,1,Listen to WEAPONIZED,https://link.chtbl.com/Weaponized,https://link.chtbl.com/Weaponized,e431bef40967149e37ee,Official audio feed,series,web_page,True,legacy_unspecified,approved,,False,False,network_check_pending,2026-07-28T00:00:00Z,23.5C.1-1.0.0,dup-00407,duplicate,media-audit-877cb51f4b9e1f24
inv-01216,weaponized-podcast,WEAPONIZED,2025-weaponized-episode-93,podcast_episode,93,"WEAPONIZED Episode #93 — Mystery Drones, Eglin’s Black Triangle, and Chris Sharp",2025-10-15,referenceSources,0,Official WEAPONIZED Episode #93 page,https://www.weaponizedpodcast.com/episodes-4/episode-93,https://weaponizedpodcast.com/episodes-4/episode-93,f4fdf0c847e99a71e774,WEAPONIZED website,episode,web_page,False,legacy_unspecified,approved,,False,False,network_check_pending,2026-07-28T00:00:00Z,23.5C.1-1.0.0,dup-00408,duplicate,media-audit-08cabe69158158e3
inv-01217,weaponized-podcast,WEAPONIZED,2025-weaponized-episode-93,podcast_episode,93,"WEAPONIZED Episode #93 — Mystery Drones, Eglin’s Black Triangle, and Chris Sharp",2025-10-15,referenceSources,1,Listen to WEAPONIZED,https://link.chtbl.com/Weaponized,https://link.chtbl.com/Weaponized,e431bef40967149e37ee,link.chtbl.com,series,web_page,False,legacy_unspecified,approved,,False,False,network_check_pending,2026-07-28T00:00:00Z,23.5C.1-1.0.0,dup-00407,duplicate,media-audit-877cb51f4b9e1f24
inv-01218,weaponized-podcast,WEAPONIZED,2025-weaponized-episode-94,podcast_episode,94,WEAPONIZED Episode #94 — Is UFO Disclosure Dead?,2025-10-22,officialMedia,0,Open Official Episode Page,https://www.weaponizedpodcast.com/episodes-4/episode-94,https://weaponizedpodcast.com/episodes-4/episode-94,7bae4dd3b4d4e652e617,Official website,episode,web_page,True,verified,approved,1,False,False,network_check_pending,2026-07-28T00:00:00Z,23.5C.1-1.0.0,dup-00410,authoritative,media-audit-3fd5863e103e6de5
inv-01219,weaponized-podcast,WEAPONIZED,2025-weaponized-episode-94,podcast_episode,94,WEAPONIZED Episode #94 — Is UFO Disclosure Dead?,2025-10-22,officialMedia,1,Browse Official Podcast Archive,https://link.chtbl.com/Weaponized,https://link.chtbl.com/Weaponized,e431bef40967149e37ee,RSS,series,audio,True,verified,approved,6,False,False,network_check_pending,2026-07-28T00:00:00Z,23.5C.1-1.0.0,dup-00409,authoritative,media-audit-e2888ee843d1bfdb
inv-01220,weaponized-podcast,WEAPONIZED,2025-weaponized-episode-94,podcast_episode,94,WEAPONIZED Episode #94 — Is UFO Disclosure Dead?,2025-10-22,mediaLinks,0,Open the official Episode #94 page,https://www.weaponizedpodcast.com/episodes-4/episode-94,https://weaponizedpodcast.com/episodes-4/episode-94,7bae4dd3b4d4e652e617,WEAPONIZED,episode,web_page,True,legacy_unspecified,approved,,False,False,network_check_pending,2026-07-28T00:00:00Z,23.5C.1-1.0.0,dup-00410,duplicate,media-audit-3fd5863e103e6de5
inv-01221,weaponized-podcast,WEAPONIZED,2025-weaponized-episode-94,podcast_episode,94,WEAPONIZED Episode #94 — Is UFO Disclosure Dead?,2025-10-22,mediaLinks,1,Listen to WEAPONIZED,https://link.chtbl.com/Weaponized,https://link.chtbl.com/Weaponized,e431bef40967149e37ee,Official audio feed,series,web_page,True,legacy_unspecified,approved,,False,False,network_check_pending,2026-07-28T00:00:00Z,23.5C.1-1.0.0,dup-00409,duplicate,media-audit-e2888ee843d1bfdb
inv-01222,weaponized-podcast,WEAPONIZED,2025-weaponized-episode-94,podcast_episode,94,WEAPONIZED Episode #94 — Is UFO Disclosure Dead?,2025-10-22,referenceSources,0,Official WEAPONIZED Episode #94 page,https://www.weaponizedpodcast.com/episodes-4/episode-94,https://weaponizedpodcast.com/episodes-4/episode-94,7bae4dd3b4d4e652e617,WEAPONIZED website,episode,web_page,False,legacy_unspecified,approved,,False,False,network_check_pending,2026-07-28T00:00:00Z,23.5C.1-1.0.0,dup-00410,duplicate,media-audit-3fd5863e103e6de5
inv-01223,weaponized-podcast,WEAPONIZED,2025-weaponized-episode-94,podcast_episode,94,WEAPONIZED Episode #94 — Is UFO Disclosure Dead?,2025-10-22,referenceSources,1,Listen to WEAPONIZED,https://link.chtbl.com/Weaponized,https://link.chtbl.com/Weaponized,e431bef40967149e37ee,link.chtbl.com,series,web_page,False,legacy_unspecified,approved,,False,False,network_check_pending,2026-07-28T00:00:00Z,23.5C.1-1.0.0,dup-00409,duplicate,media-audit-e2888ee843d1bfdb
inv-01224,weaponized-podcast,WEAPONIZED,2025-weaponized-episode-95,podcast_episode,95,WEAPONIZED Episode #95 — The Area 51 Crash Retrieval and Its Cover Story,2025-10-31,officialMedia,0,Open Official Episode Page,https://www.weaponizedpodcast.com/episodes-4/episode-95,https://weaponizedpodcast.com/episodes-4/episode-95,cbe9a2003134a820343b,Official website,episode,web_page,True,verified,approved,1,False,False,network_check_pending,2026-07-28T00:00:00Z,23.5C.1-1.0.0,dup-00412,authoritative,media-audit-8837590a4b921aa6
inv-01225,weaponized-podcast,WEAPONIZED,2025-weaponized-episode-95,podcast_episode,95,WEAPONIZED Episode #95 — The Area 51 Crash Retrieval and Its Cover Story,2025-10-31,officialMedia,1,Browse Official Podcast Archive,https://link.chtbl.com/Weaponized,https://link.chtbl.com/Weaponized,e431bef40967149e37ee,RSS,series,audio,True,verified,approved,6,False,False,network_check_pending,2026-07-28T00:00:00Z,23.5C.1-1.0.0,dup-00411,authoritative,media-audit-aa9dfe541991c489
inv-01226,weaponized-podcast,WEAPONIZED,2025-weaponized-episode-95,podcast_episode,95,WEAPONIZED Episode #95 — The Area 51 Crash Retrieval and Its Cover Story,2025-10-31,mediaLinks,0,Open the official Episode #95 page,https://www.weaponizedpodcast.com/episodes-4/episode-95,https://weaponizedpodcast.com/episodes-4/episode-95,cbe9a2003134a820343b,WEAPONIZED,episode,web_page,True,legacy_unspecified,approved,,False,False,network_check_pending,2026-07-28T00:00:00Z,23.5C.1-1.0.0,dup-00412,duplicate,media-audit-8837590a4b921aa6
inv-01227,weaponized-podcast,WEAPONIZED,2025-weaponized-episode-95,podcast_episode,95,WEAPONIZED Episode #95 — The Area 51 Crash Retrieval and Its Cover Story,2025-10-31,mediaLinks,1,Listen to WEAPONIZED,https://link.chtbl.com/Weaponized,https://link.chtbl.com/Weaponized,e431bef40967149e37ee,Official audio feed,series,web_page,True,legacy_unspecified,approved,,False,False,network_check_pending,2026-07-28T00:00:00Z,23.5C.1-1.0.0,dup-00411,duplicate,media-audit-aa9dfe541991c489
inv-01228,weaponized-podcast,WEAPONIZED,2025-weaponized-episode-95,podcast_episode,95,WEAPONIZED Episode #95 — The Area 51 Crash Retrieval and Its Cover Story,2025-10-31,referenceSources,0,Official WEAPONIZED Episode #95 page,https://www.weaponizedpodcast.com/episodes-4/episode-95,https://weaponizedpodcast.com/episodes-4/episode-95,cbe9a2003134a820343b,WEAPONIZED website,episode,web_page,False,legacy_unspecified,approved,,False,False,network_check_pending,2026-07-28T00:00:00Z,23.5C.1-1.0.0,dup-00412,duplicate,media-audit-8837590a4b921aa6
inv-01229,weaponized-podcast,WEAPONIZED,2025-weaponized-episode-95,podcast_episode,95,WEAPONIZED Episode #95 — The Area 51 Crash Retrieval and Its Cover Story,2025-10-31,referenceSources,1,Listen to WEAPONIZED,https://link.chtbl.com/Weaponized,https://link.chtbl.com/Weaponized,e431bef40967149e37ee,link.chtbl.com,series,web_page,False,legacy_unspecified,approved,,False,False,network_check_pending,2026-07-28T00:00:00Z,23.5C.1-1.0.0,dup-00411,duplicate,media-audit-aa9dfe541991c489
inv-01230,weaponized-podcast,WEAPONIZED,2025-weaponized-episode-96,podcast_episode,96,"WEAPONIZED Episode #96 — James Lacatski on AAWSAP, Kona Blue, and a Recovered Craft — Part 1",2025-11-05,officialMedia,0,Open Official Episode Page,https://www.weaponizedpodcast.com/episodes-4/episode-96,https://weaponizedpodcast.com/episodes-4/episode-96,43f9df16d65326fc3528,Official website,episode,web_page,True,verified,approved,1,False,False,network_check_pending,2026-07-28T00:00:00Z,23.5C.1-1.0.0,dup-00414,authoritative,media-audit-ebaa9cc7bd13acbc
inv-01231,weaponized-podcast,WEAPONIZED,2025-weaponized-episode-96,podcast_episode,96,"WEAPONIZED Episode #96 — James Lacatski on AAWSAP, Kona Blue, and a Recovered Craft — Part 1",2025-11-05,officialMedia,1,Browse Official Podcast Archive,https://link.chtbl.com/Weaponized,https://link.chtbl.com/Weaponized,e431bef40967149e37ee,RSS,series,audio,True,verified,approved,6,False,False,network_check_pending,2026-07-28T00:00:00Z,23.5C.1-1.0.0,dup-00413,authoritative,media-audit-46ca285a3d4815b8
inv-01232,weaponized-podcast,WEAPONIZED,2025-weaponized-episode-96,podcast_episode,96,"WEAPONIZED Episode #96 — James Lacatski on AAWSAP, Kona Blue, and a Recovered Craft — Part 1",2025-11-05,mediaLinks,0,Open the official Episode #96 page,https://www.weaponizedpodcast.com/episodes-4/episode-96,https://weaponizedpodcast.com/episodes-4/episode-96,43f9df16d65326fc3528,WEAPONIZED,episode,web_page,True,legacy_unspecified,approved,,False,False,network_check_pending,2026-07-28T00:00:00Z,23.5C.1-1.0.0,dup-00414,duplicate,media-audit-ebaa9cc7bd13acbc
inv-01233,weaponized-podcast,WEAPONIZED,2025-weaponized-episode-96,podcast_episode,96,"WEAPONIZED Episode #96 — James Lacatski on AAWSAP, Kona Blue, and a Recovered Craft — Part 1",2025-11-05,mediaLinks,1,Listen to WEAPONIZED,https://link.chtbl.com/Weaponized,https://link.chtbl.com/Weaponized,e431bef40967149e37ee,Official audio feed,series,web_page,True,legacy_unspecified,approved,,False,False,network_check_pending,2026-07-28T00:00:00Z,23.5C.1-1.0.0,dup-00413,duplicate,media-audit-46ca285a3d4815b8
inv-01234,weaponized-podcast,WEAPONIZED,2025-weaponized-episode-96,podcast_episode,96,"WEAPONIZED Episode #96 — James Lacatski on AAWSAP, Kona Blue, and a Recovered Craft — Part 1",2025-11-05,referenceSources,0,Official WEAPONIZED Episode #96 page,https://www.weaponizedpodcast.com/episodes-4/episode-96,https://weaponizedpodcast.com/episodes-4/episode-96,43f9df16d65326fc3528,WEAPONIZED website,episode,web_page,False,legacy_unspecified,approved,,False,False,network_check_pending,2026-07-28T00:00:00Z,23.5C.1-1.0.0,dup-00414,duplicate,media-audit-ebaa9cc7bd13acbc
inv-01235,weaponized-podcast,WEAPONIZED,2025-weaponized-episode-96,podcast_episode,96,"WEAPONIZED Episode #96 — James Lacatski on AAWSAP, Kona Blue, and a Recovered Craft — Part 1",2025-11-05,referenceSources,1,Listen to WEAPONIZED,https://link.chtbl.com/Weaponized,https://link.chtbl.com/Weaponized,e431bef40967149e37ee,link.chtbl.com,series,web_page,False,legacy_unspecified,approved,,False,False,network_check_pending,2026-07-28T00:00:00Z,23.5C.1-1.0.0,dup-00413,duplicate,media-audit-46ca285a3d4815b8
inv-01236,weaponized-podcast,WEAPONIZED,2025-weaponized-episode-97,podcast_episode,97,"WEAPONIZED Episode #97 — James Lacatski on Disclosure, Hitchhikers, and the Tic Tac — Part 2",2025-11-11,officialMedia,0,Open Official Episode Page,https://www.weaponizedpodcast.com/episodes-4/episode-97,https://weaponizedpodcast.com/episodes-4/episode-97,46f007b168b63429dc81,Official website,episode,web_page,True,verified,approved,1,False,False,network_check_pending,2026-07-28T00:00:00Z,23.5C.1-1.0.0,dup-00416,authoritative,media-audit-f6423626cba3233b
inv-01237,weaponized-podcast,WEAPONIZED,2025-weaponized-episode-97,podcast_episode,97,"WEAPONIZED Episode #97 — James Lacatski on Disclosure, Hitchhikers, and the Tic Tac — Part 2",2025-11-11,officialMedia,1,Browse Official Podcast Archive,https://link.chtbl.com/Weaponized,https://link.chtbl.com/Weaponized,e431bef40967149e37ee,RSS,series,audio,True,verified,approved,6,False,False,network_check_pending,2026-07-28T00:00:00Z,23.5C.1-1.0.0,dup-00415,authoritative,media-audit-43af6ba3bd282d5f
inv-01238,weaponized-podcast,WEAPONIZED,2025-weaponized-episode-97,podcast_episode,97,"WEAPONIZED Episode #97 — James Lacatski on Disclosure, Hitchhikers, and the Tic Tac — Part 2",2025-11-11,mediaLinks,0,Open the official Episode #97 page,https://www.weaponizedpodcast.com/episodes-4/episode-97,https://weaponizedpodcast.com/episodes-4/episode-97,46f007b168b63429dc81,WEAPONIZED,episode,web_page,True,legacy_unspecified,approved,,False,False,network_check_pending,2026-07-28T00:00:00Z,23.5C.1-1.0.0,dup-00416,duplicate,media-audit-f6423626cba3233b
inv-01239,weaponized-podcast,WEAPONIZED,2025-weaponized-episode-97,podcast_episode,97,"WEAPONIZED Episode #97 — James Lacatski on Disclosure, Hitchhikers, and the Tic Tac — Part 2",2025-11-11,mediaLinks,1,Listen to WEAPONIZED,https://link.chtbl.com/Weaponized,https://link.chtbl.com/Weaponized,e431bef40967149e37ee,Official audio feed,series,web_page,True,legacy_unspecified,approved,,False,False,network_check_pending,2026-07-28T00:00:00Z,23.5C.1-1.0.0,dup-00415,duplicate,media-audit-43af6ba3bd282d5f
inv-01240,weaponized-podcast,WEAPONIZED,2025-weaponized-episode-97,podcast_episode,97,"WEAPONIZED Episode #97 — James Lacatski on Disclosure, Hitchhikers, and the Tic Tac — Part 2",2025-11-11,referenceSources,0,Official WEAPONIZED Episode #97 page,https://www.weaponizedpodcast.com/episodes-4/episode-97,https://weaponizedpodcast.com/episodes-4/episode-97,46f007b168b63429dc81,WEAPONIZED website,episode,web_page,False,legacy_unspecified,approved,,False,False,network_check_pending,2026-07-28T00:00:00Z,23.5C.1-1.0.0,dup-00416,duplicate,media-audit-f6423626cba3233b
inv-01241,weaponized-podcast,WEAPONIZED,2025-weaponized-episode-97,podcast_episode,97,"WEAPONIZED Episode #97 — James Lacatski on Disclosure, Hitchhikers, and the Tic Tac — Part 2",2025-11-11,referenceSources,1,Listen to WEAPONIZED,https://link.chtbl.com/Weaponized,https://link.chtbl.com/Weaponized,e431bef40967149e37ee,link.chtbl.com,series,web_page,False,legacy_unspecified,approved,,False,False,network_check_pending,2026-07-28T00:00:00Z,23.5C.1-1.0.0,dup-00415,duplicate,media-audit-43af6ba3bd282d5f
inv-01242,weaponized-podcast,WEAPONIZED,2025-weaponized-episode-98,podcast_episode,98,WEAPONIZED Episode #98 — Reassessing the James Lacatski Revelations,2025-11-18,officialMedia,0,Open Official Episode Page,https://www.weaponizedpodcast.com/episodes-4/episode-98,https://weaponizedpodcast.com/episodes-4/episode-98,257679cb50b4e9ba1ff4,Official website,episode,web_page,True,verified,approved,1,False,False,network_check_pending,2026-07-28T00:00:00Z,23.5C.1-1.0.0,dup-00418,authoritative,media-audit-d2eb35fe190857f8
inv-01243,weaponized-podcast,WEAPONIZED,2025-weaponized-episode-98,podcast_episode,98,WEAPONIZED Episode #98 — Reassessing the James Lacatski Revelations,2025-11-18,officialMedia,1,Browse Official Podcast Archive,https://link.chtbl.com/Weaponized,https://link.chtbl.com/Weaponized,e431bef40967149e37ee,RSS,series,audio,True,verified,approved,6,False,False,network_check_pending,2026-07-28T00:00:00Z,23.5C.1-1.0.0,dup-00417,authoritative,media-audit-565565c9fd242e96
inv-01244,weaponized-podcast,WEAPONIZED,2025-weaponized-episode-98,podcast_episode,98,WEAPONIZED Episode #98 — Reassessing the James Lacatski Revelations,2025-11-18,mediaLinks,0,Open the official Episode #98 page,https://www.weaponizedpodcast.com/episodes-4/episode-98,https://weaponizedpodcast.com/episodes-4/episode-98,257679cb50b4e9ba1ff4,WEAPONIZED,episode,web_page,True,legacy_unspecified,approved,,False,False,network_check_pending,2026-07-28T00:00:00Z,23.5C.1-1.0.0,dup-00418,duplicate,media-audit-d2eb35fe190857f8
inv-01245,weaponized-podcast,WEAPONIZED,2025-weaponized-episode-98,podcast_episode,98,WEAPONIZED Episode #98 — Reassessing the James Lacatski Revelations,2025-11-18,mediaLinks,1,Listen to WEAPONIZED,https://link.chtbl.com/Weaponized,https://link.chtbl.com/Weaponized,e431bef40967149e37ee,Official audio feed,series,web_page,True,legacy_unspecified,approved,,False,False,network_check_pending,2026-07-28T00:00:00Z,23.5C.1-1.0.0,dup-00417,duplicate,media-audit-565565c9fd242e96
inv-01246,weaponized-podcast,WEAPONIZED,2025-weaponized-episode-98,podcast_episode,98,WEAPONIZED Episode #98 — Reassessing the James Lacatski Revelations,2025-11-18,referenceSources,0,Official WEAPONIZED Episode #98 page,https://www.weaponizedpodcast.com/episodes-4/episode-98,https://weaponizedpodcast.com/episodes-4/episode-98,257679cb50b4e9ba1ff4,WEAPONIZED website,episode,web_page,False,legacy_unspecified,approved,,False,False,network_check_pending,2026-07-28T00:00:00Z,23.5C.1-1.0.0,dup-00418,duplicate,media-audit-d2eb35fe190857f8
inv-01247,weaponized-podcast,WEAPONIZED,2025-weaponized-episode-98,podcast_episode,98,WEAPONIZED Episode #98 — Reassessing the James Lacatski Revelations,2025-11-18,referenceSources,1,Listen to WEAPONIZED,https://link.chtbl.com/Weaponized,https://link.chtbl.com/Weaponized,e431bef40967149e37ee,link.chtbl.com,series,web_page,False,legacy_unspecified,approved,,False,False,network_check_pending,2026-07-28T00:00:00Z,23.5C.1-1.0.0,dup-00417,duplicate,media-audit-565565c9fd242e96
inv-01248,weaponized-podcast,WEAPONIZED,2025-weaponized-episode-99,podcast_episode,99,WEAPONIZED Episode #99 — Is This a Pivotal Moment for UFO Disclosure?,2025-11-26,officialMedia,0,Open Official Episode Page,https://www.weaponizedpodcast.com/episodes-4/episode-99,https://weaponizedpodcast.com/episodes-4/episode-99,9cb496c7faf16d1efd64,Official website,episode,web_page,True,verified,approved,1,False,False,network_check_pending,2026-07-28T00:00:00Z,23.5C.1-1.0.0,dup-00420,authoritative,media-audit-589270d3367cf2d5
inv-01249,weaponized-podcast,WEAPONIZED,2025-weaponized-episode-99,podcast_episode,99,WEAPONIZED Episode #99 — Is This a Pivotal Moment for UFO Disclosure?,2025-11-26,officialMedia,1,Browse Official Podcast Archive,https://link.chtbl.com/Weaponized,https://link.chtbl.com/Weaponized,e431bef40967149e37ee,RSS,series,audio,True,verified,approved,6,False,False,network_check_pending,2026-07-28T00:00:00Z,23.5C.1-1.0.0,dup-00419,authoritative,media-audit-930748cbef8a9461
inv-01250,weaponized-podcast,WEAPONIZED,2025-weaponized-episode-99,podcast_episode,99,WEAPONIZED Episode #99 — Is This a Pivotal Moment for UFO Disclosure?,2025-11-26,mediaLinks,0,Open the official Episode #99 page,https://www.weaponizedpodcast.com/episodes-4/episode-99,https://weaponizedpodcast.com/episodes-4/episode-99,9cb496c7faf16d1efd64,WEAPONIZED,episode,web_page,True,legacy_unspecified,approved,,False,False,network_check_pending,2026-07-28T00:00:00Z,23.5C.1-1.0.0,dup-00420,duplicate,media-audit-589270d3367cf2d5
inv-01251,weaponized-podcast,WEAPONIZED,2025-weaponized-episode-99,podcast_episode,99,WEAPONIZED Episode #99 — Is This a Pivotal Moment for UFO Disclosure?,2025-11-26,mediaLinks,1,Listen to WEAPONIZED,https://link.chtbl.com/Weaponized,https://link.chtbl.com/Weaponized,e431bef40967149e37ee,Official audio feed,series,web_page,True,legacy_unspecified,approved,,False,False,network_check_pending,2026-07-28T00:00:00Z,23.5C.1-1.0.0,dup-00419,duplicate,media-audit-930748cbef8a9461
inv-01252,weaponized-podcast,WEAPONIZED,2025-weaponized-episode-99,podcast_episode,99,WEAPONIZED Episode #99 — Is This a Pivotal Moment for UFO Disclosure?,2025-11-26,referenceSources,0,Official WEAPONIZED Episode #99 page,https://www.weaponizedpodcast.com/episodes-4/episode-99,https://weaponizedpodcast.com/episodes-4/episode-99,9cb496c7faf16d1efd64,WEAPONIZED website,episode,web_page,False,legacy_unspecified,approved,,False,False,network_check_pending,2026-07-28T00:00:00Z,23.5C.1-1.0.0,dup-00420,duplicate,media-audit-589270d3367cf2d5
inv-01253,weaponized-podcast,WEAPONIZED,2025-weaponized-episode-99,podcast_episode,99,WEAPONIZED Episode #99 — Is This a Pivotal Moment for UFO Disclosure?,2025-11-26,referenceSources,1,Listen to WEAPONIZED,https://link.chtbl.com/Weaponized,https://link.chtbl.com/Weaponized,e431bef40967149e37ee,link.chtbl.com,series,web_page,False,legacy_unspecified,approved,,False,False,network_check_pending,2026-07-28T00:00:00Z,23.5C.1-1.0.0,dup-00419,duplicate,media-audit-930748cbef8a9461
inv-01254,need-to-know-podcast,Need to Know,2026-need-to-know-episode-70,podcast_episode,70,Need to Know Episode #70 — Turn the Page,2026-01-02,officialMedia,0,Watch on YouTube,https://www.youtube.com/watch?v=EHDcnPDUlXU,https://youtube.com/watch?v=EHDcnPDUlXU,bd1ee7be5f5ba2d1cd74,YouTube,episode,video,True,verified,approved,2,False,False,network_check_pending,2026-07-28T00:00:00Z,23.5C.1-1.0.0,dup-00422,authoritative,media-audit-8c5b5d0a83afea11
inv-01255,need-to-know-podcast,Need to Know,2026-need-to-know-episode-70,podcast_episode,70,Need to Know Episode #70 — Turn the Page,2026-01-02,officialMedia,1,Browse Official YouTube Playlist,https://www.youtube.com/playlist?list=PLXdU8QbJkboePTgyvfpJ6X8MXWPkfxOgv,https://youtube.com/playlist?list=PLXdU8QbJkboePTgyvfpJ6X8MXWPkfxOgv,6bb08cae2d8688617e2b,YouTube,playlist,video,True,verified,approved,6,False,False,network_check_pending,2026-07-28T00:00:00Z,23.5C.1-1.0.0,dup-00421,authoritative,media-audit-641264e67b9bf66b
inv-01256,need-to-know-podcast,Need to Know,2026-need-to-know-episode-70,podcast_episode,70,Need to Know Episode #70 — Turn the Page,2026-01-02,mediaLinks,0,Watch Need to Know Episode #70 on YouTube,https://www.youtube.com/watch?v=EHDcnPDUlXU,https://youtube.com/watch?v=EHDcnPDUlXU,bd1ee7be5f5ba2d1cd74,YouTube,episode,video,True,legacy_unspecified,approved,,False,False,network_check_pending,2026-07-28T00:00:00Z,23.5C.1-1.0.0,dup-00422,duplicate,media-audit-8c5b5d0a83afea11
inv-01257,need-to-know-podcast,Need to Know,2026-need-to-know-episode-70,podcast_episode,70,Need to Know Episode #70 — Turn the Page,2026-01-02,mediaLinks,1,Watch the official Need to Know collection,https://www.youtube.com/playlist?list=PLXdU8QbJkboePTgyvfpJ6X8MXWPkfxOgv,https://youtube.com/playlist?list=PLXdU8QbJkboePTgyvfpJ6X8MXWPkfxOgv,6bb08cae2d8688617e2b,YouTube,playlist,video,True,legacy_unspecified,approved,,False,False,network_check_pending,2026-07-28T00:00:00Z,23.5C.1-1.0.0,dup-00421,duplicate,media-audit-641264e67b9bf66b
inv-01258,need-to-know-podcast,Need to Know,2026-need-to-know-episode-70,podcast_episode,70,Need to Know Episode #70 — Turn the Page,2026-01-02,referenceSources,0,Official Need to Know Episode 70 video — Turn the Page,https://www.youtube.com/watch?v=EHDcnPDUlXU,https://youtube.com/watch?v=EHDcnPDUlXU,bd1ee7be5f5ba2d1cd74,YouTube,episode,video,False,legacy_unspecified,approved,,False,False,network_check_pending,2026-07-28T00:00:00Z,23.5C.1-1.0.0,dup-00422,duplicate,media-audit-8c5b5d0a83afea11
inv-01259,need-to-know-podcast,Need to Know,2026-need-to-know-episode-70,podcast_episode,70,Need to Know Episode #70 — Turn the Page,2026-01-02,referenceSources,1,Need to Know official YouTube collection,https://www.youtube.com/playlist?list=PLXdU8QbJkboePTgyvfpJ6X8MXWPkfxOgv,https://youtube.com/playlist?list=PLXdU8QbJkboePTgyvfpJ6X8MXWPkfxOgv,6bb08cae2d8688617e2b,YouTube,playlist,video,False,legacy_unspecified,approved,,False,False,network_check_pending,2026-07-28T00:00:00Z,23.5C.1-1.0.0,dup-00421,duplicate,media-audit-641264e67b9bf66b
inv-01260,need-to-know-podcast,Need to Know,2026-need-to-know-episode-71,podcast_episode,71,Need to Know Episode #71 — Crash,2026-02-16,officialMedia,0,Watch on YouTube,https://www.youtube.com/watch?v=pzAOCST4mB4,https://youtube.com/watch?v=pzAOCST4mB4,44018a8a9c47684fe6a5,YouTube,episode,video,True,verified,approved,2,False,False,network_check_pending,2026-07-28T00:00:00Z,23.5C.1-1.0.0,dup-00424,authoritative,media-audit-7e03c69169f1fa32
inv-01261,need-to-know-podcast,Need to Know,2026-need-to-know-episode-71,podcast_episode,71,Need to Know Episode #71 — Crash,2026-02-16,officialMedia,1,Browse Official YouTube Playlist,https://www.youtube.com/playlist?list=PLXdU8QbJkboePTgyvfpJ6X8MXWPkfxOgv,https://youtube.com/playlist?list=PLXdU8QbJkboePTgyvfpJ6X8MXWPkfxOgv,6bb08cae2d8688617e2b,YouTube,playlist,video,True,verified,approved,6,False,False,network_check_pending,2026-07-28T00:00:00Z,23.5C.1-1.0.0,dup-00423,authoritative,media-audit-df9799620f9dbf5a
inv-01262,need-to-know-podcast,Need to Know,2026-need-to-know-episode-71,podcast_episode,71,Need to Know Episode #71 — Crash,2026-02-16,mediaLinks,0,Watch Need to Know Episode #71 on YouTube,https://www.youtube.com/watch?v=pzAOCST4mB4,https://youtube.com/watch?v=pzAOCST4mB4,44018a8a9c47684fe6a5,YouTube,episode,video,True,legacy_unspecified,approved,,False,False,network_check_pending,2026-07-28T00:00:00Z,23.5C.1-1.0.0,dup-00424,duplicate,media-audit-7e03c69169f1fa32
inv-01263,need-to-know-podcast,Need to Know,2026-need-to-know-episode-71,podcast_episode,71,Need to Know Episode #71 — Crash,2026-02-16,mediaLinks,1,Watch the official Need to Know collection,https://www.youtube.com/playlist?list=PLXdU8QbJkboePTgyvfpJ6X8MXWPkfxOgv,https://youtube.com/playlist?list=PLXdU8QbJkboePTgyvfpJ6X8MXWPkfxOgv,6bb08cae2d8688617e2b,YouTube,playlist,video,True,legacy_unspecified,approved,,False,False,network_check_pending,2026-07-28T00:00:00Z,23.5C.1-1.0.0,dup-00423,duplicate,media-audit-df9799620f9dbf5a
inv-01264,need-to-know-podcast,Need to Know,2026-need-to-know-episode-71,podcast_episode,71,Need to Know Episode #71 — Crash,2026-02-16,referenceSources,0,Official Need to Know Episode 71 video — Crash,https://www.youtube.com/watch?v=pzAOCST4mB4,https://youtube.com/watch?v=pzAOCST4mB4,44018a8a9c47684fe6a5,YouTube,episode,video,False,legacy_unspecified,approved,,False,False,network_check_pending,2026-07-28T00:00:00Z,23.5C.1-1.0.0,dup-00424,duplicate,media-audit-7e03c69169f1fa32
inv-01265,need-to-know-podcast,Need to Know,2026-need-to-know-episode-71,podcast_episode,71,Need to Know Episode #71 — Crash,2026-02-16,referenceSources,1,Need to Know official YouTube collection,https://www.youtube.com/playlist?list=PLXdU8QbJkboePTgyvfpJ6X8MXWPkfxOgv,https://youtube.com/playlist?list=PLXdU8QbJkboePTgyvfpJ6X8MXWPkfxOgv,6bb08cae2d8688617e2b,YouTube,playlist,video,False,legacy_unspecified,approved,,False,False,network_check_pending,2026-07-28T00:00:00Z,23.5C.1-1.0.0,dup-00423,duplicate,media-audit-df9799620f9dbf5a
inv-01266,need-to-know-podcast,Need to Know,2026-need-to-know-episode-72,podcast_episode,72,Need to Know Episode #72 — UFO Hail Mary,2026-03-30,officialMedia,0,Watch on YouTube,https://www.youtube.com/watch?v=JiiXNgQ4qL8,https://youtube.com/watch?v=JiiXNgQ4qL8,224ebfad22a53e51ddfc,YouTube,episode,video,True,verified,approved,2,False,False,network_check_pending,2026-07-28T00:00:00Z,23.5C.1-1.0.0,dup-00426,authoritative,media-audit-ba83cc022b2a7b54
inv-01267,need-to-know-podcast,Need to Know,2026-need-to-know-episode-72,podcast_episode,72,Need to Know Episode #72 — UFO Hail Mary,2026-03-30,officialMedia,1,Browse Official YouTube Playlist,https://www.youtube.com/playlist?list=PLXdU8QbJkboePTgyvfpJ6X8MXWPkfxOgv,https://youtube.com/playlist?list=PLXdU8QbJkboePTgyvfpJ6X8MXWPkfxOgv,6bb08cae2d8688617e2b,YouTube,playlist,video,True,verified,approved,6,False,False,network_check_pending,2026-07-28T00:00:00Z,23.5C.1-1.0.0,dup-00425,authoritative,media-audit-fc2eedc35f450ad0
inv-01268,need-to-know-podcast,Need to Know,2026-need-to-know-episode-72,podcast_episode,72,Need to Know Episode #72 — UFO Hail Mary,2026-03-30,mediaLinks,0,Watch Need to Know Episode #72 on YouTube,https://www.youtube.com/watch?v=JiiXNgQ4qL8,https://youtube.com/watch?v=JiiXNgQ4qL8,224ebfad22a53e51ddfc,YouTube,episode,video,True,legacy_unspecified,approved,,False,False,network_check_pending,2026-07-28T00:00:00Z,23.5C.1-1.0.0,dup-00426,duplicate,media-audit-ba83cc022b2a7b54
inv-01269,need-to-know-podcast,Need to Know,2026-need-to-know-episode-72,podcast_episode,72,Need to Know Episode #72 — UFO Hail Mary,2026-03-30,mediaLinks,1,Watch the official Need to Know collection,https://www.youtube.com/playlist?list=PLXdU8QbJkboePTgyvfpJ6X8MXWPkfxOgv,https://youtube.com/playlist?list=PLXdU8QbJkboePTgyvfpJ6X8MXWPkfxOgv,6bb08cae2d8688617e2b,YouTube,playlist,video,True,legacy_unspecified,approved,,False,False,network_check_pending,2026-07-28T00:00:00Z,23.5C.1-1.0.0,dup-00425,duplicate,media-audit-fc2eedc35f450ad0
inv-01270,need-to-know-podcast,Need to Know,2026-need-to-know-episode-72,podcast_episode,72,Need to Know Episode #72 — UFO Hail Mary,2026-03-30,referenceSources,0,Official Need to Know Episode 72 video — UFO Hail Mary,https://www.youtube.com/watch?v=JiiXNgQ4qL8,https://youtube.com/watch?v=JiiXNgQ4qL8,224ebfad22a53e51ddfc,YouTube,episode,video,False,legacy_unspecified,approved,,False,False,network_check_pending,2026-07-28T00:00:00Z,23.5C.1-1.0.0,dup-00426,duplicate,media-audit-ba83cc022b2a7b54
inv-01271,need-to-know-podcast,Need to Know,2026-need-to-know-episode-72,podcast_episode,72,Need to Know Episode #72 — UFO Hail Mary,2026-03-30,referenceSources,1,Need to Know official YouTube collection,https://www.youtube.com/playlist?list=PLXdU8QbJkboePTgyvfpJ6X8MXWPkfxOgv,https://youtube.com/playlist?list=PLXdU8QbJkboePTgyvfpJ6X8MXWPkfxOgv,6bb08cae2d8688617e2b,YouTube,playlist,video,False,legacy_unspecified,approved,,False,False,network_check_pending,2026-07-28T00:00:00Z,23.5C.1-1.0.0,dup-00425,duplicate,media-audit-fc2eedc35f450ad0
inv-01272,need-to-know-podcast,Need to Know,2026-need-to-know-episode-73,podcast_episode,73,Need to Know Episode #73 — UFO Disclosure Plot Twist,2026-05-10,officialMedia,0,Watch on YouTube,https://www.youtube.com/watch?v=8C1pgdKUuoQ,https://youtube.com/watch?v=8C1pgdKUuoQ,dee54077d68df9f6c55f,YouTube,episode,video,True,verified,approved,2,False,False,network_check_pending,2026-07-28T00:00:00Z,23.5C.1-1.0.0,dup-00428,authoritative,media-audit-892edd33ab7f6a5f
inv-01273,need-to-know-podcast,Need to Know,2026-need-to-know-episode-73,podcast_episode,73,Need to Know Episode #73 — UFO Disclosure Plot Twist,2026-05-10,officialMedia,1,Browse Official YouTube Playlist,https://www.youtube.com/playlist?list=PLXdU8QbJkboePTgyvfpJ6X8MXWPkfxOgv,https://youtube.com/playlist?list=PLXdU8QbJkboePTgyvfpJ6X8MXWPkfxOgv,6bb08cae2d8688617e2b,YouTube,playlist,video,True,verified,approved,6,False,False,network_check_pending,2026-07-28T00:00:00Z,23.5C.1-1.0.0,dup-00427,authoritative,media-audit-d2cc43eb93ffaf70
inv-01274,need-to-know-podcast,Need to Know,2026-need-to-know-episode-73,podcast_episode,73,Need to Know Episode #73 — UFO Disclosure Plot Twist,2026-05-10,mediaLinks,0,Watch Need to Know Episode #73 on YouTube,https://www.youtube.com/watch?v=8C1pgdKUuoQ,https://youtube.com/watch?v=8C1pgdKUuoQ,dee54077d68df9f6c55f,YouTube,episode,video,True,legacy_unspecified,approved,,False,False,network_check_pending,2026-07-28T00:00:00Z,23.5C.1-1.0.0,dup-00428,duplicate,media-audit-892edd33ab7f6a5f
inv-01275,need-to-know-podcast,Need to Know,2026-need-to-know-episode-73,podcast_episode,73,Need to Know Episode #73 — UFO Disclosure Plot Twist,2026-05-10,mediaLinks,1,Watch the official Need to Know collection,https://www.youtube.com/playlist?list=PLXdU8QbJkboePTgyvfpJ6X8MXWPkfxOgv,https://youtube.com/playlist?list=PLXdU8QbJkboePTgyvfpJ6X8MXWPkfxOgv,6bb08cae2d8688617e2b,YouTube,playlist,video,True,legacy_unspecified,approved,,False,False,network_check_pending,2026-07-28T00:00:00Z,23.5C.1-1.0.0,dup-00427,duplicate,media-audit-d2cc43eb93ffaf70
inv-01276,need-to-know-podcast,Need to Know,2026-need-to-know-episode-73,podcast_episode,73,Need to Know Episode #73 — UFO Disclosure Plot Twist,2026-05-10,referenceSources,0,Official Need to Know Episode 73 video — UFO Disclosure Plot Twist,https://www.youtube.com/watch?v=8C1pgdKUuoQ,https://youtube.com/watch?v=8C1pgdKUuoQ,dee54077d68df9f6c55f,YouTube,episode,video,False,legacy_unspecified,approved,,False,False,network_check_pending,2026-07-28T00:00:00Z,23.5C.1-1.0.0,dup-00428,duplicate,media-audit-892edd33ab7f6a5f
inv-01277,need-to-know-podcast,Need to Know,2026-need-to-know-episode-73,podcast_episode,73,Need to Know Episode #73 — UFO Disclosure Plot Twist,2026-05-10,referenceSources,1,Need to Know official YouTube collection,https://www.youtube.com/playlist?list=PLXdU8QbJkboePTgyvfpJ6X8MXWPkfxOgv,https://youtube.com/playlist?list=PLXdU8QbJkboePTgyvfpJ6X8MXWPkfxOgv,6bb08cae2d8688617e2b,YouTube,playlist,video,False,legacy_unspecified,approved,,False,False,network_check_pending,2026-07-28T00:00:00Z,23.5C.1-1.0.0,dup-00427,duplicate,media-audit-d2cc43eb93ffaf70
inv-01278,need-to-know-podcast,Need to Know,2026-need-to-know-episode-74,podcast_episode,74,Need to Know Episode #74 — The Day After Disclosure Day,2026-06-04,officialMedia,0,Watch on YouTube,https://www.youtube.com/watch?v=P6oX5E5zXa4,https://youtube.com/watch?v=P6oX5E5zXa4,7bb4b7dd45809f12ab55,YouTube,episode,video,True,verified,approved,2,False,False,network_check_pending,2026-07-28T00:00:00Z,23.5C.1-1.0.0,dup-00430,authoritative,media-audit-5a63811dfe8983c1
inv-01279,need-to-know-podcast,Need to Know,2026-need-to-know-episode-74,podcast_episode,74,Need to Know Episode #74 — The Day After Disclosure Day,2026-06-04,officialMedia,1,Browse Official YouTube Playlist,https://www.youtube.com/playlist?list=PLXdU8QbJkboePTgyvfpJ6X8MXWPkfxOgv,https://youtube.com/playlist?list=PLXdU8QbJkboePTgyvfpJ6X8MXWPkfxOgv,6bb08cae2d8688617e2b,YouTube,playlist,video,True,verified,approved,6,False,False,network_check_pending,2026-07-28T00:00:00Z,23.5C.1-1.0.0,dup-00429,authoritative,media-audit-90e3b8daa26153e2
inv-01280,need-to-know-podcast,Need to Know,2026-need-to-know-episode-74,podcast_episode,74,Need to Know Episode #74 — The Day After Disclosure Day,2026-06-04,mediaLinks,0,Watch Need to Know Episode #74 on YouTube,https://www.youtube.com/watch?v=P6oX5E5zXa4,https://youtube.com/watch?v=P6oX5E5zXa4,7bb4b7dd45809f12ab55,YouTube,episode,video,True,legacy_unspecified,approved,,False,False,network_check_pending,2026-07-28T00:00:00Z,23.5C.1-1.0.0,dup-00430,duplicate,media-audit-5a63811dfe8983c1
inv-01281,need-to-know-podcast,Need to Know,2026-need-to-know-episode-74,podcast_episode,74,Need to Know Episode #74 — The Day After Disclosure Day,2026-06-04,mediaLinks,1,Watch the official Need to Know collection,https://www.youtube.com/playlist?list=PLXdU8QbJkboePTgyvfpJ6X8MXWPkfxOgv,https://youtube.com/playlist?list=PLXdU8QbJkboePTgyvfpJ6X8MXWPkfxOgv,6bb08cae2d8688617e2b,YouTube,playlist,video,True,legacy_unspecified,approved,,False,False,network_check_pending,2026-07-28T00:00:00Z,23.5C.1-1.0.0,dup-00429,duplicate,media-audit-90e3b8daa26153e2
inv-01282,need-to-know-podcast,Need to Know,2026-need-to-know-episode-74,podcast_episode,74,Need to Know Episode #74 — The Day After Disclosure Day,2026-06-04,referenceSources,0,Official Need to Know Episode 74 video — The Day After Disclosure Day,https://www.youtube.com/watch?v=P6oX5E5zXa4,https://youtube.com/watch?v=P6oX5E5zXa4,7bb4b7dd45809f12ab55,YouTube,episode,video,False,legacy_unspecified,approved,,False,False,network_check_pending,2026-07-28T00:00:00Z,23.5C.1-1.0.0,dup-00430,duplicate,media-audit-5a63811dfe8983c1
inv-01283,need-to-know-podcast,Need to Know,2026-need-to-know-episode-74,podcast_episode,74,Need to Know Episode #74 — The Day After Disclosure Day,2026-06-04,referenceSources,1,Need to Know official YouTube collection,https://www.youtube.com/playlist?list=PLXdU8QbJkboePTgyvfpJ6X8MXWPkfxOgv,https://youtube.com/playlist?list=PLXdU8QbJkboePTgyvfpJ6X8MXWPkfxOgv,6bb08cae2d8688617e2b,YouTube,playlist,video,False,legacy_unspecified,approved,,False,False,network_check_pending,2026-07-28T00:00:00Z,23.5C.1-1.0.0,dup-00429,duplicate,media-audit-90e3b8daa26153e2
inv-01284,need-to-know-podcast,Need to Know,2026-need-to-know-episode-75,podcast_episode,75,Need to Know Episode #75 — Is the Tic Tac Really Lockheed Martin Technology?,2026-07-05,officialMedia,0,Watch on YouTube,https://www.youtube.com/watch?v=A7t5jd2FDJ4,https://youtube.com/watch?v=A7t5jd2FDJ4,f135b96ceea67eac168b,YouTube,episode,video,True,verified,approved,2,False,False,network_check_pending,2026-07-28T00:00:00Z,23.5C.1-1.0.0,dup-00432,authoritative,media-audit-f85c99bbdf4a3345
inv-01285,need-to-know-podcast,Need to Know,2026-need-to-know-episode-75,podcast_episode,75,Need to Know Episode #75 — Is the Tic Tac Really Lockheed Martin Technology?,2026-07-05,officialMedia,1,Browse Official YouTube Playlist,https://www.youtube.com/playlist?list=PLXdU8QbJkboePTgyvfpJ6X8MXWPkfxOgv,https://youtube.com/playlist?list=PLXdU8QbJkboePTgyvfpJ6X8MXWPkfxOgv,6bb08cae2d8688617e2b,YouTube,playlist,video,True,verified,approved,6,False,False,network_check_pending,2026-07-28T00:00:00Z,23.5C.1-1.0.0,dup-00431,authoritative,media-audit-740ca4054b8ac55f
inv-01286,need-to-know-podcast,Need to Know,2026-need-to-know-episode-75,podcast_episode,75,Need to Know Episode #75 — Is the Tic Tac Really Lockheed Martin Technology?,2026-07-05,mediaLinks,0,Watch Need to Know Episode #75 on YouTube,https://www.youtube.com/watch?v=A7t5jd2FDJ4,https://youtube.com/watch?v=A7t5jd2FDJ4,f135b96ceea67eac168b,YouTube,episode,video,True,legacy_unspecified,approved,,False,False,network_check_pending,2026-07-28T00:00:00Z,23.5C.1-1.0.0,dup-00432,duplicate,media-audit-f85c99bbdf4a3345
inv-01287,need-to-know-podcast,Need to Know,2026-need-to-know-episode-75,podcast_episode,75,Need to Know Episode #75 — Is the Tic Tac Really Lockheed Martin Technology?,2026-07-05,mediaLinks,1,Watch the official Need to Know collection,https://www.youtube.com/playlist?list=PLXdU8QbJkboePTgyvfpJ6X8MXWPkfxOgv,https://youtube.com/playlist?list=PLXdU8QbJkboePTgyvfpJ6X8MXWPkfxOgv,6bb08cae2d8688617e2b,YouTube,playlist,video,True,legacy_unspecified,approved,,False,False,network_check_pending,2026-07-28T00:00:00Z,23.5C.1-1.0.0,dup-00431,duplicate,media-audit-740ca4054b8ac55f
inv-01288,need-to-know-podcast,Need to Know,2026-need-to-know-episode-75,podcast_episode,75,Need to Know Episode #75 — Is the Tic Tac Really Lockheed Martin Technology?,2026-07-05,referenceSources,0,Official Need to Know Episode 75 video — Is the Tic Tac Really Lockheed Martin Technology?,https://www.youtube.com/watch?v=A7t5jd2FDJ4,https://youtube.com/watch?v=A7t5jd2FDJ4,f135b96ceea67eac168b,YouTube,episode,video,False,legacy_unspecified,approved,,False,False,network_check_pending,2026-07-28T00:00:00Z,23.5C.1-1.0.0,dup-00432,duplicate,media-audit-f85c99bbdf4a3345
inv-01289,need-to-know-podcast,Need to Know,2026-need-to-know-episode-75,podcast_episode,75,Need to Know Episode #75 — Is the Tic Tac Really Lockheed Martin Technology?,2026-07-05,referenceSources,1,Need to Know official YouTube collection,https://www.youtube.com/playlist?list=PLXdU8QbJkboePTgyvfpJ6X8MXWPkfxOgv,https://youtube.com/playlist?list=PLXdU8QbJkboePTgyvfpJ6X8MXWPkfxOgv,6bb08cae2d8688617e2b,YouTube,playlist,video,False,legacy_unspecified,approved,,False,False,network_check_pending,2026-07-28T00:00:00Z,23.5C.1-1.0.0,dup-00431,duplicate,media-audit-740ca4054b8ac55f
inv-01290,weaponized-podcast,WEAPONIZED,2026-weaponized-episode-103,podcast_episode,103,"WEAPONIZED Episode #103 — 2025 Year in Review — Progress, Evidence, and Pushback",2026-01-01,officialMedia,0,Open Official Episode Page,https://www.weaponizedpodcast.com/episodes-4/episode-103,https://weaponizedpodcast.com/episodes-4/episode-103,0a68f8765c0c85c3aef5,Official website,episode,web_page,True,verified,approved,1,False,False,network_check_pending,2026-07-28T00:00:00Z,23.5C.1-1.0.0,dup-00434,authoritative,media-audit-6913c74d3b367bf4
inv-01291,weaponized-podcast,WEAPONIZED,2026-weaponized-episode-103,podcast_episode,103,"WEAPONIZED Episode #103 — 2025 Year in Review — Progress, Evidence, and Pushback",2026-01-01,officialMedia,1,Browse Official Podcast Archive,https://link.chtbl.com/Weaponized,https://link.chtbl.com/Weaponized,e431bef40967149e37ee,RSS,series,audio,True,verified,approved,6,False,False,network_check_pending,2026-07-28T00:00:00Z,23.5C.1-1.0.0,dup-00433,authoritative,media-audit-0d125e95a0dcd897
inv-01292,weaponized-podcast,WEAPONIZED,2026-weaponized-episode-103,podcast_episode,103,"WEAPONIZED Episode #103 — 2025 Year in Review — Progress, Evidence, and Pushback",2026-01-01,mediaLinks,0,Open the official Episode #103 page,https://www.weaponizedpodcast.com/episodes-4/episode-103,https://weaponizedpodcast.com/episodes-4/episode-103,0a68f8765c0c85c3aef5,WEAPONIZED,episode,web_page,True,legacy_unspecified,approved,,False,False,network_check_pending,2026-07-28T00:00:00Z,23.5C.1-1.0.0,dup-00434,duplicate,media-audit-6913c74d3b367bf4
inv-01293,weaponized-podcast,WEAPONIZED,2026-weaponized-episode-103,podcast_episode,103,"WEAPONIZED Episode #103 — 2025 Year in Review — Progress, Evidence, and Pushback",2026-01-01,mediaLinks,1,Listen to WEAPONIZED,https://link.chtbl.com/Weaponized,https://link.chtbl.com/Weaponized,e431bef40967149e37ee,Official audio feed,series,web_page,True,legacy_unspecified,approved,,False,False,network_check_pending,2026-07-28T00:00:00Z,23.5C.1-1.0.0,dup-00433,duplicate,media-audit-0d125e95a0dcd897
inv-01294,weaponized-podcast,WEAPONIZED,2026-weaponized-episode-103,podcast_episode,103,"WEAPONIZED Episode #103 — 2025 Year in Review — Progress, Evidence, and Pushback",2026-01-01,referenceSources,0,Official WEAPONIZED Episode #103 page,https://www.weaponizedpodcast.com/episodes-4/episode-103,https://weaponizedpodcast.com/episodes-4/episode-103,0a68f8765c0c85c3aef5,WEAPONIZED website,episode,web_page,False,legacy_unspecified,approved,,False,False,network_check_pending,2026-07-28T00:00:00Z,23.5C.1-1.0.0,dup-00434,duplicate,media-audit-6913c74d3b367bf4
inv-01295,weaponized-podcast,WEAPONIZED,2026-weaponized-episode-103,podcast_episode,103,"WEAPONIZED Episode #103 — 2025 Year in Review — Progress, Evidence, and Pushback",2026-01-01,referenceSources,1,Listen to WEAPONIZED,https://link.chtbl.com/Weaponized,https://link.chtbl.com/Weaponized,e431bef40967149e37ee,link.chtbl.com,series,web_page,False,legacy_unspecified,approved,,False,False,network_check_pending,2026-07-28T00:00:00Z,23.5C.1-1.0.0,dup-00433,duplicate,media-audit-0d125e95a0dcd897
inv-01296,weaponized-podcast,WEAPONIZED,2026-weaponized-episode-104,podcast_episode,104,WEAPONIZED Episode #104 — Nazca Mummies — Scientific Criticism and Evidence Tampering,2026-01-08,officialMedia,0,Open Official Episode Page,https://www.weaponizedpodcast.com/episodes-4/episode-104,https://weaponizedpodcast.com/episodes-4/episode-104,2497ede0736fbb3f0624,Official website,episode,web_page,True,verified,approved,1,False,False,network_check_pending,2026-07-28T00:00:00Z,23.5C.1-1.0.0,dup-00436,authoritative,media-audit-589dd23aa954cc68
inv-01297,weaponized-podcast,WEAPONIZED,2026-weaponized-episode-104,podcast_episode,104,WEAPONIZED Episode #104 — Nazca Mummies — Scientific Criticism and Evidence Tampering,2026-01-08,officialMedia,1,Browse Official Podcast Archive,https://link.chtbl.com/Weaponized,https://link.chtbl.com/Weaponized,e431bef40967149e37ee,RSS,series,audio,True,verified,approved,6,False,False,network_check_pending,2026-07-28T00:00:00Z,23.5C.1-1.0.0,dup-00435,authoritative,media-audit-87f19da679cc6417
inv-01298,weaponized-podcast,WEAPONIZED,2026-weaponized-episode-104,podcast_episode,104,WEAPONIZED Episode #104 — Nazca Mummies — Scientific Criticism and Evidence Tampering,2026-01-08,mediaLinks,0,Open the official Episode #104 page,https://www.weaponizedpodcast.com/episodes-4/episode-104,https://weaponizedpodcast.com/episodes-4/episode-104,2497ede0736fbb3f0624,WEAPONIZED,episode,web_page,True,legacy_unspecified,approved,,False,False,network_check_pending,2026-07-28T00:00:00Z,23.5C.1-1.0.0,dup-00436,duplicate,media-audit-589dd23aa954cc68
inv-01299,weaponized-podcast,WEAPONIZED,2026-weaponized-episode-104,podcast_episode,104,WEAPONIZED Episode #104 — Nazca Mummies — Scientific Criticism and Evidence Tampering,2026-01-08,mediaLinks,1,Listen to WEAPONIZED,https://link.chtbl.com/Weaponized,https://link.chtbl.com/Weaponized,e431bef40967149e37ee,Official audio feed,series,web_page,True,legacy_unspecified,approved,,False,False,network_check_pending,2026-07-28T00:00:00Z,23.5C.1-1.0.0,dup-00435,duplicate,media-audit-87f19da679cc6417
inv-01300,weaponized-podcast,WEAPONIZED,2026-weaponized-episode-104,podcast_episode,104,WEAPONIZED Episode #104 — Nazca Mummies — Scientific Criticism and Evidence Tampering,2026-01-08,referenceSources,0,Official WEAPONIZED Episode #104 page,https://www.weaponizedpodcast.com/episodes-4/episode-104,https://weaponizedpodcast.com/episodes-4/episode-104,2497ede0736fbb3f0624,WEAPONIZED website,episode,web_page,False,legacy_unspecified,approved,,False,False,network_check_pending,2026-07-28T00:00:00Z,23.5C.1-1.0.0,dup-00436,duplicate,media-audit-589dd23aa954cc68
inv-01301,weaponized-podcast,WEAPONIZED,2026-weaponized-episode-104,podcast_episode,104,WEAPONIZED Episode #104 — Nazca Mummies — Scientific Criticism and Evidence Tampering,2026-01-08,referenceSources,1,Listen to WEAPONIZED,https://link.chtbl.com/Weaponized,https://link.chtbl.com/Weaponized,e431bef40967149e37ee,link.chtbl.com,series,web_page,False,legacy_unspecified,approved,,False,False,network_check_pending,2026-07-28T00:00:00Z,23.5C.1-1.0.0,dup-00435,duplicate,media-audit-87f19da679cc6417
inv-01302,weaponized-podcast,WEAPONIZED,2026-weaponized-episode-105,podcast_episode,105,WEAPONIZED Episode #105 — James Fox — New Varginha Witnesses and the Continuing Cover-Up,2026-01-13,officialMedia,0,Open Official Episode Page,https://www.weaponizedpodcast.com/episodes-4/episode-105,https://weaponizedpodcast.com/episodes-4/episode-105,601a64af14916aed3d34,Official website,episode,web_page,True,verified,approved,1,False,False,network_check_pending,2026-07-28T00:00:00Z,23.5C.1-1.0.0,dup-00438,authoritative,media-audit-17e019e78528d415
inv-01303,weaponized-podcast,WEAPONIZED,2026-weaponized-episode-105,podcast_episode,105,WEAPONIZED Episode #105 — James Fox — New Varginha Witnesses and the Continuing Cover-Up,2026-01-13,officialMedia,1,Browse Official Podcast Archive,https://link.chtbl.com/Weaponized,https://link.chtbl.com/Weaponized,e431bef40967149e37ee,RSS,series,audio,True,verified,approved,6,False,False,network_check_pending,2026-07-28T00:00:00Z,23.5C.1-1.0.0,dup-00437,authoritative,media-audit-ed7f34c6015b154b
inv-01304,weaponized-podcast,WEAPONIZED,2026-weaponized-episode-105,podcast_episode,105,WEAPONIZED Episode #105 — James Fox — New Varginha Witnesses and the Continuing Cover-Up,2026-01-13,mediaLinks,0,Open the official Episode #105 page,https://www.weaponizedpodcast.com/episodes-4/episode-105,https://weaponizedpodcast.com/episodes-4/episode-105,601a64af14916aed3d34,WEAPONIZED,episode,web_page,True,legacy_unspecified,approved,,False,False,network_check_pending,2026-07-28T00:00:00Z,23.5C.1-1.0.0,dup-00438,duplicate,media-audit-17e019e78528d415
inv-01305,weaponized-podcast,WEAPONIZED,2026-weaponized-episode-105,podcast_episode,105,WEAPONIZED Episode #105 — James Fox — New Varginha Witnesses and the Continuing Cover-Up,2026-01-13,mediaLinks,1,Listen to WEAPONIZED,https://link.chtbl.com/Weaponized,https://link.chtbl.com/Weaponized,e431bef40967149e37ee,Official audio feed,series,web_page,True,legacy_unspecified,approved,,False,False,network_check_pending,2026-07-28T00:00:00Z,23.5C.1-1.0.0,dup-00437,duplicate,media-audit-ed7f34c6015b154b
inv-01306,weaponized-podcast,WEAPONIZED,2026-weaponized-episode-105,podcast_episode,105,WEAPONIZED Episode #105 — James Fox — New Varginha Witnesses and the Continuing Cover-Up,2026-01-13,referenceSources,0,Official WEAPONIZED Episode #105 page,https://www.weaponizedpodcast.com/episodes-4/episode-105,https://weaponizedpodcast.com/episodes-4/episode-105,601a64af14916aed3d34,WEAPONIZED website,episode,web_page,False,legacy_unspecified,approved,,False,False,network_check_pending,2026-07-28T00:00:00Z,23.5C.1-1.0.0,dup-00438,duplicate,media-audit-17e019e78528d415
inv-01307,weaponized-podcast,WEAPONIZED,2026-weaponized-episode-105,podcast_episode,105,WEAPONIZED Episode #105 — James Fox — New Varginha Witnesses and the Continuing Cover-Up,2026-01-13,referenceSources,1,Listen to WEAPONIZED,https://link.chtbl.com/Weaponized,https://link.chtbl.com/Weaponized,e431bef40967149e37ee,link.chtbl.com,series,web_page,False,legacy_unspecified,approved,,False,False,network_check_pending,2026-07-28T00:00:00Z,23.5C.1-1.0.0,dup-00437,duplicate,media-audit-ed7f34c6015b154b
inv-01308,weaponized-podcast,WEAPONIZED,2026-weaponized-episode-106,podcast_episode,106,WEAPONIZED Episode #106 — Ryan “Neo” Bodenheimer — Four Pilot UAP Encounters,2026-01-20,officialMedia,0,Open Official Episode Page,https://www.weaponizedpodcast.com/episodes-4/episode-106,https://weaponizedpodcast.com/episodes-4/episode-106,d9348bde38037468def8,Official website,episode,web_page,True,verified,approved,1,False,False,network_check_pending,2026-07-28T00:00:00Z,23.5C.1-1.0.0,dup-00440,authoritative,media-audit-d5114722c799881c
inv-01309,weaponized-podcast,WEAPONIZED,2026-weaponized-episode-106,podcast_episode,106,WEAPONIZED Episode #106 — Ryan “Neo” Bodenheimer — Four Pilot UAP Encounters,2026-01-20,officialMedia,1,Browse Official Podcast Archive,https://link.chtbl.com/Weaponized,https://link.chtbl.com/Weaponized,e431bef40967149e37ee,RSS,series,audio,True,verified,approved,6,False,False,network_check_pending,2026-07-28T00:00:00Z,23.5C.1-1.0.0,dup-00439,authoritative,media-audit-0a1bb5db65bc0eec
inv-01310,weaponized-podcast,WEAPONIZED,2026-weaponized-episode-106,podcast_episode,106,WEAPONIZED Episode #106 — Ryan “Neo” Bodenheimer — Four Pilot UAP Encounters,2026-01-20,mediaLinks,0,Open the official Episode #106 page,https://www.weaponizedpodcast.com/episodes-4/episode-106,https://weaponizedpodcast.com/episodes-4/episode-106,d9348bde38037468def8,WEAPONIZED,episode,web_page,True,legacy_unspecified,approved,,False,False,network_check_pending,2026-07-28T00:00:00Z,23.5C.1-1.0.0,dup-00440,duplicate,media-audit-d5114722c799881c
inv-01311,weaponized-podcast,WEAPONIZED,2026-weaponized-episode-106,podcast_episode,106,WEAPONIZED Episode #106 — Ryan “Neo” Bodenheimer — Four Pilot UAP Encounters,2026-01-20,mediaLinks,1,Listen to WEAPONIZED,https://link.chtbl.com/Weaponized,https://link.chtbl.com/Weaponized,e431bef40967149e37ee,Official audio feed,series,web_page,True,legacy_unspecified,approved,,False,False,network_check_pending,2026-07-28T00:00:00Z,23.5C.1-1.0.0,dup-00439,duplicate,media-audit-0a1bb5db65bc0eec
inv-01312,weaponized-podcast,WEAPONIZED,2026-weaponized-episode-106,podcast_episode,106,WEAPONIZED Episode #106 — Ryan “Neo” Bodenheimer — Four Pilot UAP Encounters,2026-01-20,referenceSources,0,Official WEAPONIZED Episode #106 page,https://www.weaponizedpodcast.com/episodes-4/episode-106,https://weaponizedpodcast.com/episodes-4/episode-106,d9348bde38037468def8,WEAPONIZED website,episode,web_page,False,legacy_unspecified,approved,,False,False,network_check_pending,2026-07-28T00:00:00Z,23.5C.1-1.0.0,dup-00440,duplicate,media-audit-d5114722c799881c
inv-01313,weaponized-podcast,WEAPONIZED,2026-weaponized-episode-106,podcast_episode,106,WEAPONIZED Episode #106 — Ryan “Neo” Bodenheimer — Four Pilot UAP Encounters,2026-01-20,referenceSources,1,Listen to WEAPONIZED,https://link.chtbl.com/Weaponized,https://link.chtbl.com/Weaponized,e431bef40967149e37ee,link.chtbl.com,series,web_page,False,legacy_unspecified,approved,,False,False,network_check_pending,2026-07-28T00:00:00Z,23.5C.1-1.0.0,dup-00439,duplicate,media-audit-0a1bb5db65bc0eec
inv-01314,weaponized-podcast,WEAPONIZED,2026-weaponized-episode-107,podcast_episode,107,"WEAPONIZED Episode #107 — Soviet UFO Programs — SETKA, Thread 3, and Nuclear Incursions",2026-01-30,officialMedia,0,Open Official Episode Page,https://www.weaponizedpodcast.com/episodes-4/episode-107,https://weaponizedpodcast.com/episodes-4/episode-107,df707878117f84ad3c3c,Official website,episode,web_page,True,verified,approved,1,False,False,network_check_pending,2026-07-28T00:00:00Z,23.5C.1-1.0.0,dup-00442,authoritative,media-audit-a722f377ae7d8b97
inv-01315,weaponized-podcast,WEAPONIZED,2026-weaponized-episode-107,podcast_episode,107,"WEAPONIZED Episode #107 — Soviet UFO Programs — SETKA, Thread 3, and Nuclear Incursions",2026-01-30,officialMedia,1,Browse Official Podcast Archive,https://link.chtbl.com/Weaponized,https://link.chtbl.com/Weaponized,e431bef40967149e37ee,RSS,series,audio,True,verified,approved,6,False,False,network_check_pending,2026-07-28T00:00:00Z,23.5C.1-1.0.0,dup-00441,authoritative,media-audit-93772172a1a57dd6
inv-01316,weaponized-podcast,WEAPONIZED,2026-weaponized-episode-107,podcast_episode,107,"WEAPONIZED Episode #107 — Soviet UFO Programs — SETKA, Thread 3, and Nuclear Incursions",2026-01-30,mediaLinks,0,Open the official Episode #107 page,https://www.weaponizedpodcast.com/episodes-4/episode-107,https://weaponizedpodcast.com/episodes-4/episode-107,df707878117f84ad3c3c,WEAPONIZED,episode,web_page,True,legacy_unspecified,approved,,False,False,network_check_pending,2026-07-28T00:00:00Z,23.5C.1-1.0.0,dup-00442,duplicate,media-audit-a722f377ae7d8b97
inv-01317,weaponized-podcast,WEAPONIZED,2026-weaponized-episode-107,podcast_episode,107,"WEAPONIZED Episode #107 — Soviet UFO Programs — SETKA, Thread 3, and Nuclear Incursions",2026-01-30,mediaLinks,1,Listen to WEAPONIZED,https://link.chtbl.com/Weaponized,https://link.chtbl.com/Weaponized,e431bef40967149e37ee,Official audio feed,series,web_page,True,legacy_unspecified,approved,,False,False,network_check_pending,2026-07-28T00:00:00Z,23.5C.1-1.0.0,dup-00441,duplicate,media-audit-93772172a1a57dd6
inv-01318,weaponized-podcast,WEAPONIZED,2026-weaponized-episode-107,podcast_episode,107,"WEAPONIZED Episode #107 — Soviet UFO Programs — SETKA, Thread 3, and Nuclear Incursions",2026-01-30,referenceSources,0,Official WEAPONIZED Episode #107 page,https://www.weaponizedpodcast.com/episodes-4/episode-107,https://weaponizedpodcast.com/episodes-4/episode-107,df707878117f84ad3c3c,WEAPONIZED website,episode,web_page,False,legacy_unspecified,approved,,False,False,network_check_pending,2026-07-28T00:00:00Z,23.5C.1-1.0.0,dup-00442,duplicate,media-audit-a722f377ae7d8b97
inv-01319,weaponized-podcast,WEAPONIZED,2026-weaponized-episode-107,podcast_episode,107,"WEAPONIZED Episode #107 — Soviet UFO Programs — SETKA, Thread 3, and Nuclear Incursions",2026-01-30,referenceSources,1,Listen to WEAPONIZED,https://link.chtbl.com/Weaponized,https://link.chtbl.com/Weaponized,e431bef40967149e37ee,link.chtbl.com,series,web_page,False,legacy_unspecified,approved,,False,False,network_check_pending,2026-07-28T00:00:00Z,23.5C.1-1.0.0,dup-00441,duplicate,media-audit-93772172a1a57dd6
inv-01320,weaponized-podcast,WEAPONIZED,2026-weaponized-episode-108,podcast_episode,108,WEAPONIZED Episode #108 — Syria UAP Video — Apparent Instantaneous Acceleration,2026-02-03,officialMedia,0,Open Official Episode Page,https://www.weaponizedpodcast.com/episodes-4/episode-108,https://weaponizedpodcast.com/episodes-4/episode-108,290f7f7b7dace2ed64a5,Official website,episode,web_page,True,verified,approved,1,False,False,network_check_pending,2026-07-28T00:00:00Z,23.5C.1-1.0.0,dup-00444,authoritative,media-audit-d0385ce257a555b8
inv-01321,weaponized-podcast,WEAPONIZED,2026-weaponized-episode-108,podcast_episode,108,WEAPONIZED Episode #108 — Syria UAP Video — Apparent Instantaneous Acceleration,2026-02-03,officialMedia,1,Browse Official Podcast Archive,https://link.chtbl.com/Weaponized,https://link.chtbl.com/Weaponized,e431bef40967149e37ee,RSS,series,audio,True,verified,approved,6,False,False,network_check_pending,2026-07-28T00:00:00Z,23.5C.1-1.0.0,dup-00443,authoritative,media-audit-eb4c9a95e3664774
inv-01322,weaponized-podcast,WEAPONIZED,2026-weaponized-episode-108,podcast_episode,108,WEAPONIZED Episode #108 — Syria UAP Video — Apparent Instantaneous Acceleration,2026-02-03,mediaLinks,0,Open the official Episode #108 page,https://www.weaponizedpodcast.com/episodes-4/episode-108,https://weaponizedpodcast.com/episodes-4/episode-108,290f7f7b7dace2ed64a5,WEAPONIZED,episode,web_page,True,legacy_unspecified,approved,,False,False,network_check_pending,2026-07-28T00:00:00Z,23.5C.1-1.0.0,dup-00444,duplicate,media-audit-d0385ce257a555b8
inv-01323,weaponized-podcast,WEAPONIZED,2026-weaponized-episode-108,podcast_episode,108,WEAPONIZED Episode #108 — Syria UAP Video — Apparent Instantaneous Acceleration,2026-02-03,mediaLinks,1,Listen to WEAPONIZED,https://link.chtbl.com/Weaponized,https://link.chtbl.com/Weaponized,e431bef40967149e37ee,Official audio feed,series,web_page,True,legacy_unspecified,approved,,False,False,network_check_pending,2026-07-28T00:00:00Z,23.5C.1-1.0.0,dup-00443,duplicate,media-audit-eb4c9a95e3664774
inv-01324,weaponized-podcast,WEAPONIZED,2026-weaponized-episode-108,podcast_episode,108,WEAPONIZED Episode #108 — Syria UAP Video — Apparent Instantaneous Acceleration,2026-02-03,referenceSources,0,Official WEAPONIZED Episode #108 page,https://www.weaponizedpodcast.com/episodes-4/episode-108,https://weaponizedpodcast.com/episodes-4/episode-108,290f7f7b7dace2ed64a5,WEAPONIZED website,episode,web_page,False,legacy_unspecified,approved,,False,False,network_check_pending,2026-07-28T00:00:00Z,23.5C.1-1.0.0,dup-00444,duplicate,media-audit-d0385ce257a555b8
inv-01325,weaponized-podcast,WEAPONIZED,2026-weaponized-episode-108,podcast_episode,108,WEAPONIZED Episode #108 — Syria UAP Video — Apparent Instantaneous Acceleration,2026-02-03,referenceSources,1,Listen to WEAPONIZED,https://link.chtbl.com/Weaponized,https://link.chtbl.com/Weaponized,e431bef40967149e37ee,link.chtbl.com,series,web_page,False,legacy_unspecified,approved,,False,False,network_check_pending,2026-07-28T00:00:00Z,23.5C.1-1.0.0,dup-00443,duplicate,media-audit-eb4c9a95e3664774
inv-01326,weaponized-podcast,WEAPONIZED,2026-weaponized-episode-109,podcast_episode,109,"WEAPONIZED Episode #109 — Bob Lazar in Austin, Syria UAP Debate, and Area 51 Access",2026-02-11,officialMedia,0,Open Official Episode Page,https://www.weaponizedpodcast.com/episodes-4/episode-109,https://weaponizedpodcast.com/episodes-4/episode-109,d245ab0c2dec956f8cb6,Official website,episode,web_page,True,verified,approved,1,False,False,network_check_pending,2026-07-28T00:00:00Z,23.5C.1-1.0.0,dup-00446,authoritative,media-audit-991ee2eae68b520d
inv-01327,weaponized-podcast,WEAPONIZED,2026-weaponized-episode-109,podcast_episode,109,"WEAPONIZED Episode #109 — Bob Lazar in Austin, Syria UAP Debate, and Area 51 Access",2026-02-11,officialMedia,1,Browse Official Podcast Archive,https://link.chtbl.com/Weaponized,https://link.chtbl.com/Weaponized,e431bef40967149e37ee,RSS,series,audio,True,verified,approved,6,False,False,network_check_pending,2026-07-28T00:00:00Z,23.5C.1-1.0.0,dup-00445,authoritative,media-audit-584bda855af20b80
inv-01328,weaponized-podcast,WEAPONIZED,2026-weaponized-episode-109,podcast_episode,109,"WEAPONIZED Episode #109 — Bob Lazar in Austin, Syria UAP Debate, and Area 51 Access",2026-02-11,mediaLinks,0,Open the official Episode #109 page,https://www.weaponizedpodcast.com/episodes-4/episode-109,https://weaponizedpodcast.com/episodes-4/episode-109,d245ab0c2dec956f8cb6,WEAPONIZED,episode,web_page,True,legacy_unspecified,approved,,False,False,network_check_pending,2026-07-28T00:00:00Z,23.5C.1-1.0.0,dup-00446,duplicate,media-audit-991ee2eae68b520d
inv-01329,weaponized-podcast,WEAPONIZED,2026-weaponized-episode-109,podcast_episode,109,"WEAPONIZED Episode #109 — Bob Lazar in Austin, Syria UAP Debate, and Area 51 Access",2026-02-11,mediaLinks,1,Listen to WEAPONIZED,https://link.chtbl.com/Weaponized,https://link.chtbl.com/Weaponized,e431bef40967149e37ee,Official audio feed,series,web_page,True,legacy_unspecified,approved,,False,False,network_check_pending,2026-07-28T00:00:00Z,23.5C.1-1.0.0,dup-00445,duplicate,media-audit-584bda855af20b80
inv-01330,weaponized-podcast,WEAPONIZED,2026-weaponized-episode-109,podcast_episode,109,"WEAPONIZED Episode #109 — Bob Lazar in Austin, Syria UAP Debate, and Area 51 Access",2026-02-11,referenceSources,0,Official WEAPONIZED Episode #109 page,https://www.weaponizedpodcast.com/episodes-4/episode-109,https://weaponizedpodcast.com/episodes-4/episode-109,d245ab0c2dec956f8cb6,WEAPONIZED website,episode,web_page,False,legacy_unspecified,approved,,False,False,network_check_pending,2026-07-28T00:00:00Z,23.5C.1-1.0.0,dup-00446,duplicate,media-audit-991ee2eae68b520d
inv-01331,weaponized-podcast,WEAPONIZED,2026-weaponized-episode-109,podcast_episode,109,"WEAPONIZED Episode #109 — Bob Lazar in Austin, Syria UAP Debate, and Area 51 Access",2026-02-11,referenceSources,1,Listen to WEAPONIZED,https://link.chtbl.com/Weaponized,https://link.chtbl.com/Weaponized,e431bef40967149e37ee,link.chtbl.com,series,web_page,False,legacy_unspecified,approved,,False,False,network_check_pending,2026-07-28T00:00:00Z,23.5C.1-1.0.0,dup-00445,duplicate,media-audit-584bda855af20b80
inv-01332,weaponized-podcast,WEAPONIZED,2026-weaponized-episode-110,podcast_episode,110,WEAPONIZED Episode #110 — Chris Sharp — Former AARO Deputy Director Describes Unexplained Cases,2026-02-24,officialMedia,0,Open Official Episode Page,https://www.weaponizedpodcast.com/episodes-4/episode-110,https://weaponizedpodcast.com/episodes-4/episode-110,a7e925765bad24ee1a2d,Official website,episode,web_page,True,verified,approved,1,False,False,network_check_pending,2026-07-28T00:00:00Z,23.5C.1-1.0.0,dup-00448,authoritative,media-audit-d7a51dd0ceb13252
inv-01333,weaponized-podcast,WEAPONIZED,2026-weaponized-episode-110,podcast_episode,110,WEAPONIZED Episode #110 — Chris Sharp — Former AARO Deputy Director Describes Unexplained Cases,2026-02-24,officialMedia,1,Browse Official Podcast Archive,https://link.chtbl.com/Weaponized,https://link.chtbl.com/Weaponized,e431bef40967149e37ee,RSS,series,audio,True,verified,approved,6,False,False,network_check_pending,2026-07-28T00:00:00Z,23.5C.1-1.0.0,dup-00447,authoritative,media-audit-5478030bac99a595
inv-01334,weaponized-podcast,WEAPONIZED,2026-weaponized-episode-110,podcast_episode,110,WEAPONIZED Episode #110 — Chris Sharp — Former AARO Deputy Director Describes Unexplained Cases,2026-02-24,mediaLinks,0,Open the official Episode #110 page,https://www.weaponizedpodcast.com/episodes-4/episode-110,https://weaponizedpodcast.com/episodes-4/episode-110,a7e925765bad24ee1a2d,WEAPONIZED,episode,web_page,True,legacy_unspecified,approved,,False,False,network_check_pending,2026-07-28T00:00:00Z,23.5C.1-1.0.0,dup-00448,duplicate,media-audit-d7a51dd0ceb13252
inv-01335,weaponized-podcast,WEAPONIZED,2026-weaponized-episode-110,podcast_episode,110,WEAPONIZED Episode #110 — Chris Sharp — Former AARO Deputy Director Describes Unexplained Cases,2026-02-24,mediaLinks,1,Listen to WEAPONIZED,https://link.chtbl.com/Weaponized,https://link.chtbl.com/Weaponized,e431bef40967149e37ee,Official audio feed,series,web_page,True,legacy_unspecified,approved,,False,False,network_check_pending,2026-07-28T00:00:00Z,23.5C.1-1.0.0,dup-00447,duplicate,media-audit-5478030bac99a595
inv-01336,weaponized-podcast,WEAPONIZED,2026-weaponized-episode-110,podcast_episode,110,WEAPONIZED Episode #110 — Chris Sharp — Former AARO Deputy Director Describes Unexplained Cases,2026-02-24,referenceSources,0,Official WEAPONIZED Episode #110 page,https://www.weaponizedpodcast.com/episodes-4/episode-110,https://weaponizedpodcast.com/episodes-4/episode-110,a7e925765bad24ee1a2d,WEAPONIZED website,episode,web_page,False,legacy_unspecified,approved,,False,False,network_check_pending,2026-07-28T00:00:00Z,23.5C.1-1.0.0,dup-00448,duplicate,media-audit-d7a51dd0ceb13252
inv-01337,weaponized-podcast,WEAPONIZED,2026-weaponized-episode-110,podcast_episode,110,WEAPONIZED Episode #110 — Chris Sharp — Former AARO Deputy Director Describes Unexplained Cases,2026-02-24,referenceSources,1,Listen to WEAPONIZED,https://link.chtbl.com/Weaponized,https://link.chtbl.com/Weaponized,e431bef40967149e37ee,link.chtbl.com,series,web_page,False,legacy_unspecified,approved,,False,False,network_check_pending,2026-07-28T00:00:00Z,23.5C.1-1.0.0,dup-00447,duplicate,media-audit-5478030bac99a595
inv-01338,weaponized-podcast,WEAPONIZED,2026-weaponized-episode-111,podcast_episode,111,WEAPONIZED Episode #111 — Lenval Logan — UAP Task Force Analysis and Better Classified Evidence,2026-03-03,officialMedia,0,Open Official Episode Page,https://www.weaponizedpodcast.com/episodes-4/episode-111,https://weaponizedpodcast.com/episodes-4/episode-111,429a325338181a6ebfa2,Official website,episode,web_page,True,verified,approved,1,False,False,network_check_pending,2026-07-28T00:00:00Z,23.5C.1-1.0.0,dup-00450,authoritative,media-audit-405ee7cd9bd1b374
inv-01339,weaponized-podcast,WEAPONIZED,2026-weaponized-episode-111,podcast_episode,111,WEAPONIZED Episode #111 — Lenval Logan — UAP Task Force Analysis and Better Classified Evidence,2026-03-03,officialMedia,1,Browse Official Podcast Archive,https://link.chtbl.com/Weaponized,https://link.chtbl.com/Weaponized,e431bef40967149e37ee,RSS,series,audio,True,verified,approved,6,False,False,network_check_pending,2026-07-28T00:00:00Z,23.5C.1-1.0.0,dup-00449,authoritative,media-audit-225dcc5583107197
inv-01340,weaponized-podcast,WEAPONIZED,2026-weaponized-episode-111,podcast_episode,111,WEAPONIZED Episode #111 — Lenval Logan — UAP Task Force Analysis and Better Classified Evidence,2026-03-03,mediaLinks,0,Open the official Episode #111 page,https://www.weaponizedpodcast.com/episodes-4/episode-111,https://weaponizedpodcast.com/episodes-4/episode-111,429a325338181a6ebfa2,WEAPONIZED,episode,web_page,True,legacy_unspecified,approved,,False,False,network_check_pending,2026-07-28T00:00:00Z,23.5C.1-1.0.0,dup-00450,duplicate,media-audit-405ee7cd9bd1b374
inv-01341,weaponized-podcast,WEAPONIZED,2026-weaponized-episode-111,podcast_episode,111,WEAPONIZED Episode #111 — Lenval Logan — UAP Task Force Analysis and Better Classified Evidence,2026-03-03,mediaLinks,1,Listen to WEAPONIZED,https://link.chtbl.com/Weaponized,https://link.chtbl.com/Weaponized,e431bef40967149e37ee,Official audio feed,series,web_page,True,legacy_unspecified,approved,,False,False,network_check_pending,2026-07-28T00:00:00Z,23.5C.1-1.0.0,dup-00449,duplicate,media-audit-225dcc5583107197
inv-01342,weaponized-podcast,WEAPONIZED,2026-weaponized-episode-111,podcast_episode,111,WEAPONIZED Episode #111 — Lenval Logan — UAP Task Force Analysis and Better Classified Evidence,2026-03-03,referenceSources,0,Official WEAPONIZED Episode #111 page,https://www.weaponizedpodcast.com/episodes-4/episode-111,https://weaponizedpodcast.com/episodes-4/episode-111,429a325338181a6ebfa2,WEAPONIZED website,episode,web_page,False,legacy_unspecified,approved,,False,False,network_check_pending,2026-07-28T00:00:00Z,23.5C.1-1.0.0,dup-00450,duplicate,media-audit-405ee7cd9bd1b374
inv-01343,weaponized-podcast,WEAPONIZED,2026-weaponized-episode-111,podcast_episode,111,WEAPONIZED Episode #111 — Lenval Logan — UAP Task Force Analysis and Better Classified Evidence,2026-03-03,referenceSources,1,Listen to WEAPONIZED,https://link.chtbl.com/Weaponized,https://link.chtbl.com/Weaponized,e431bef40967149e37ee,link.chtbl.com,series,web_page,False,legacy_unspecified,approved,,False,False,network_check_pending,2026-07-28T00:00:00Z,23.5C.1-1.0.0,dup-00449,duplicate,media-audit-225dcc5583107197
inv-01344,weaponized-podcast,WEAPONIZED,2026-weaponized-episode-112,podcast_episode,112,WEAPONIZED Episode #112 — Eric Burlison — Classified Site Visit and Congressional UAP Oversight,2026-03-13,officialMedia,0,Open Official Episode Page,https://www.weaponizedpodcast.com/episodes-4/episode-112,https://weaponizedpodcast.com/episodes-4/episode-112,890cbf4deb02385822f8,Official website,episode,web_page,True,verified,approved,1,False,False,network_check_pending,2026-07-28T00:00:00Z,23.5C.1-1.0.0,dup-00452,authoritative,media-audit-b4ca10edec717f4b
inv-01345,weaponized-podcast,WEAPONIZED,2026-weaponized-episode-112,podcast_episode,112,WEAPONIZED Episode #112 — Eric Burlison — Classified Site Visit and Congressional UAP Oversight,2026-03-13,officialMedia,1,Browse Official Podcast Archive,https://link.chtbl.com/Weaponized,https://link.chtbl.com/Weaponized,e431bef40967149e37ee,RSS,series,audio,True,verified,approved,6,False,False,network_check_pending,2026-07-28T00:00:00Z,23.5C.1-1.0.0,dup-00451,authoritative,media-audit-dd18f386f2f66a2a
inv-01346,weaponized-podcast,WEAPONIZED,2026-weaponized-episode-112,podcast_episode,112,WEAPONIZED Episode #112 — Eric Burlison — Classified Site Visit and Congressional UAP Oversight,2026-03-13,mediaLinks,0,Open the official Episode #112 page,https://www.weaponizedpodcast.com/episodes-4/episode-112,https://weaponizedpodcast.com/episodes-4/episode-112,890cbf4deb02385822f8,WEAPONIZED,episode,web_page,True,legacy_unspecified,approved,,False,False,network_check_pending,2026-07-28T00:00:00Z,23.5C.1-1.0.0,dup-00452,duplicate,media-audit-b4ca10edec717f4b
inv-01347,weaponized-podcast,WEAPONIZED,2026-weaponized-episode-112,podcast_episode,112,WEAPONIZED Episode #112 — Eric Burlison — Classified Site Visit and Congressional UAP Oversight,2026-03-13,mediaLinks,1,Listen to WEAPONIZED,https://link.chtbl.com/Weaponized,https://link.chtbl.com/Weaponized,e431bef40967149e37ee,Official audio feed,series,web_page,True,legacy_unspecified,approved,,False,False,network_check_pending,2026-07-28T00:00:00Z,23.5C.1-1.0.0,dup-00451,duplicate,media-audit-dd18f386f2f66a2a
inv-01348,weaponized-podcast,WEAPONIZED,2026-weaponized-episode-112,podcast_episode,112,WEAPONIZED Episode #112 — Eric Burlison — Classified Site Visit and Congressional UAP Oversight,2026-03-13,referenceSources,0,Official WEAPONIZED Episode #112 page,https://www.weaponizedpodcast.com/episodes-4/episode-112,https://weaponizedpodcast.com/episodes-4/episode-112,890cbf4deb02385822f8,WEAPONIZED website,episode,web_page,False,legacy_unspecified,approved,,False,False,network_check_pending,2026-07-28T00:00:00Z,23.5C.1-1.0.0,dup-00452,duplicate,media-audit-b4ca10edec717f4b
inv-01349,weaponized-podcast,WEAPONIZED,2026-weaponized-episode-112,podcast_episode,112,WEAPONIZED Episode #112 — Eric Burlison — Classified Site Visit and Congressional UAP Oversight,2026-03-13,referenceSources,1,Listen to WEAPONIZED,https://link.chtbl.com/Weaponized,https://link.chtbl.com/Weaponized,e431bef40967149e37ee,link.chtbl.com,series,web_page,False,legacy_unspecified,approved,,False,False,network_check_pending,2026-07-28T00:00:00Z,23.5C.1-1.0.0,dup-00451,duplicate,media-audit-dd18f386f2f66a2a
inv-01350,weaponized-podcast,WEAPONIZED,2026-weaponized-episode-113,podcast_episode,113,WEAPONIZED Episode #113 — Matthew Brown Exposes How Whistleblowers Are Being Set Up,2026-03-18,officialMedia,0,Open Official Episode Page,https://www.weaponizedpodcast.com/episodes-4/episode-113,https://weaponizedpodcast.com/episodes-4/episode-113,bb3beedc8a811b4b1064,Official website,episode,web_page,True,verified,approved,1,False,False,network_check_pending,2026-07-28T00:00:00Z,23.5C.1-1.0.0,dup-00454,authoritative,media-audit-2a993b3bad63ceea
inv-01351,weaponized-podcast,WEAPONIZED,2026-weaponized-episode-113,podcast_episode,113,WEAPONIZED Episode #113 — Matthew Brown Exposes How Whistleblowers Are Being Set Up,2026-03-18,officialMedia,1,Browse Official Podcast Archive,https://link.chtbl.com/Weaponized,https://link.chtbl.com/Weaponized,e431bef40967149e37ee,RSS,series,audio,True,verified,approved,6,False,False,network_check_pending,2026-07-28T00:00:00Z,23.5C.1-1.0.0,dup-00453,authoritative,media-audit-d83d4d6e10ddce03
inv-01352,weaponized-podcast,WEAPONIZED,2026-weaponized-episode-113,podcast_episode,113,WEAPONIZED Episode #113 — Matthew Brown Exposes How Whistleblowers Are Being Set Up,2026-03-18,mediaLinks,0,Open the official Episode #113 page,https://www.weaponizedpodcast.com/episodes-4/episode-113,https://weaponizedpodcast.com/episodes-4/episode-113,bb3beedc8a811b4b1064,WEAPONIZED,episode,web_page,True,legacy_unspecified,approved,,False,False,network_check_pending,2026-07-28T00:00:00Z,23.5C.1-1.0.0,dup-00454,duplicate,media-audit-2a993b3bad63ceea
inv-01353,weaponized-podcast,WEAPONIZED,2026-weaponized-episode-113,podcast_episode,113,WEAPONIZED Episode #113 — Matthew Brown Exposes How Whistleblowers Are Being Set Up,2026-03-18,mediaLinks,1,Listen to WEAPONIZED,https://link.chtbl.com/Weaponized,https://link.chtbl.com/Weaponized,e431bef40967149e37ee,Official audio feed,series,web_page,True,legacy_unspecified,approved,,False,False,network_check_pending,2026-07-28T00:00:00Z,23.5C.1-1.0.0,dup-00453,duplicate,media-audit-d83d4d6e10ddce03
inv-01354,weaponized-podcast,WEAPONIZED,2026-weaponized-episode-113,podcast_episode,113,WEAPONIZED Episode #113 — Matthew Brown Exposes How Whistleblowers Are Being Set Up,2026-03-18,referenceSources,0,Official WEAPONIZED Episode #113 page,https://www.weaponizedpodcast.com/episodes-4/episode-113,https://weaponizedpodcast.com/episodes-4/episode-113,bb3beedc8a811b4b1064,WEAPONIZED website,episode,web_page,False,legacy_unspecified,approved,,False,False,network_check_pending,2026-07-28T00:00:00Z,23.5C.1-1.0.0,dup-00454,duplicate,media-audit-2a993b3bad63ceea
inv-01355,weaponized-podcast,WEAPONIZED,2026-weaponized-episode-113,podcast_episode,113,WEAPONIZED Episode #113 — Matthew Brown Exposes How Whistleblowers Are Being Set Up,2026-03-18,referenceSources,1,Listen to WEAPONIZED,https://link.chtbl.com/Weaponized,https://link.chtbl.com/Weaponized,e431bef40967149e37ee,link.chtbl.com,series,web_page,False,legacy_unspecified,approved,,False,False,network_check_pending,2026-07-28T00:00:00Z,23.5C.1-1.0.0,dup-00453,duplicate,media-audit-d83d4d6e10ddce03
inv-01356,weaponized-podcast,WEAPONIZED,2026-weaponized-episode-114,podcast_episode,114,"WEAPONIZED Episode #114 — Dr. James Lacatski — This Is UFO Disclosure, As Far As It Can Go",2026-04-08,officialMedia,0,Open Official Episode Page,https://www.weaponizedpodcast.com/episodes-4/episode-114,https://weaponizedpodcast.com/episodes-4/episode-114,1d623780aee51d09f0ab,Official website,episode,web_page,True,verified,approved,1,False,False,network_check_pending,2026-07-28T00:00:00Z,23.5C.1-1.0.0,dup-00456,authoritative,media-audit-54f33f7821134ed7
inv-01357,weaponized-podcast,WEAPONIZED,2026-weaponized-episode-114,podcast_episode,114,"WEAPONIZED Episode #114 — Dr. James Lacatski — This Is UFO Disclosure, As Far As It Can Go",2026-04-08,officialMedia,1,Browse Official Podcast Archive,https://link.chtbl.com/Weaponized,https://link.chtbl.com/Weaponized,e431bef40967149e37ee,RSS,series,audio,True,verified,approved,6,False,False,network_check_pending,2026-07-28T00:00:00Z,23.5C.1-1.0.0,dup-00455,authoritative,media-audit-e26cc523cd8661e9
inv-01358,weaponized-podcast,WEAPONIZED,2026-weaponized-episode-114,podcast_episode,114,"WEAPONIZED Episode #114 — Dr. James Lacatski — This Is UFO Disclosure, As Far As It Can Go",2026-04-08,mediaLinks,0,Open the official Episode #114 page,https://www.weaponizedpodcast.com/episodes-4/episode-114,https://weaponizedpodcast.com/episodes-4/episode-114,1d623780aee51d09f0ab,WEAPONIZED,episode,web_page,True,legacy_unspecified,approved,,False,False,network_check_pending,2026-07-28T00:00:00Z,23.5C.1-1.0.0,dup-00456,duplicate,media-audit-54f33f7821134ed7
inv-01359,weaponized-podcast,WEAPONIZED,2026-weaponized-episode-114,podcast_episode,114,"WEAPONIZED Episode #114 — Dr. James Lacatski — This Is UFO Disclosure, As Far As It Can Go",2026-04-08,mediaLinks,1,Listen to WEAPONIZED,https://link.chtbl.com/Weaponized,https://link.chtbl.com/Weaponized,e431bef40967149e37ee,Official audio feed,series,web_page,True,legacy_unspecified,approved,,False,False,network_check_pending,2026-07-28T00:00:00Z,23.5C.1-1.0.0,dup-00455,duplicate,media-audit-e26cc523cd8661e9
inv-01360,weaponized-podcast,WEAPONIZED,2026-weaponized-episode-114,podcast_episode,114,"WEAPONIZED Episode #114 — Dr. James Lacatski — This Is UFO Disclosure, As Far As It Can Go",2026-04-08,referenceSources,0,Official WEAPONIZED Episode #114 page,https://www.weaponizedpodcast.com/episodes-4/episode-114,https://weaponizedpodcast.com/episodes-4/episode-114,1d623780aee51d09f0ab,WEAPONIZED website,episode,web_page,False,legacy_unspecified,approved,,False,False,network_check_pending,2026-07-28T00:00:00Z,23.5C.1-1.0.0,dup-00456,duplicate,media-audit-54f33f7821134ed7
inv-01361,weaponized-podcast,WEAPONIZED,2026-weaponized-episode-114,podcast_episode,114,"WEAPONIZED Episode #114 — Dr. James Lacatski — This Is UFO Disclosure, As Far As It Can Go",2026-04-08,referenceSources,1,Listen to WEAPONIZED,https://link.chtbl.com/Weaponized,https://link.chtbl.com/Weaponized,e431bef40967149e37ee,link.chtbl.com,series,web_page,False,legacy_unspecified,approved,,False,False,network_check_pending,2026-07-28T00:00:00Z,23.5C.1-1.0.0,dup-00455,duplicate,media-audit-e26cc523cd8661e9
inv-01362,weaponized-podcast,WEAPONIZED,2026-weaponized-episode-115,podcast_episode,115,WEAPONIZED Episode #115 — A New Chapter in the Bob Lazar Saga,2026-04-14,officialMedia,0,Open Official Episode Page,https://www.weaponizedpodcast.com/episodes-4/episode-115,https://weaponizedpodcast.com/episodes-4/episode-115,9b64f43407d1551bb49c,Official website,episode,web_page,True,verified,approved,1,False,False,network_check_pending,2026-07-28T00:00:00Z,23.5C.1-1.0.0,dup-00457,authoritative,media-audit-8a6069ba45bfc1df
inv-01363,weaponized-podcast,WEAPONIZED,2026-weaponized-episode-115,podcast_episode,115,WEAPONIZED Episode #115 — A New Chapter in the Bob Lazar Saga,2026-04-14,officialMedia,1,Watch on YouTube,https://www.youtube.com/watch?v=HcQnbRasYxI,https://youtube.com/watch?v=HcQnbRasYxI,a205c4938f1ea5d7e9db,YouTube,episode,video,True,verified,approved,2,False,False,network_check_pending,2026-07-28T00:00:00Z,23.5C.1-1.0.0,dup-00458,authoritative,media-audit-12f3f4968df60f7b
inv-01364,weaponized-podcast,WEAPONIZED,2026-weaponized-episode-115,podcast_episode,115,WEAPONIZED Episode #115 — A New Chapter in the Bob Lazar Saga,2026-04-14,mediaLinks,0,Watch Episode #115,https://www.youtube.com/watch?v=HcQnbRasYxI,https://youtube.com/watch?v=HcQnbRasYxI,a205c4938f1ea5d7e9db,WEAPONIZED / YouTube,episode,web_page,True,legacy_unspecified,approved,,False,False,network_check_pending,2026-07-28T00:00:00Z,23.5C.1-1.0.0,dup-00458,duplicate,media-audit-12f3f4968df60f7b
inv-01365,weaponized-podcast,WEAPONIZED,2026-weaponized-episode-115,podcast_episode,115,WEAPONIZED Episode #115 — A New Chapter in the Bob Lazar Saga,2026-04-14,mediaLinks,1,Read the official episode description,https://www.weaponizedpodcast.com/episodes-4/episode-115,https://weaponizedpodcast.com/episodes-4/episode-115,9b64f43407d1551bb49c,WEAPONIZED,episode,web_page,True,legacy_unspecified,approved,,False,False,network_check_pending,2026-07-28T00:00:00Z,23.5C.1-1.0.0,dup-00457,duplicate,media-audit-8a6069ba45bfc1df
inv-01366,weaponized-podcast,WEAPONIZED,2026-weaponized-episode-115,podcast_episode,115,WEAPONIZED Episode #115 — A New Chapter in the Bob Lazar Saga,2026-04-14,referenceSources,0,Watch Episode #115,https://www.youtube.com/watch?v=HcQnbRasYxI,https://youtube.com/watch?v=HcQnbRasYxI,a205c4938f1ea5d7e9db,YouTube,episode,video,False,legacy_unspecified,approved,,False,False,network_check_pending,2026-07-28T00:00:00Z,23.5C.1-1.0.0,dup-00458,duplicate,media-audit-12f3f4968df60f7b
inv-01367,weaponized-podcast,WEAPONIZED,2026-weaponized-episode-115,podcast_episode,115,WEAPONIZED Episode #115 — A New Chapter in the Bob Lazar Saga,2026-04-14,referenceSources,1,Read the official episode description,https://www.weaponizedpodcast.com/episodes-4/episode-115,https://weaponizedpodcast.com/episodes-4/episode-115,9b64f43407d1551bb49c,WEAPONIZED website,episode,web_page,False,legacy_unspecified,approved,,False,False,network_check_pending,2026-07-28T00:00:00Z,23.5C.1-1.0.0,dup-00457,duplicate,media-audit-8a6069ba45bfc1df
inv-01368,weaponized-podcast,WEAPONIZED,2026-weaponized-episode-116,podcast_episode,116,WEAPONIZED Episode #116 — UAP Transparency at the National Space Symposium,2026-04-25,officialMedia,0,Open Official Episode Page,https://www.weaponizedpodcast.com/episodes-4/episode-116,https://weaponizedpodcast.com/episodes-4/episode-116,5a4886a8c845cd3503e2,Official website,episode,web_page,True,verified,approved,1,False,False,network_check_pending,2026-07-28T00:00:00Z,23.5C.1-1.0.0,dup-00460,authoritative,media-audit-f5b44333d7690392
inv-01369,weaponized-podcast,WEAPONIZED,2026-weaponized-episode-116,podcast_episode,116,WEAPONIZED Episode #116 — UAP Transparency at the National Space Symposium,2026-04-25,officialMedia,1,Browse Official Podcast Archive,https://link.chtbl.com/Weaponized,https://link.chtbl.com/Weaponized,e431bef40967149e37ee,RSS,series,audio,True,verified,approved,6,False,False,network_check_pending,2026-07-28T00:00:00Z,23.5C.1-1.0.0,dup-00459,authoritative,media-audit-9ea09cba25ec93f8
inv-01370,weaponized-podcast,WEAPONIZED,2026-weaponized-episode-116,podcast_episode,116,WEAPONIZED Episode #116 — UAP Transparency at the National Space Symposium,2026-04-25,mediaLinks,0,Open the official Episode #116 page,https://www.weaponizedpodcast.com/episodes-4/episode-116,https://weaponizedpodcast.com/episodes-4/episode-116,5a4886a8c845cd3503e2,WEAPONIZED,episode,web_page,True,legacy_unspecified,approved,,False,False,network_check_pending,2026-07-28T00:00:00Z,23.5C.1-1.0.0,dup-00460,duplicate,media-audit-f5b44333d7690392
inv-01371,weaponized-podcast,WEAPONIZED,2026-weaponized-episode-116,podcast_episode,116,WEAPONIZED Episode #116 — UAP Transparency at the National Space Symposium,2026-04-25,mediaLinks,1,Listen to WEAPONIZED,https://link.chtbl.com/Weaponized,https://link.chtbl.com/Weaponized,e431bef40967149e37ee,Official audio feed,series,web_page,True,legacy_unspecified,approved,,False,False,network_check_pending,2026-07-28T00:00:00Z,23.5C.1-1.0.0,dup-00459,duplicate,media-audit-9ea09cba25ec93f8
inv-01372,weaponized-podcast,WEAPONIZED,2026-weaponized-episode-116,podcast_episode,116,WEAPONIZED Episode #116 — UAP Transparency at the National Space Symposium,2026-04-25,referenceSources,0,Official WEAPONIZED Episode #116 page,https://www.weaponizedpodcast.com/episodes-4/episode-116,https://weaponizedpodcast.com/episodes-4/episode-116,5a4886a8c845cd3503e2,WEAPONIZED website,episode,web_page,False,legacy_unspecified,approved,,False,False,network_check_pending,2026-07-28T00:00:00Z,23.5C.1-1.0.0,dup-00460,duplicate,media-audit-f5b44333d7690392
inv-01373,weaponized-podcast,WEAPONIZED,2026-weaponized-episode-116,podcast_episode,116,WEAPONIZED Episode #116 — UAP Transparency at the National Space Symposium,2026-04-25,referenceSources,1,Listen to WEAPONIZED,https://link.chtbl.com/Weaponized,https://link.chtbl.com/Weaponized,e431bef40967149e37ee,link.chtbl.com,series,web_page,False,legacy_unspecified,approved,,False,False,network_check_pending,2026-07-28T00:00:00Z,23.5C.1-1.0.0,dup-00459,duplicate,media-audit-9ea09cba25ec93f8
inv-01374,weaponized-podcast,WEAPONIZED,2026-weaponized-episode-117,podcast_episode,117,"WEAPONIZED Episode #117 — Federal UFO Files, Public Expectations, and Sleeping Dog",2026-05-08,officialMedia,0,Open Official Episode Page,https://www.weaponizedpodcast.com/episodes-4/episode-117,https://weaponizedpodcast.com/episodes-4/episode-117,e0c6f57d72c2bc0f3f9d,Official website,episode,web_page,True,verified,approved,1,False,False,network_check_pending,2026-07-28T00:00:00Z,23.5C.1-1.0.0,dup-00462,authoritative,media-audit-4a55aa20a6ca503c
inv-01375,weaponized-podcast,WEAPONIZED,2026-weaponized-episode-117,podcast_episode,117,"WEAPONIZED Episode #117 — Federal UFO Files, Public Expectations, and Sleeping Dog",2026-05-08,officialMedia,1,Browse Official Podcast Archive,https://link.chtbl.com/Weaponized,https://link.chtbl.com/Weaponized,e431bef40967149e37ee,RSS,series,audio,True,verified,approved,6,False,False,network_check_pending,2026-07-28T00:00:00Z,23.5C.1-1.0.0,dup-00461,authoritative,media-audit-eba005f73af4b9c2
inv-01376,weaponized-podcast,WEAPONIZED,2026-weaponized-episode-117,podcast_episode,117,"WEAPONIZED Episode #117 — Federal UFO Files, Public Expectations, and Sleeping Dog",2026-05-08,mediaLinks,0,Open the official Episode #117 page,https://www.weaponizedpodcast.com/episodes-4/episode-117,https://weaponizedpodcast.com/episodes-4/episode-117,e0c6f57d72c2bc0f3f9d,WEAPONIZED,episode,web_page,True,legacy_unspecified,approved,,False,False,network_check_pending,2026-07-28T00:00:00Z,23.5C.1-1.0.0,dup-00462,duplicate,media-audit-4a55aa20a6ca503c
inv-01377,weaponized-podcast,WEAPONIZED,2026-weaponized-episode-117,podcast_episode,117,"WEAPONIZED Episode #117 — Federal UFO Files, Public Expectations, and Sleeping Dog",2026-05-08,mediaLinks,1,Listen to WEAPONIZED,https://link.chtbl.com/Weaponized,https://link.chtbl.com/Weaponized,e431bef40967149e37ee,Official audio feed,series,web_page,True,legacy_unspecified,approved,,False,False,network_check_pending,2026-07-28T00:00:00Z,23.5C.1-1.0.0,dup-00461,duplicate,media-audit-eba005f73af4b9c2
inv-01378,weaponized-podcast,WEAPONIZED,2026-weaponized-episode-117,podcast_episode,117,"WEAPONIZED Episode #117 — Federal UFO Files, Public Expectations, and Sleeping Dog",2026-05-08,referenceSources,0,Official WEAPONIZED Episode #117 page,https://www.weaponizedpodcast.com/episodes-4/episode-117,https://weaponizedpodcast.com/episodes-4/episode-117,e0c6f57d72c2bc0f3f9d,WEAPONIZED website,episode,web_page,False,legacy_unspecified,approved,,False,False,network_check_pending,2026-07-28T00:00:00Z,23.5C.1-1.0.0,dup-00462,duplicate,media-audit-4a55aa20a6ca503c
inv-01379,weaponized-podcast,WEAPONIZED,2026-weaponized-episode-117,podcast_episode,117,"WEAPONIZED Episode #117 — Federal UFO Files, Public Expectations, and Sleeping Dog",2026-05-08,referenceSources,1,Listen to WEAPONIZED,https://link.chtbl.com/Weaponized,https://link.chtbl.com/Weaponized,e431bef40967149e37ee,link.chtbl.com,series,web_page,False,legacy_unspecified,approved,,False,False,network_check_pending,2026-07-28T00:00:00Z,23.5C.1-1.0.0,dup-00461,duplicate,media-audit-eba005f73af4b9c2
inv-01380,weaponized-podcast,WEAPONIZED,2026-weaponized-episode-118,podcast_episode,118,WEAPONIZED Episode #118 — Dylan Borland on the Costs of Coming Forward,2026-05-22,officialMedia,0,Open Official Episode Page,https://www.weaponizedpodcast.com/episodes-4/episode-118,https://weaponizedpodcast.com/episodes-4/episode-118,65b9ca912b4a6b5e9c00,Official website,episode,web_page,True,verified,approved,1,False,False,network_check_pending,2026-07-28T00:00:00Z,23.5C.1-1.0.0,dup-00464,authoritative,media-audit-059163d14cd3cc63
inv-01381,weaponized-podcast,WEAPONIZED,2026-weaponized-episode-118,podcast_episode,118,WEAPONIZED Episode #118 — Dylan Borland on the Costs of Coming Forward,2026-05-22,officialMedia,1,Browse Official Podcast Archive,https://link.chtbl.com/Weaponized,https://link.chtbl.com/Weaponized,e431bef40967149e37ee,RSS,series,audio,True,verified,approved,6,False,False,network_check_pending,2026-07-28T00:00:00Z,23.5C.1-1.0.0,dup-00463,authoritative,media-audit-f9a8d2fe91961740
inv-01382,weaponized-podcast,WEAPONIZED,2026-weaponized-episode-118,podcast_episode,118,WEAPONIZED Episode #118 — Dylan Borland on the Costs of Coming Forward,2026-05-22,mediaLinks,0,Open the official Episode #118 page,https://www.weaponizedpodcast.com/episodes-4/episode-118,https://weaponizedpodcast.com/episodes-4/episode-118,65b9ca912b4a6b5e9c00,WEAPONIZED,episode,web_page,True,legacy_unspecified,approved,,False,False,network_check_pending,2026-07-28T00:00:00Z,23.5C.1-1.0.0,dup-00464,duplicate,media-audit-059163d14cd3cc63
inv-01383,weaponized-podcast,WEAPONIZED,2026-weaponized-episode-118,podcast_episode,118,WEAPONIZED Episode #118 — Dylan Borland on the Costs of Coming Forward,2026-05-22,mediaLinks,1,Listen to WEAPONIZED,https://link.chtbl.com/Weaponized,https://link.chtbl.com/Weaponized,e431bef40967149e37ee,Official audio feed,series,web_page,True,legacy_unspecified,approved,,False,False,network_check_pending,2026-07-28T00:00:00Z,23.5C.1-1.0.0,dup-00463,duplicate,media-audit-f9a8d2fe91961740
inv-01384,weaponized-podcast,WEAPONIZED,2026-weaponized-episode-118,podcast_episode,118,WEAPONIZED Episode #118 — Dylan Borland on the Costs of Coming Forward,2026-05-22,referenceSources,0,Official WEAPONIZED Episode #118 page,https://www.weaponizedpodcast.com/episodes-4/episode-118,https://weaponizedpodcast.com/episodes-4/episode-118,65b9ca912b4a6b5e9c00,WEAPONIZED website,episode,web_page,False,legacy_unspecified,approved,,False,False,network_check_pending,2026-07-28T00:00:00Z,23.5C.1-1.0.0,dup-00464,duplicate,media-audit-059163d14cd3cc63
inv-01385,weaponized-podcast,WEAPONIZED,2026-weaponized-episode-118,podcast_episode,118,WEAPONIZED Episode #118 — Dylan Borland on the Costs of Coming Forward,2026-05-22,referenceSources,1,Listen to WEAPONIZED,https://link.chtbl.com/Weaponized,https://link.chtbl.com/Weaponized,e431bef40967149e37ee,link.chtbl.com,series,web_page,False,legacy_unspecified,approved,,False,False,network_check_pending,2026-07-28T00:00:00Z,23.5C.1-1.0.0,dup-00463,duplicate,media-audit-f9a8d2fe91961740
inv-01386,weaponized-podcast,WEAPONIZED,2026-weaponized-episode-119,podcast_episode,119,WEAPONIZED Episode #119 — The Price Paid by UAP Whistleblowers,2026-06-04,officialMedia,0,Open Official Episode Page,https://www.weaponizedpodcast.com/episodes-4/episode-119,https://weaponizedpodcast.com/episodes-4/episode-119,162a965e98125dbe92ee,Official website,episode,web_page,True,verified,approved,1,False,False,network_check_pending,2026-07-28T00:00:00Z,23.5C.1-1.0.0,dup-00466,authoritative,media-audit-dc8dfb7bbf114506
inv-01387,weaponized-podcast,WEAPONIZED,2026-weaponized-episode-119,podcast_episode,119,WEAPONIZED Episode #119 — The Price Paid by UAP Whistleblowers,2026-06-04,officialMedia,1,Browse Official Podcast Archive,https://link.chtbl.com/Weaponized,https://link.chtbl.com/Weaponized,e431bef40967149e37ee,RSS,series,audio,True,verified,approved,6,False,False,network_check_pending,2026-07-28T00:00:00Z,23.5C.1-1.0.0,dup-00465,authoritative,media-audit-c1cfd2f2836084b2
inv-01388,weaponized-podcast,WEAPONIZED,2026-weaponized-episode-119,podcast_episode,119,WEAPONIZED Episode #119 — The Price Paid by UAP Whistleblowers,2026-06-04,mediaLinks,0,Open the official Episode #119 page,https://www.weaponizedpodcast.com/episodes-4/episode-119,https://weaponizedpodcast.com/episodes-4/episode-119,162a965e98125dbe92ee,WEAPONIZED,episode,web_page,True,legacy_unspecified,approved,,False,False,network_check_pending,2026-07-28T00:00:00Z,23.5C.1-1.0.0,dup-00466,duplicate,media-audit-dc8dfb7bbf114506
inv-01389,weaponized-podcast,WEAPONIZED,2026-weaponized-episode-119,podcast_episode,119,WEAPONIZED Episode #119 — The Price Paid by UAP Whistleblowers,2026-06-04,mediaLinks,1,Listen to WEAPONIZED,https://link.chtbl.com/Weaponized,https://link.chtbl.com/Weaponized,e431bef40967149e37ee,Official audio feed,series,web_page,True,legacy_unspecified,approved,,False,False,network_check_pending,2026-07-28T00:00:00Z,23.5C.1-1.0.0,dup-00465,duplicate,media-audit-c1cfd2f2836084b2
inv-01390,weaponized-podcast,WEAPONIZED,2026-weaponized-episode-119,podcast_episode,119,WEAPONIZED Episode #119 — The Price Paid by UAP Whistleblowers,2026-06-04,referenceSources,0,Official WEAPONIZED Episode #119 page,https://www.weaponizedpodcast.com/episodes-4/episode-119,https://weaponizedpodcast.com/episodes-4/episode-119,162a965e98125dbe92ee,WEAPONIZED website,episode,web_page,False,legacy_unspecified,approved,,False,False,network_check_pending,2026-07-28T00:00:00Z,23.5C.1-1.0.0,dup-00466,duplicate,media-audit-dc8dfb7bbf114506
inv-01391,weaponized-podcast,WEAPONIZED,2026-weaponized-episode-119,podcast_episode,119,WEAPONIZED Episode #119 — The Price Paid by UAP Whistleblowers,2026-06-04,referenceSources,1,Listen to WEAPONIZED,https://link.chtbl.com/Weaponized,https://link.chtbl.com/Weaponized,e431bef40967149e37ee,link.chtbl.com,series,web_page,False,legacy_unspecified,approved,,False,False,network_check_pending,2026-07-28T00:00:00Z,23.5C.1-1.0.0,dup-00465,duplicate,media-audit-c1cfd2f2836084b2
inv-01392,weaponized-podcast,WEAPONIZED,2026-weaponized-episode-120,podcast_episode,120,WEAPONIZED Episode #120 — Whitley Strieber — Transformation 2026 and the Meaning of Close Encounters,2026-06-18,officialMedia,0,Open Official Episode Page,https://www.weaponizedpodcast.com/episodes-4/episode-120,https://weaponizedpodcast.com/episodes-4/episode-120,f236e49bf593f2cff17e,Official website,episode,web_page,True,verified,approved,1,False,False,network_check_pending,2026-07-28T00:00:00Z,23.5C.1-1.0.0,dup-00468,authoritative,media-audit-877d69aa27743f28
inv-01393,weaponized-podcast,WEAPONIZED,2026-weaponized-episode-120,podcast_episode,120,WEAPONIZED Episode #120 — Whitley Strieber — Transformation 2026 and the Meaning of Close Encounters,2026-06-18,officialMedia,1,Browse Official Podcast Archive,https://link.chtbl.com/Weaponized,https://link.chtbl.com/Weaponized,e431bef40967149e37ee,RSS,series,audio,True,verified,approved,6,False,False,network_check_pending,2026-07-28T00:00:00Z,23.5C.1-1.0.0,dup-00467,authoritative,media-audit-51974b962d31236c
inv-01394,weaponized-podcast,WEAPONIZED,2026-weaponized-episode-120,podcast_episode,120,WEAPONIZED Episode #120 — Whitley Strieber — Transformation 2026 and the Meaning of Close Encounters,2026-06-18,mediaLinks,0,Open the official Episode #120 page,https://www.weaponizedpodcast.com/episodes-4/episode-120,https://weaponizedpodcast.com/episodes-4/episode-120,f236e49bf593f2cff17e,WEAPONIZED,episode,web_page,True,legacy_unspecified,approved,,False,False,network_check_pending,2026-07-28T00:00:00Z,23.5C.1-1.0.0,dup-00468,duplicate,media-audit-877d69aa27743f28
inv-01395,weaponized-podcast,WEAPONIZED,2026-weaponized-episode-120,podcast_episode,120,WEAPONIZED Episode #120 — Whitley Strieber — Transformation 2026 and the Meaning of Close Encounters,2026-06-18,mediaLinks,1,Listen to WEAPONIZED,https://link.chtbl.com/Weaponized,https://link.chtbl.com/Weaponized,e431bef40967149e37ee,Official audio feed,series,web_page,True,legacy_unspecified,approved,,False,False,network_check_pending,2026-07-28T00:00:00Z,23.5C.1-1.0.0,dup-00467,duplicate,media-audit-51974b962d31236c
inv-01396,weaponized-podcast,WEAPONIZED,2026-weaponized-episode-120,podcast_episode,120,WEAPONIZED Episode #120 — Whitley Strieber — Transformation 2026 and the Meaning of Close Encounters,2026-06-18,referenceSources,0,Official WEAPONIZED Episode #120 page,https://www.weaponizedpodcast.com/episodes-4/episode-120,https://weaponizedpodcast.com/episodes-4/episode-120,f236e49bf593f2cff17e,WEAPONIZED website,episode,web_page,False,legacy_unspecified,approved,,False,False,network_check_pending,2026-07-28T00:00:00Z,23.5C.1-1.0.0,dup-00468,duplicate,media-audit-877d69aa27743f28
inv-01397,weaponized-podcast,WEAPONIZED,2026-weaponized-episode-120,podcast_episode,120,WEAPONIZED Episode #120 — Whitley Strieber — Transformation 2026 and the Meaning of Close Encounters,2026-06-18,referenceSources,1,Listen to WEAPONIZED,https://link.chtbl.com/Weaponized,https://link.chtbl.com/Weaponized,e431bef40967149e37ee,link.chtbl.com,series,web_page,False,legacy_unspecified,approved,,False,False,network_check_pending,2026-07-28T00:00:00Z,23.5C.1-1.0.0,dup-00467,duplicate,media-audit-51974b962d31236c
inv-01398,merged-podcast,MERGED,merged-podcast,podcast_series,,Merged,,officialMedia,0,Browse Apple Podcasts Series Archive,https://podcasts.apple.com/us/podcast/merged/id1655450953,https://podcasts.apple.com/us/podcast/merged/id1655450953,06337fdf07e45414fdbe,Apple Podcasts,series,audio,True,verified,approved,6,False,False,network_check_pending,2026-07-28T00:00:00Z,23.5C.1-1.0.0,dup-00471,authoritative,media-audit-25824774548c4549
inv-01399,merged-podcast,MERGED,merged-podcast,podcast_series,,Merged,,officialMedia,1,Open Official Podcast Website,https://www.mergedpodcast.com/,https://mergedpodcast.com,b8522a57eff1fca75bae,Official website,series,web_page,True,verified,approved,6,False,False,network_check_pending,2026-07-28T00:00:00Z,23.5C.1-1.0.0,dup-00469,authoritative,media-audit-ca92a391a16287ee
inv-01400,merged-podcast,MERGED,merged-podcast,podcast_series,,Merged,,officialMedia,2,Browse Spotify Series Archive,https://open.spotify.com/show/4HjG2YLiHjEJ5rLs39sGfQ,https://open.spotify.com/show/4HjG2YLiHjEJ5rLs39sGfQ,2420cb338cf2669cfb85,Spotify,series,audio,True,verified,approved,6,False,False,network_check_pending,2026-07-28T00:00:00Z,23.5C.1-1.0.0,dup-00470,authoritative,media-audit-b634642d99107a40
inv-01401,merged-podcast,MERGED,merged-podcast,podcast_series,,Merged,,officialMedia,3,Open Official YouTube Channel,https://www.youtube.com/@merged_podcast,https://youtube.com/@merged_podcast,2e908f202bc44ccd13b1,YouTube,channel,video,True,verified,approved,6,False,False,network_check_pending,2026-07-28T00:00:00Z,23.5C.1-1.0.0,dup-00472,authoritative,media-audit-b9c839bbbb4176e0
inv-01402,merged-podcast,MERGED,merged-podcast,podcast_series,,Merged,,officialLinks,0,official website,https://www.mergedpodcast.com/,https://mergedpodcast.com,b8522a57eff1fca75bae,mergedpodcast.com,series,web_page,True,legacy_unspecified,approved,,False,False,network_check_pending,2026-07-28T00:00:00Z,23.5C.1-1.0.0,dup-00469,duplicate,media-audit-ca92a391a16287ee
inv-01403,merged-podcast,MERGED,merged-podcast,podcast_series,,Merged,,officialLinks,1,YouTube,https://www.youtube.com/@merged_podcast,https://youtube.com/@merged_podcast,2e908f202bc44ccd13b1,YouTube,channel,video,True,legacy_unspecified,approved,,False,False,network_check_pending,2026-07-28T00:00:00Z,23.5C.1-1.0.0,dup-00472,duplicate,media-audit-b9c839bbbb4176e0
inv-01404,merged-podcast,MERGED,merged-podcast,podcast_series,,Merged,,officialLinks,2,Spotify,https://open.spotify.com/show/4HjG2YLiHjEJ5rLs39sGfQ,https://open.spotify.com/show/4HjG2YLiHjEJ5rLs39sGfQ,2420cb338cf2669cfb85,Spotify,series,audio,True,legacy_unspecified,approved,,False,False,network_check_pending,2026-07-28T00:00:00Z,23.5C.1-1.0.0,dup-00470,duplicate,media-audit-b634642d99107a40
inv-01405,merged-podcast,MERGED,merged-podcast,podcast_series,,Merged,,officialLinks,3,Apple Podcasts,https://podcasts.apple.com/us/podcast/merged/id1655450953,https://podcasts.apple.com/us/podcast/merged/id1655450953,06337fdf07e45414fdbe,Apple Podcasts,series,audio,True,legacy_unspecified,approved,,False,False,network_check_pending,2026-07-28T00:00:00Z,23.5C.1-1.0.0,dup-00471,duplicate,media-audit-25824774548c4549
inv-01406,need-to-know-podcast,Need to Know,need-to-know-podcast,podcast_series,,Need to Know,,officialMedia,0,Browse Apple Podcasts Series Archive,https://podcasts.apple.com/us/podcast/need-to-know/id1600409359,https://podcasts.apple.com/us/podcast/need-to-know/id1600409359,14c48898a9211e3b3d8a,Apple Podcasts,series,audio,True,verified,approved,6,False,False,network_check_pending,2026-07-28T00:00:00Z,23.5C.1-1.0.0,dup-00474,authoritative,media-audit-ba5ceae64d2b59b1
inv-01407,need-to-know-podcast,Need to Know,need-to-know-podcast,podcast_series,,Need to Know,,officialMedia,1,Browse Spotify Series Archive,https://open.spotify.com/show/24xucCwPjcXENqwUgtKZaY,https://open.spotify.com/show/24xucCwPjcXENqwUgtKZaY,ca9ffbdf8bf4c24e436f,Spotify,series,audio,True,verified,approved,6,False,False,network_check_pending,2026-07-28T00:00:00Z,23.5C.1-1.0.0,dup-00473,authoritative,media-audit-de11ed2d973137e1
inv-01408,need-to-know-podcast,Need to Know,need-to-know-podcast,podcast_series,,Need to Know,,officialMedia,2,Open Official YouTube Channel,https://www.youtube.com/channel/UCgslF1kPo4Kmv4Xrg8EyYmQ,https://youtube.com/channel/UCgslF1kPo4Kmv4Xrg8EyYmQ,bfeade91d7cae5ad5be2,YouTube,channel,video,True,verified,approved,6,False,False,network_check_pending,2026-07-28T00:00:00Z,23.5C.1-1.0.0,dup-00475,authoritative,media-audit-c9f8f086a8802b2c
inv-01409,need-to-know-podcast,Need to Know,need-to-know-podcast,podcast_series,,Need to Know,,officialMedia,3,Browse Official YouTube Playlist,https://www.youtube.com/playlist?list=PLXdU8QbJkboeMcvUNyGpb9h6FUS9cVBti,https://youtube.com/playlist?list=PLXdU8QbJkboeMcvUNyGpb9h6FUS9cVBti,24259ff69bbafb114bed,YouTube,playlist,video,True,verified,approved,6,False,False,network_check_pending,2026-07-28T00:00:00Z,23.5C.1-1.0.0,dup-00476,authoritative,media-audit-5cb621d8e7e72cd1
inv-01410,need-to-know-podcast,Need to Know,need-to-know-podcast,podcast_series,,Need to Know,,officialLinks,0,official website,https://www.youtube.com/channel/UCgslF1kPo4Kmv4Xrg8EyYmQ,https://youtube.com/channel/UCgslF1kPo4Kmv4Xrg8EyYmQ,bfeade91d7cae5ad5be2,YouTube,channel,video,True,legacy_unspecified,approved,,False,False,network_check_pending,2026-07-28T00:00:00Z,23.5C.1-1.0.0,dup-00475,duplicate,media-audit-c9f8f086a8802b2c
inv-01411,need-to-know-podcast,Need to Know,need-to-know-podcast,podcast_series,,Need to Know,,officialLinks,1,YouTube,https://www.youtube.com/playlist?list=PLXdU8QbJkboeMcvUNyGpb9h6FUS9cVBti,https://youtube.com/playlist?list=PLXdU8QbJkboeMcvUNyGpb9h6FUS9cVBti,24259ff69bbafb114bed,YouTube,playlist,video,True,legacy_unspecified,approved,,False,False,network_check_pending,2026-07-28T00:00:00Z,23.5C.1-1.0.0,dup-00476,duplicate,media-audit-5cb621d8e7e72cd1
inv-01412,need-to-know-podcast,Need to Know,need-to-know-podcast,podcast_series,,Need to Know,,officialLinks,2,Spotify,https://open.spotify.com/show/24xucCwPjcXENqwUgtKZaY,https://open.spotify.com/show/24xucCwPjcXENqwUgtKZaY,ca9ffbdf8bf4c24e436f,Spotify,series,audio,True,legacy_unspecified,approved,,False,False,network_check_pending,2026-07-28T00:00:00Z,23.5C.1-1.0.0,dup-00473,duplicate,media-audit-de11ed2d973137e1
inv-01413,need-to-know-podcast,Need to Know,need-to-know-podcast,podcast_series,,Need to Know,,officialLinks,3,Apple Podcasts,https://podcasts.apple.com/us/podcast/need-to-know/id1600409359,https://podcasts.apple.com/us/podcast/need-to-know/id1600409359,14c48898a9211e3b3d8a,Apple Podcasts,series,audio,True,legacy_unspecified,approved,,False,False,network_check_pending,2026-07-28T00:00:00Z,23.5C.1-1.0.0,dup-00474,duplicate,media-audit-ba5ceae64d2b59b1
inv-01414,somewhere-in-the-skies-podcast,Somewhere in the Skies,somewhere-in-the-skies-podcast,podcast_series,,Somewhere in the Skies,,officialMedia,0,Browse Apple Podcasts Series Archive,https://podcasts.apple.com/us/podcast/somewhere-in-the-skies/id1227858637,https://podcasts.apple.com/us/podcast/somewhere-in-the-skies/id1227858637,1e6fb60da53fd5035e63,Apple Podcasts,series,audio,True,verified,approved,6,False,False,network_check_pending,2026-07-28T00:00:00Z,23.5C.1-1.0.0,dup-00478,authoritative,media-audit-a4499c74e5c16d6d
inv-01415,somewhere-in-the-skies-podcast,Somewhere in the Skies,somewhere-in-the-skies-podcast,podcast_series,,Somewhere in the Skies,,officialMedia,1,Open Official Podcast Website,https://somewhereintheskies.com/,https://somewhereintheskies.com,88a5cfb0d7d85f59a198,Official website,series,web_page,True,verified,approved,6,False,False,network_check_pending,2026-07-28T00:00:00Z,23.5C.1-1.0.0,dup-00479,authoritative,media-audit-01e0c7f28b324b8e
inv-01416,somewhere-in-the-skies-podcast,Somewhere in the Skies,somewhere-in-the-skies-podcast,podcast_series,,Somewhere in the Skies,,officialMedia,2,Browse Spotify Series Archive,https://open.spotify.com/show/1g0MSTxiHo4KvtrUxhr6II,https://open.spotify.com/show/1g0MSTxiHo4KvtrUxhr6II,41ccb3690f812c6f9533,Spotify,series,audio,True,verified,approved,6,False,False,network_check_pending,2026-07-28T00:00:00Z,23.5C.1-1.0.0,dup-00477,authoritative,media-audit-30207b94eb1db827
inv-01417,somewhere-in-the-skies-podcast,Somewhere in the Skies,somewhere-in-the-skies-podcast,podcast_series,,Somewhere in the Skies,,officialMedia,3,Open Official YouTube Channel,https://www.youtube.com/channel/UCYH8m4zyehr0rN3feBZ4mCA,https://youtube.com/channel/UCYH8m4zyehr0rN3feBZ4mCA,af5f0a1206856b1d1c3c,YouTube,channel,video,True,verified,approved,6,False,False,network_check_pending,2026-07-28T00:00:00Z,23.5C.1-1.0.0,dup-00480,authoritative,media-audit-b503cdc994c6434c
inv-01418,somewhere-in-the-skies-podcast,Somewhere in the Skies,somewhere-in-the-skies-podcast,podcast_series,,Somewhere in the Skies,,officialLinks,0,official website,https://somewhereintheskies.com/,https://somewhereintheskies.com,88a5cfb0d7d85f59a198,somewhereintheskies.com,series,web_page,True,legacy_unspecified,approved,,False,False,network_check_pending,2026-07-28T00:00:00Z,23.5C.1-1.0.0,dup-00479,duplicate,media-audit-01e0c7f28b324b8e
inv-01419,somewhere-in-the-skies-podcast,Somewhere in the Skies,somewhere-in-the-skies-podcast,podcast_series,,Somewhere in the Skies,,officialLinks,1,YouTube,https://www.youtube.com/channel/UCYH8m4zyehr0rN3feBZ4mCA,https://youtube.com/channel/UCYH8m4zyehr0rN3feBZ4mCA,af5f0a1206856b1d1c3c,YouTube,channel,video,True,legacy_unspecified,approved,,False,False,network_check_pending,2026-07-28T00:00:00Z,23.5C.1-1.0.0,dup-00480,duplicate,media-audit-b503cdc994c6434c
inv-01420,somewhere-in-the-skies-podcast,Somewhere in the Skies,somewhere-in-the-skies-podcast,podcast_series,,Somewhere in the Skies,,officialLinks,2,Spotify,https://open.spotify.com/show/1g0MSTxiHo4KvtrUxhr6II,https://open.spotify.com/show/1g0MSTxiHo4KvtrUxhr6II,41ccb3690f812c6f9533,Spotify,series,audio,True,legacy_unspecified,approved,,False,False,network_check_pending,2026-07-28T00:00:00Z,23.5C.1-1.0.0,dup-00477,duplicate,media-audit-30207b94eb1db827
inv-01421,somewhere-in-the-skies-podcast,Somewhere in the Skies,somewhere-in-the-skies-podcast,podcast_series,,Somewhere in the Skies,,officialLinks,3,Apple Podcasts,https://podcasts.apple.com/us/podcast/somewhere-in-the-skies/id1227858637,https://podcasts.apple.com/us/podcast/somewhere-in-the-skies/id1227858637,1e6fb60da53fd5035e63,Apple Podcasts,series,audio,True,legacy_unspecified,approved,,False,False,network_check_pending,2026-07-28T00:00:00Z,23.5C.1-1.0.0,dup-00478,duplicate,media-audit-a4499c74e5c16d6d
inv-01422,weaponized-podcast,WEAPONIZED,weaponized-matthew-brown-part-1,podcast_episode,74,WEAPONIZED Episode #74 — Matthew Brown Part 1: Immaculate Constellation,2025-04-29,officialMedia,0,Open Official Episode Page,https://www.weaponizedpodcast.com/,https://weaponizedpodcast.com,51ac92816700ad0655e3,Official website,episode,web_page,True,verified,approved,1,False,False,network_check_pending,2026-07-28T00:00:00Z,23.5C.1-1.0.0,dup-00481,authoritative,media-audit-63c269074605aff9
inv-01423,weaponized-podcast,WEAPONIZED,weaponized-matthew-brown-part-1,podcast_episode,74,WEAPONIZED Episode #74 — Matthew Brown Part 1: Immaculate Constellation,2025-04-29,officialMedia,1,Open Official Episode Page,https://www.weaponizedpodcast.com/episodes-3/episode-74,https://weaponizedpodcast.com/episodes-3/episode-74,7118c8ab69fa54d67097,Official website,episode,web_page,False,verified,approved,1,False,False,network_check_pending,2026-07-28T00:00:00Z,23.5C.1-1.0.0,dup-00482,authoritative,media-audit-4ca331a5843dcc13
inv-01424,weaponized-podcast,WEAPONIZED,weaponized-matthew-brown-part-1,podcast_episode,74,WEAPONIZED Episode #74 — Matthew Brown Part 1: Immaculate Constellation,2025-04-29,officialMedia,2,Watch on YouTube,https://www.youtube.com/watch?v=ZAxI-LDrDqA,https://youtube.com/watch?v=ZAxI-LDrDqA,ed5df2dd47b417a749dd,YouTube,episode,video,True,verified,approved,2,False,False,network_check_pending,2026-07-28T00:00:00Z,23.5C.1-1.0.0,dup-00483,authoritative,media-audit-d058332e58d3f1fd
inv-01425,weaponized-podcast,WEAPONIZED,weaponized-matthew-brown-part-1,podcast_episode,74,WEAPONIZED Episode #74 — Matthew Brown Part 1: Immaculate Constellation,2025-04-29,mediaLinks,0,Watch Matthew Brown Part 1,https://www.youtube.com/watch?v=ZAxI-LDrDqA,https://youtube.com/watch?v=ZAxI-LDrDqA,ed5df2dd47b417a749dd,WEAPONIZED / YouTube,episode,web_page,True,legacy_unspecified,approved,,False,False,network_check_pending,2026-07-28T00:00:00Z,23.5C.1-1.0.0,dup-00483,duplicate,media-audit-d058332e58d3f1fd
inv-01426,weaponized-podcast,WEAPONIZED,weaponized-matthew-brown-part-1,podcast_episode,74,WEAPONIZED Episode #74 — Matthew Brown Part 1: Immaculate Constellation,2025-04-29,mediaLinks,1,Visit WEAPONIZED,https://www.weaponizedpodcast.com/,https://weaponizedpodcast.com,51ac92816700ad0655e3,Official website,series,web_page,True,legacy_unspecified,approved,,False,False,network_check_pending,2026-07-28T00:00:00Z,23.5C.1-1.0.0,dup-00481,duplicate,media-audit-63c269074605aff9
inv-01427,weaponized-podcast,WEAPONIZED,weaponized-matthew-brown-part-1,podcast_episode,74,WEAPONIZED Episode #74 — Matthew Brown Part 1: Immaculate Constellation,2025-04-29,referenceSources,0,Watch Matthew Brown Part 1,https://www.youtube.com/watch?v=ZAxI-LDrDqA,https://youtube.com/watch?v=ZAxI-LDrDqA,ed5df2dd47b417a749dd,YouTube,episode,video,False,legacy_unspecified,approved,,False,False,network_check_pending,2026-07-28T00:00:00Z,23.5C.1-1.0.0,dup-00483,duplicate,media-audit-d058332e58d3f1fd
inv-01428,weaponized-podcast,WEAPONIZED,weaponized-matthew-brown-part-1,podcast_episode,74,WEAPONIZED Episode #74 — Matthew Brown Part 1: Immaculate Constellation,2025-04-29,referenceSources,1,Visit WEAPONIZED,https://www.weaponizedpodcast.com/,https://weaponizedpodcast.com,51ac92816700ad0655e3,WEAPONIZED website,series,web_page,False,legacy_unspecified,approved,,False,False,network_check_pending,2026-07-28T00:00:00Z,23.5C.1-1.0.0,dup-00481,duplicate,media-audit-63c269074605aff9
inv-01429,weaponized-podcast,WEAPONIZED,weaponized-matthew-brown-part-1,podcast_episode,74,WEAPONIZED Episode #74 — Matthew Brown Part 1: Immaculate Constellation,2025-04-29,referenceSources,2,WEAPONIZED Episode #74 — Matthew Brown Part 1: Immaculate Constellation,https://www.weaponizedpodcast.com/episodes-3/episode-74,https://weaponizedpodcast.com/episodes-3/episode-74,7118c8ab69fa54d67097,WEAPONIZED website,episode,web_page,False,legacy_unspecified,approved,,False,False,network_check_pending,2026-07-28T00:00:00Z,23.5C.1-1.0.0,dup-00482,duplicate,media-audit-4ca331a5843dcc13
inv-01430,weaponized-podcast,WEAPONIZED,weaponized-matthew-brown-part-2,podcast_episode,75,WEAPONIZED Episode #75 — Matthew Brown Part 2: Immaculate Constellation,2025-05-06,officialMedia,0,Open Official Episode Page,https://www.weaponizedpodcast.com/episodes-3/episode-75,https://weaponizedpodcast.com/episodes-3/episode-75,51374509c49e6b895437,Official website,episode,web_page,True,verified,approved,1,False,False,network_check_pending,2026-07-28T00:00:00Z,23.5C.1-1.0.0,dup-00484,authoritative,media-audit-5d1b632c654b6c73
inv-01431,weaponized-podcast,WEAPONIZED,weaponized-matthew-brown-part-2,podcast_episode,75,WEAPONIZED Episode #75 — Matthew Brown Part 2: Immaculate Constellation,2025-05-06,officialMedia,1,Watch on YouTube,https://www.youtube.com/watch?v=4n_bRtnIP14,https://youtube.com/watch?v=4n_bRtnIP14,2ff6a425d0e8dc88edab,YouTube,episode,video,True,verified,approved,2,False,False,network_check_pending,2026-07-28T00:00:00Z,23.5C.1-1.0.0,dup-00485,authoritative,media-audit-8d423124a0d78362
inv-01432,weaponized-podcast,WEAPONIZED,weaponized-matthew-brown-part-2,podcast_episode,75,WEAPONIZED Episode #75 — Matthew Brown Part 2: Immaculate Constellation,2025-05-06,mediaLinks,0,Watch Matthew Brown Part 2,https://www.youtube.com/watch?v=4n_bRtnIP14,https://youtube.com/watch?v=4n_bRtnIP14,2ff6a425d0e8dc88edab,WEAPONIZED / YouTube,episode,web_page,True,legacy_unspecified,approved,,False,False,network_check_pending,2026-07-28T00:00:00Z,23.5C.1-1.0.0,dup-00485,duplicate,media-audit-8d423124a0d78362
inv-01433,weaponized-podcast,WEAPONIZED,weaponized-matthew-brown-part-2,podcast_episode,75,WEAPONIZED Episode #75 — Matthew Brown Part 2: Immaculate Constellation,2025-05-06,mediaLinks,1,Read the official Episode #75 description,https://www.weaponizedpodcast.com/episodes-3/episode-75,https://weaponizedpodcast.com/episodes-3/episode-75,51374509c49e6b895437,WEAPONIZED,episode,web_page,True,legacy_unspecified,approved,,False,False,network_check_pending,2026-07-28T00:00:00Z,23.5C.1-1.0.0,dup-00484,duplicate,media-audit-5d1b632c654b6c73
inv-01434,weaponized-podcast,WEAPONIZED,weaponized-matthew-brown-part-2,podcast_episode,75,WEAPONIZED Episode #75 — Matthew Brown Part 2: Immaculate Constellation,2025-05-06,referenceSources,0,Watch Matthew Brown Part 2,https://www.youtube.com/watch?v=4n_bRtnIP14,https://youtube.com/watch?v=4n_bRtnIP14,2ff6a425d0e8dc88edab,YouTube,episode,video,False,legacy_unspecified,approved,,False,False,network_check_pending,2026-07-28T00:00:00Z,23.5C.1-1.0.0,dup-00485,duplicate,media-audit-8d423124a0d78362
inv-01435,weaponized-podcast,WEAPONIZED,weaponized-matthew-brown-part-2,podcast_episode,75,WEAPONIZED Episode #75 — Matthew Brown Part 2: Immaculate Constellation,2025-05-06,referenceSources,1,Read the official Episode #75 description,https://www.weaponizedpodcast.com/episodes-3/episode-75,https://weaponizedpodcast.com/episodes-3/episode-75,51374509c49e6b895437,WEAPONIZED website,episode,web_page,False,legacy_unspecified,approved,,False,False,network_check_pending,2026-07-28T00:00:00Z,23.5C.1-1.0.0,dup-00484,duplicate,media-audit-5d1b632c654b6c73
inv-01436,weaponized-podcast,WEAPONIZED,weaponized-matthew-brown-part-3,podcast_episode,76,WEAPONIZED Episode #76 — Matthew Brown Part 3: Immaculate Constellation,2025-05-13,officialMedia,0,Open Official Episode Page,https://www.weaponizedpodcast.com/episodes-3/episode-76,https://weaponizedpodcast.com/episodes-3/episode-76,260bbc4c6519ea4dfa68,Official website,episode,web_page,True,verified,approved,1,False,False,network_check_pending,2026-07-28T00:00:00Z,23.5C.1-1.0.0,dup-00486,authoritative,media-audit-9510a88d8550e641
inv-01437,weaponized-podcast,WEAPONIZED,weaponized-matthew-brown-part-3,podcast_episode,76,WEAPONIZED Episode #76 — Matthew Brown Part 3: Immaculate Constellation,2025-05-13,officialMedia,1,Watch on YouTube,https://www.youtube.com/watch?v=PtBVAxoHeaY,https://youtube.com/watch?v=PtBVAxoHeaY,74780bf0b71adeac45da,YouTube,episode,video,True,verified,approved,2,False,False,network_check_pending,2026-07-28T00:00:00Z,23.5C.1-1.0.0,dup-00487,authoritative,media-audit-8b7974a8652e5d23
inv-01438,weaponized-podcast,WEAPONIZED,weaponized-matthew-brown-part-3,podcast_episode,76,WEAPONIZED Episode #76 — Matthew Brown Part 3: Immaculate Constellation,2025-05-13,mediaLinks,0,Watch Matthew Brown Part 3,https://www.youtube.com/watch?v=PtBVAxoHeaY,https://youtube.com/watch?v=PtBVAxoHeaY,74780bf0b71adeac45da,WEAPONIZED / YouTube,episode,web_page,True,legacy_unspecified,approved,,False,False,network_check_pending,2026-07-28T00:00:00Z,23.5C.1-1.0.0,dup-00487,duplicate,media-audit-8b7974a8652e5d23
inv-01439,weaponized-podcast,WEAPONIZED,weaponized-matthew-brown-part-3,podcast_episode,76,WEAPONIZED Episode #76 — Matthew Brown Part 3: Immaculate Constellation,2025-05-13,mediaLinks,1,Read the official Episode #76 description,https://www.weaponizedpodcast.com/episodes-3/episode-76,https://weaponizedpodcast.com/episodes-3/episode-76,260bbc4c6519ea4dfa68,WEAPONIZED,episode,web_page,True,legacy_unspecified,approved,,False,False,network_check_pending,2026-07-28T00:00:00Z,23.5C.1-1.0.0,dup-00486,duplicate,media-audit-9510a88d8550e641
inv-01440,weaponized-podcast,WEAPONIZED,weaponized-matthew-brown-part-3,podcast_episode,76,WEAPONIZED Episode #76 — Matthew Brown Part 3: Immaculate Constellation,2025-05-13,referenceSources,0,Watch Matthew Brown Part 3,https://www.youtube.com/watch?v=PtBVAxoHeaY,https://youtube.com/watch?v=PtBVAxoHeaY,74780bf0b71adeac45da,YouTube,episode,video,False,legacy_unspecified,approved,,False,False,network_check_pending,2026-07-28T00:00:00Z,23.5C.1-1.0.0,dup-00487,duplicate,media-audit-8b7974a8652e5d23
inv-01441,weaponized-podcast,WEAPONIZED,weaponized-matthew-brown-part-3,podcast_episode,76,WEAPONIZED Episode #76 — Matthew Brown Part 3: Immaculate Constellation,2025-05-13,referenceSources,1,Read the official Episode #76 description,https://www.weaponizedpodcast.com/episodes-3/episode-76,https://weaponizedpodcast.com/episodes-3/episode-76,260bbc4c6519ea4dfa68,WEAPONIZED website,episode,web_page,False,legacy_unspecified,approved,,False,False,network_check_pending,2026-07-28T00:00:00Z,23.5C.1-1.0.0,dup-00486,duplicate,media-audit-9510a88d8550e641
inv-01442,weaponized-podcast,WEAPONIZED,weaponized-podcast,podcast_series,,WEAPONIZED,,officialMedia,0,Browse Apple Podcasts Series Archive,https://podcasts.apple.com/us/podcast/weaponized-with-jeremy-corbell-george-knapp/id1664299388,https://podcasts.apple.com/us/podcast/weaponized-with-jeremy-corbell-george-knapp/id1664299388,35d4786a88853c4d47b4,Apple Podcasts,series,audio,True,verified,approved,6,False,False,network_check_pending,2026-07-28T00:00:00Z,23.5C.1-1.0.0,dup-00489,authoritative,media-audit-34e3bd846fd7c42a
inv-01443,weaponized-podcast,WEAPONIZED,weaponized-podcast,podcast_series,,WEAPONIZED,,officialMedia,1,Open Official Podcast Website,https://www.weaponizedpodcast.com/,https://weaponizedpodcast.com,51ac92816700ad0655e3,Official website,series,web_page,True,verified,approved,6,False,False,network_check_pending,2026-07-28T00:00:00Z,23.5C.1-1.0.0,dup-00490,authoritative,media-audit-794f275926855ee6
inv-01444,weaponized-podcast,WEAPONIZED,weaponized-podcast,podcast_series,,WEAPONIZED,,officialMedia,2,Browse Spotify Series Archive,https://open.spotify.com/show/1FRpoWQkWtwHdOgwho3iZG,https://open.spotify.com/show/1FRpoWQkWtwHdOgwho3iZG,05efa29e6bbeeb02d7a0,Spotify,series,audio,True,verified,approved,6,False,False,network_check_pending,2026-07-28T00:00:00Z,23.5C.1-1.0.0,dup-00488,authoritative,media-audit-48b451f99a70e172
inv-01445,weaponized-podcast,WEAPONIZED,weaponized-podcast,podcast_series,,WEAPONIZED,,officialMedia,3,Open Official YouTube Channel,https://www.youtube.com/@JeremyCorbell,https://youtube.com/@JeremyCorbell,711f378f7a0974326450,YouTube,channel,video,True,verified,approved,6,False,False,network_check_pending,2026-07-28T00:00:00Z,23.5C.1-1.0.0,dup-00491,authoritative,media-audit-03d4780e826a20b0
inv-01446,weaponized-podcast,WEAPONIZED,weaponized-podcast,podcast_series,,WEAPONIZED,,officialLinks,0,official website,https://www.weaponizedpodcast.com/,https://weaponizedpodcast.com,51ac92816700ad0655e3,WEAPONIZED website,series,web_page,True,legacy_unspecified,approved,,False,False,network_check_pending,2026-07-28T00:00:00Z,23.5C.1-1.0.0,dup-00490,duplicate,media-audit-794f275926855ee6
inv-01447,weaponized-podcast,WEAPONIZED,weaponized-podcast,podcast_series,,WEAPONIZED,,officialLinks,1,YouTube,https://www.youtube.com/@JeremyCorbell,https://youtube.com/@JeremyCorbell,711f378f7a0974326450,YouTube,channel,video,True,legacy_unspecified,approved,,False,False,network_check_pending,2026-07-28T00:00:00Z,23.5C.1-1.0.0,dup-00491,duplicate,media-audit-03d4780e826a20b0
inv-01448,weaponized-podcast,WEAPONIZED,weaponized-podcast,podcast_series,,WEAPONIZED,,officialLinks,2,Spotify,https://open.spotify.com/show/1FRpoWQkWtwHdOgwho3iZG,https://open.spotify.com/show/1FRpoWQkWtwHdOgwho3iZG,05efa29e6bbeeb02d7a0,Spotify,series,audio,True,legacy_unspecified,approved,,False,False,network_check_pending,2026-07-28T00:00:00Z,23.5C.1-1.0.0,dup-00488,duplicate,media-audit-48b451f99a70e172
inv-01449,weaponized-podcast,WEAPONIZED,weaponized-podcast,podcast_series,,WEAPONIZED,,officialLinks,3,Apple Podcasts,https://podcasts.apple.com/us/podcast/weaponized-with-jeremy-corbell-george-knapp/id1664299388,https://podcasts.apple.com/us/podcast/weaponized-with-jeremy-corbell-george-knapp/id1664299388,35d4786a88853c4d47b4,Apple Podcasts,series,audio,True,legacy_unspecified,approved,,False,False,network_check_pending,2026-07-28T00:00:00Z,23.5C.1-1.0.0,dup-00489,duplicate,media-audit-34e3bd846fd7c42a
