Destination Topic,Podcast Series,Episode Number,Episode Title,Episode ID,Current Topic Coverage Summary,Current Topic Strengths,Current Topic Gaps,Researcher Benefit Assessment,Topic Improvement Assessment,Unique Contribution Assessment,Coverage Gap Filled,Complementary Coverage Assessment,Redundancy Assessment,Topic Coverage Score,Improvement Category,Subject Relevance Test,Research Value Test,Case Inheritance Test,Research Value Explanation,Confidence Level,Final Recommendation,Human Decision,Reviewer Notes
UFO History,Somewhere in the Skies,1,Somewhere in the Skies Episode #1 — Richard Dolan: Media Bias in UFO Coverage,2017-somewhere-in-the-skies-episode-1,10 existing related entities; 10 episodes across 1 podcast series; 0 recognized cases; 0 linked people; 0 documents; 0 organizations; 1 explicit years.,established content base,"missing podcast series: MERGED, Need to Know, WEAPONIZED; limited witness/investigator diversity; limited document coverage; limited organization/investigation coverage; limited explicit chronology",no,little additional improvement,unique investigator; unique evidence; historical context,witness/investigator diversity,Adds complementary perspective,No material redundancy identified,24,Broadens topic coverage; Deepens existing research; Adds unique evidence; Adds unique witness; Adds unique investigator; Improves chronology; Fills research gap,needs_review,fail,not_applicable,"This episode broadens and deepens the UFO History destination topic. it contributes unique investigator, unique evidence, historical context; it fills gaps in witness/investigator diversity. Topic Coverage Score 24/100 indicates little additional improvement. The candidate contributes unique investigator, unique evidence, historical context; it fills witness/investigator diversity.",low,do_not_recommend,pending,
UFO History,Somewhere in the Skies,10,Somewhere in the Skies Episode #10 — Mark O'Connell: The Close Encounters Man,2017-somewhere-in-the-skies-episode-10,10 existing related entities; 10 episodes across 1 podcast series; 0 recognized cases; 0 linked people; 0 documents; 0 organizations; 1 explicit years.,established content base,"missing podcast series: MERGED, Need to Know, WEAPONIZED; limited witness/investigator diversity; limited document coverage; limited organization/investigation coverage; limited explicit chronology",no,little additional improvement,unique investigator; unique evidence; historical context,,No clear complementary contribution,Primarily redundant,0,Adds unique evidence; Adds unique investigator; Improves chronology; Primarily redundant,pass,fail,not_applicable,"This episode does not materially expand the UFO History destination topic. it contributes unique investigator, unique evidence, historical context; however, substantial existing coverage makes it primarily redundant. Topic Coverage Score 0/100 indicates little additional improvement. The candidate contributes unique investigator, unique evidence, historical context; it fills no identified coverage gap.",low,do_not_recommend,pending,
UFO History,Somewhere in the Skies,11,"Somewhere in the Skies Episode #11 — Erica Lukes: Dugway, Skinwalker Ranch, and UFOs over Utah",2017-somewhere-in-the-skies-episode-11,10 existing related entities; 10 episodes across 1 podcast series; 0 recognized cases; 0 linked people; 0 documents; 0 organizations; 1 explicit years.,established content base,"missing podcast series: MERGED, Need to Know, WEAPONIZED; limited witness/investigator diversity; limited document coverage; limited organization/investigation coverage; limited explicit chronology",no,little additional improvement,unique witness; unique investigator; unique evidence; historical context,,Adds complementary perspective,No material redundancy identified,17,Deepens existing research; Adds unique evidence; Adds unique witness; Adds unique investigator; Improves chronology,needs_review,fail,not_applicable,"This episode deepens the UFO History destination topic. it contributes unique witness, unique investigator, unique evidence. Topic Coverage Score 17/100 indicates little additional improvement. The candidate contributes unique witness, unique investigator, unique evidence; it fills no identified coverage gap.",low,do_not_recommend,pending,
UFO History,Somewhere in the Skies,17,"Somewhere in the Skies Episode #17 — Peter Robbins: Imagery, Reality, and UFOs: Sorting Truth From Fiction",2017-somewhere-in-the-skies-episode-17,10 existing related entities; 10 episodes across 1 podcast series; 0 recognized cases; 0 linked people; 0 documents; 0 organizations; 1 explicit years.,established content base,"missing podcast series: MERGED, Need to Know, WEAPONIZED; limited witness/investigator diversity; limited document coverage; limited organization/investigation coverage; limited explicit chronology",no,little additional improvement,unique investigator; unique evidence; historical context,,No clear complementary contribution,Primarily redundant,0,Adds unique evidence; Adds unique investigator; Improves chronology; Primarily redundant,pass,fail,not_applicable,"This episode does not materially expand the UFO History destination topic. it contributes unique investigator, unique evidence, historical context; however, substantial existing coverage makes it primarily redundant. Topic Coverage Score 0/100 indicates little additional improvement. The candidate contributes unique investigator, unique evidence, historical context; it fills no identified coverage gap.",low,do_not_recommend,pending,
UFO History,Somewhere in the Skies,18,"Somewhere in the Skies Episode #18 — MJ Banias: Whiskey, UFOs, and Shaking the ET Hypothesis",2017-somewhere-in-the-skies-episode-18,10 existing related entities; 10 episodes across 1 podcast series; 0 recognized cases; 0 linked people; 0 documents; 0 organizations; 1 explicit years.,established content base,"missing podcast series: MERGED, Need to Know, WEAPONIZED; limited witness/investigator diversity; limited document coverage; limited organization/investigation coverage; limited explicit chronology",no,little additional improvement,unique investigator; unique evidence; historical context,,No clear complementary contribution,Primarily redundant,0,Adds unique evidence; Adds unique investigator; Improves chronology; Primarily redundant,pass,fail,not_applicable,"This episode does not materially expand the UFO History destination topic. it contributes unique investigator, unique evidence, historical context; however, substantial existing coverage makes it primarily redundant. Topic Coverage Score 0/100 indicates little additional improvement. The candidate contributes unique investigator, unique evidence, historical context; it fills no identified coverage gap.",low,do_not_recommend,pending,
UFO History,Somewhere in the Skies,19,Somewhere in the Skies Episode #19 — Ben Mezrich: The 37th Parallel,2017-somewhere-in-the-skies-episode-19,10 existing related entities; 10 episodes across 1 podcast series; 0 recognized cases; 0 linked people; 0 documents; 0 organizations; 1 explicit years.,established content base,"missing podcast series: MERGED, Need to Know, WEAPONIZED; limited witness/investigator diversity; limited document coverage; limited organization/investigation coverage; limited explicit chronology",no,little additional improvement,unique witness; unique investigator; unique evidence; historical context,,Adds complementary perspective,No material redundancy identified,17,Deepens existing research; Adds unique evidence; Adds unique witness; Adds unique investigator; Improves chronology,needs_review,fail,not_applicable,"This episode deepens the UFO History destination topic. it contributes unique witness, unique investigator, unique evidence. Topic Coverage Score 17/100 indicates little additional improvement. The candidate contributes unique witness, unique investigator, unique evidence; it fills no identified coverage gap.",low,do_not_recommend,pending,
UFO History,Somewhere in the Skies,2,"Somewhere in the Skies Episode #2 — Micah Hanks: Building a Better UFOlogy | Truth, Myths & the Future of UAP Research",2017-somewhere-in-the-skies-episode-2,10 existing related entities; 10 episodes across 1 podcast series; 0 recognized cases; 0 linked people; 0 documents; 0 organizations; 1 explicit years.,established content base,"missing podcast series: MERGED, Need to Know, WEAPONIZED; limited witness/investigator diversity; limited document coverage; limited organization/investigation coverage; limited explicit chronology",no,little additional improvement,unique investigator; unique evidence; historical context,,No clear complementary contribution,Primarily redundant,0,Adds unique evidence; Adds unique investigator; Improves chronology; Primarily redundant,pass,fail,not_applicable,"This episode does not materially expand the UFO History destination topic. it contributes unique investigator, unique evidence, historical context; however, substantial existing coverage makes it primarily redundant. Topic Coverage Score 0/100 indicates little additional improvement. The candidate contributes unique investigator, unique evidence, historical context; it fills no identified coverage gap.",low,do_not_recommend,pending,
UFO History,Somewhere in the Skies,20,Somewhere in the Skies Episode #20 — Spooked in Nova Scotia: A Paranormal Roundtable,2017-somewhere-in-the-skies-episode-20,10 existing related entities; 10 episodes across 1 podcast series; 0 recognized cases; 0 linked people; 0 documents; 0 organizations; 1 explicit years.,established content base,"missing podcast series: MERGED, Need to Know, WEAPONIZED; limited witness/investigator diversity; limited document coverage; limited organization/investigation coverage; limited explicit chronology",no,little additional improvement,unique evidence; historical context,,No clear complementary contribution,Primarily redundant,0,Adds unique evidence; Improves chronology; Primarily redundant,pass,fail,not_applicable,"This episode does not materially expand the UFO History destination topic. it contributes unique evidence, historical context; however, substantial existing coverage makes it primarily redundant. Topic Coverage Score 0/100 indicates little additional improvement. The candidate contributes unique evidence, historical context; it fills no identified coverage gap.",low,do_not_recommend,pending,
UFO History,Somewhere in the Skies,21,"Somewhere in the Skies Episode #21 — Jason McClellan: Beers, Ghosts, and UFOs",2017-somewhere-in-the-skies-episode-21,10 existing related entities; 10 episodes across 1 podcast series; 0 recognized cases; 0 linked people; 0 documents; 0 organizations; 1 explicit years.,established content base,"missing podcast series: MERGED, Need to Know, WEAPONIZED; limited witness/investigator diversity; limited document coverage; limited organization/investigation coverage; limited explicit chronology",no,little additional improvement,unique evidence; historical context,,No clear complementary contribution,Primarily redundant,0,Adds unique evidence; Improves chronology; Primarily redundant,pass,fail,not_applicable,"This episode does not materially expand the UFO History destination topic. it contributes unique evidence, historical context; however, substantial existing coverage makes it primarily redundant. Topic Coverage Score 0/100 indicates little additional improvement. The candidate contributes unique evidence, historical context; it fills no identified coverage gap.",low,do_not_recommend,pending,
UFO History,Somewhere in the Skies,22,Somewhere in the Skies Episode #22 — Mike Clelland: The Messengers,2017-somewhere-in-the-skies-episode-22,10 existing related entities; 10 episodes across 1 podcast series; 0 recognized cases; 0 linked people; 0 documents; 0 organizations; 1 explicit years.,established content base,"missing podcast series: MERGED, Need to Know, WEAPONIZED; limited witness/investigator diversity; limited document coverage; limited organization/investigation coverage; limited explicit chronology",no,little additional improvement,unique investigator; unique evidence; historical context,,No clear complementary contribution,Primarily redundant,0,Adds unique evidence; Adds unique investigator; Improves chronology; Primarily redundant,pass,fail,not_applicable,"This episode does not materially expand the UFO History destination topic. it contributes unique investigator, unique evidence, historical context; however, substantial existing coverage makes it primarily redundant. Topic Coverage Score 0/100 indicates little additional improvement. The candidate contributes unique investigator, unique evidence, historical context; it fills no identified coverage gap.",low,do_not_recommend,pending,
UFO History,Somewhere in the Skies,24,Somewhere in the Skies Episode #24 — Chris Garetano: Dark Files and the Montauk Project,2017-somewhere-in-the-skies-episode-24,10 existing related entities; 10 episodes across 1 podcast series; 0 recognized cases; 0 linked people; 0 documents; 0 organizations; 1 explicit years.,established content base,"missing podcast series: MERGED, Need to Know, WEAPONIZED; limited witness/investigator diversity; limited document coverage; limited organization/investigation coverage; limited explicit chronology",no,little additional improvement,unique witness; unique investigator; unique evidence; historical context,,Adds complementary perspective,No material redundancy identified,17,Deepens existing research; Adds unique evidence; Adds unique witness; Adds unique investigator; Improves chronology,needs_review,fail,not_applicable,"This episode deepens the UFO History destination topic. it contributes unique witness, unique investigator, unique evidence. Topic Coverage Score 17/100 indicates little additional improvement. The candidate contributes unique witness, unique investigator, unique evidence; it fills no identified coverage gap.",low,do_not_recommend,pending,
UFO History,Somewhere in the Skies,25,Somewhere in the Skies Episode #25 — Seth Breedlove: Invasion on Chestnut Ridge,2017-somewhere-in-the-skies-episode-25,10 existing related entities; 10 episodes across 1 podcast series; 0 recognized cases; 0 linked people; 0 documents; 0 organizations; 1 explicit years.,established content base,"missing podcast series: MERGED, Need to Know, WEAPONIZED; limited witness/investigator diversity; limited document coverage; limited organization/investigation coverage; limited explicit chronology",no,little additional improvement,unique witness; unique investigator; unique evidence; historical context,,Adds complementary perspective,No material redundancy identified,17,Deepens existing research; Adds unique evidence; Adds unique witness; Adds unique investigator; Improves chronology,needs_review,fail,not_applicable,"This episode deepens the UFO History destination topic. it contributes unique witness, unique investigator, unique evidence. Topic Coverage Score 17/100 indicates little additional improvement. The candidate contributes unique witness, unique investigator, unique evidence; it fills no identified coverage gap.",low,do_not_recommend,pending,
UFO History,Somewhere in the Skies,26,Somewhere in the Skies Episode #26 — Karl Pfeiffer: The Science and Philosophy of the Paranormal,2017-somewhere-in-the-skies-episode-26,10 existing related entities; 10 episodes across 1 podcast series; 0 recognized cases; 0 linked people; 0 documents; 0 organizations; 1 explicit years.,established content base,"missing podcast series: MERGED, Need to Know, WEAPONIZED; limited witness/investigator diversity; limited document coverage; limited organization/investigation coverage; limited explicit chronology",no,little additional improvement,unique investigator; unique evidence; historical context,,No clear complementary contribution,Primarily redundant,0,Adds unique evidence; Adds unique investigator; Improves chronology; Primarily redundant,pass,fail,not_applicable,"This episode does not materially expand the UFO History destination topic. it contributes unique investigator, unique evidence, historical context; however, substantial existing coverage makes it primarily redundant. Topic Coverage Score 0/100 indicates little additional improvement. The candidate contributes unique investigator, unique evidence, historical context; it fills no identified coverage gap.",low,do_not_recommend,pending,
UFO History,Somewhere in the Skies,29,Somewhere in the Skies Episode #29 — Brian Bethel: Black Eyed Kid Phenomenon,2017-somewhere-in-the-skies-episode-29,10 existing related entities; 10 episodes across 1 podcast series; 0 recognized cases; 0 linked people; 0 documents; 0 organizations; 1 explicit years.,established content base,"missing podcast series: MERGED, Need to Know, WEAPONIZED; limited witness/investigator diversity; limited document coverage; limited organization/investigation coverage; limited explicit chronology",no,little additional improvement,unique witness; unique investigator; unique evidence; historical context,,Adds complementary perspective,No material redundancy identified,17,Deepens existing research; Adds unique evidence; Adds unique witness; Adds unique investigator; Improves chronology,needs_review,fail,not_applicable,"This episode deepens the UFO History destination topic. it contributes unique witness, unique investigator, unique evidence. Topic Coverage Score 17/100 indicates little additional improvement. The candidate contributes unique witness, unique investigator, unique evidence; it fills no identified coverage gap.",low,do_not_recommend,pending,
UFO History,Somewhere in the Skies,3,Somewhere in the Skies Episode #3 — Greg Eghigian: History of a Cultural Phenomenon,2017-somewhere-in-the-skies-episode-3,10 existing related entities; 10 episodes across 1 podcast series; 0 recognized cases; 0 linked people; 0 documents; 0 organizations; 1 explicit years.,established content base,"missing podcast series: MERGED, Need to Know, WEAPONIZED; limited witness/investigator diversity; limited document coverage; limited organization/investigation coverage; limited explicit chronology",no,little additional improvement,unique investigator; unique evidence; historical context,,No clear complementary contribution,Primarily redundant,0,Adds unique evidence; Adds unique investigator; Improves chronology; Primarily redundant,pass,fail,not_applicable,"This episode does not materially expand the UFO History destination topic. it contributes unique investigator, unique evidence, historical context; however, substantial existing coverage makes it primarily redundant. Topic Coverage Score 0/100 indicates little additional improvement. The candidate contributes unique investigator, unique evidence, historical context; it fills no identified coverage gap.",low,do_not_recommend,pending,
UFO History,Somewhere in the Skies,30,Somewhere in the Skies Episode #30 — The Andreasson Abduction,2017-somewhere-in-the-skies-episode-30,10 existing related entities; 10 episodes across 1 podcast series; 0 recognized cases; 0 linked people; 0 documents; 0 organizations; 1 explicit years.,established content base,"missing podcast series: MERGED, Need to Know, WEAPONIZED; limited witness/investigator diversity; limited document coverage; limited organization/investigation coverage; limited explicit chronology",no,little additional improvement,unique witness; unique investigator; unique evidence; historical context,,Adds complementary perspective,No material redundancy identified,17,Deepens existing research; Adds unique evidence; Adds unique witness; Adds unique investigator; Improves chronology,needs_review,fail,not_applicable,"This episode deepens the UFO History destination topic. it contributes unique witness, unique investigator, unique evidence. Topic Coverage Score 17/100 indicates little additional improvement. The candidate contributes unique witness, unique investigator, unique evidence; it fills no identified coverage gap.",low,do_not_recommend,pending,
UFO History,Somewhere in the Skies,31,Somewhere in the Skies Episode #31 — Robbie Graham: Silver Screen Saucers,2017-somewhere-in-the-skies-episode-31,10 existing related entities; 10 episodes across 1 podcast series; 0 recognized cases; 0 linked people; 0 documents; 0 organizations; 1 explicit years.,established content base,"missing podcast series: MERGED, Need to Know, WEAPONIZED; limited witness/investigator diversity; limited document coverage; limited organization/investigation coverage; limited explicit chronology",no,little additional improvement,unique evidence; historical context,,Adds complementary perspective,No material redundancy identified,11,Deepens existing research; Adds unique evidence; Improves chronology,needs_review,fail,not_applicable,"This episode deepens the UFO History destination topic. it contributes unique evidence, historical context. Topic Coverage Score 11/100 indicates little additional improvement. The candidate contributes unique evidence, historical context; it fills no identified coverage gap.",low,do_not_recommend,pending,
UFO History,Somewhere in the Skies,33,Somewhere in the Skies Episode #33 — Michael Huntington: Childhood UFO Encounters,2017-somewhere-in-the-skies-episode-33,10 existing related entities; 10 episodes across 1 podcast series; 0 recognized cases; 0 linked people; 0 documents; 0 organizations; 1 explicit years.,established content base,"missing podcast series: MERGED, Need to Know, WEAPONIZED; limited witness/investigator diversity; limited document coverage; limited organization/investigation coverage; limited explicit chronology",no,little additional improvement,unique witness; unique investigator; unique evidence; historical context,,Adds complementary perspective,No material redundancy identified,17,Deepens existing research; Adds unique evidence; Adds unique witness; Adds unique investigator; Improves chronology,needs_review,fail,not_applicable,"This episode deepens the UFO History destination topic. it contributes unique witness, unique investigator, unique evidence. Topic Coverage Score 17/100 indicates little additional improvement. The candidate contributes unique witness, unique investigator, unique evidence; it fills no identified coverage gap.",low,do_not_recommend,pending,
UFO History,Somewhere in the Skies,36,Somewhere in the Skies Episode #36 — UFO Roundtable: The Year In Review,2017-somewhere-in-the-skies-episode-36,10 existing related entities; 10 episodes across 1 podcast series; 0 recognized cases; 0 linked people; 0 documents; 0 organizations; 1 explicit years.,established content base,"missing podcast series: MERGED, Need to Know, WEAPONIZED; limited witness/investigator diversity; limited document coverage; limited organization/investigation coverage; limited explicit chronology",no,little additional improvement,unique evidence; historical context,,No clear complementary contribution,Primarily redundant,0,Adds unique evidence; Improves chronology; Primarily redundant,pass,fail,not_applicable,"This episode does not materially expand the UFO History destination topic. it contributes unique evidence, historical context; however, substantial existing coverage makes it primarily redundant. Topic Coverage Score 0/100 indicates little additional improvement. The candidate contributes unique evidence, historical context; it fills no identified coverage gap.",low,do_not_recommend,pending,
UFO History,Somewhere in the Skies,5,Somewhere in the Skies Episode #5 — Ruben Uriarte: UFOs Over Mexico and the Southwest,2017-somewhere-in-the-skies-episode-5,10 existing related entities; 10 episodes across 1 podcast series; 0 recognized cases; 0 linked people; 0 documents; 0 organizations; 1 explicit years.,established content base,"missing podcast series: MERGED, Need to Know, WEAPONIZED; limited witness/investigator diversity; limited document coverage; limited organization/investigation coverage; limited explicit chronology",no,little additional improvement,unique witness; unique investigator; unique evidence; historical context,,Adds complementary perspective,No material redundancy identified,17,Deepens existing research; Adds unique evidence; Adds unique witness; Adds unique investigator; Improves chronology,needs_review,fail,not_applicable,"This episode deepens the UFO History destination topic. it contributes unique witness, unique investigator, unique evidence. Topic Coverage Score 17/100 indicates little additional improvement. The candidate contributes unique witness, unique investigator, unique evidence; it fills no identified coverage gap.",low,do_not_recommend,pending,
UFO History,Somewhere in the Skies,7,Somewhere in the Skies Episode #7 — Nick Redfern: The Roswell UFO Conspiracy,2017-somewhere-in-the-skies-episode-7,10 existing related entities; 10 episodes across 1 podcast series; 0 recognized cases; 0 linked people; 0 documents; 0 organizations; 1 explicit years.,established content base,"missing podcast series: MERGED, Need to Know, WEAPONIZED; limited witness/investigator diversity; limited document coverage; limited organization/investigation coverage; limited explicit chronology",no,little additional improvement,unique witness; unique investigator; unique evidence; historical context,,Adds complementary perspective,No material redundancy identified,17,Deepens existing research; Adds unique evidence; Adds unique witness; Adds unique investigator; Improves chronology,pass,fail,not_applicable,"This episode deepens the UFO History destination topic. it contributes unique witness, unique investigator, unique evidence. Topic Coverage Score 17/100 indicates little additional improvement. The candidate contributes unique witness, unique investigator, unique evidence; it fills no identified coverage gap.",low,do_not_recommend,pending,
UFO History,Somewhere in the Skies,8,Somewhere in the Skies Episode #8 — Jane Kyle: UFOs Over Texas,2017-somewhere-in-the-skies-episode-8,10 existing related entities; 10 episodes across 1 podcast series; 0 recognized cases; 0 linked people; 0 documents; 0 organizations; 1 explicit years.,established content base,"missing podcast series: MERGED, Need to Know, WEAPONIZED; limited witness/investigator diversity; limited document coverage; limited organization/investigation coverage; limited explicit chronology",no,little additional improvement,unique witness; unique investigator; unique evidence; historical context,,Adds complementary perspective,No material redundancy identified,17,Deepens existing research; Adds unique evidence; Adds unique witness; Adds unique investigator; Improves chronology,needs_review,fail,not_applicable,"This episode deepens the UFO History destination topic. it contributes unique witness, unique investigator, unique evidence. Topic Coverage Score 17/100 indicates little additional improvement. The candidate contributes unique witness, unique investigator, unique evidence; it fills no identified coverage gap.",low,do_not_recommend,pending,
UFO History,Somewhere in the Skies,9,Somewhere in the Skies Episode #9 — Andrew Sanford: Flying Saucers v.s. The Half White Son of a Black Man,2017-somewhere-in-the-skies-episode-9,10 existing related entities; 10 episodes across 1 podcast series; 0 recognized cases; 0 linked people; 0 documents; 0 organizations; 1 explicit years.,established content base,"missing podcast series: MERGED, Need to Know, WEAPONIZED; limited witness/investigator diversity; limited document coverage; limited organization/investigation coverage; limited explicit chronology",no,little additional improvement,unique evidence; historical context,,Adds complementary perspective,No material redundancy identified,17,Deepens existing research; Adds unique evidence; Improves chronology,needs_review,fail,not_applicable,"This episode deepens the UFO History destination topic. it contributes unique evidence, historical context. Topic Coverage Score 17/100 indicates little additional improvement. The candidate contributes unique evidence, historical context; it fills no identified coverage gap.",low,do_not_recommend,pending,
UFO History,Need to Know,11,Need to Know Episode #11 — UFOs and Rock Stars,2022-need-to-know-episode-11,10 existing related entities; 10 episodes across 1 podcast series; 0 recognized cases; 0 linked people; 0 documents; 0 organizations; 1 explicit years.,established content base,"missing podcast series: MERGED, Need to Know, WEAPONIZED; limited witness/investigator diversity; limited document coverage; limited organization/investigation coverage; limited explicit chronology",uncertain,possible improvement requiring human review,unique evidence; historical context,missing podcast series; witness/investigator diversity; organization/investigation coverage; chronology,Adds complementary perspective,No material redundancy identified,49,Broadens topic coverage; Deepens existing research; Adds unique evidence; Adds unique witness; Improves chronology; Strengthens cross-series research; Fills research gap,fail,needs_review,not_applicable,"This episode broadens and deepens the UFO History destination topic. it contributes unique evidence, historical context; it fills gaps in missing podcast series, witness/investigator diversity, organization/investigation coverage, chronology. Topic Coverage Score 49/100 indicates possible improvement requiring human review. The candidate contributes unique evidence, historical context; it fills missing podcast series, witness/investigator diversity, organization/investigation coverage, chronology.",low,do_not_recommend,pending,
UFO History,Need to Know,12,Need to Know Episode #12 — Congressional UFO Hearings,2022-need-to-know-episode-12,10 existing related entities; 10 episodes across 1 podcast series; 0 recognized cases; 0 linked people; 0 documents; 0 organizations; 1 explicit years.,established content base,"missing podcast series: MERGED, Need to Know, WEAPONIZED; limited witness/investigator diversity; limited document coverage; limited organization/investigation coverage; limited explicit chronology",uncertain,possible improvement requiring human review,unique evidence; historical context; primary-source discussion,missing podcast series; witness/investigator diversity; document coverage; chronology,Adds complementary perspective,No material redundancy identified,52,Broadens topic coverage; Deepens existing research; Adds unique evidence; Adds unique witness; Improves chronology; Strengthens cross-series research; Fills research gap,fail,needs_review,not_applicable,"This episode broadens and deepens the UFO History destination topic. it contributes unique evidence, historical context, primary-source discussion; it fills gaps in missing podcast series, witness/investigator diversity, document coverage, chronology. Topic Coverage Score 52/100 indicates possible improvement requiring human review. The candidate contributes unique evidence, historical context, primary-source discussion; it fills missing podcast series, witness/investigator diversity, document coverage, chronology.",low,do_not_recommend,pending,
UFO History,Need to Know,13,Need to Know Episode #13 — Bryce’s Rant,2022-need-to-know-episode-13,10 existing related entities; 10 episodes across 1 podcast series; 0 recognized cases; 0 linked people; 0 documents; 0 organizations; 1 explicit years.,established content base,"missing podcast series: MERGED, Need to Know, WEAPONIZED; limited witness/investigator diversity; limited document coverage; limited organization/investigation coverage; limited explicit chronology",no,little additional improvement,unique evidence,missing podcast series; witness/investigator diversity,Adds complementary perspective,No material redundancy identified,30,Broadens topic coverage; Deepens existing research; Adds unique evidence; Adds unique witness; Strengthens cross-series research; Fills research gap,fail,fail,not_applicable,"This episode broadens and deepens the UFO History destination topic. it contributes unique evidence; it fills gaps in missing podcast series, witness/investigator diversity. Topic Coverage Score 30/100 indicates little additional improvement. The candidate contributes unique evidence; it fills missing podcast series, witness/investigator diversity.",low,do_not_recommend,pending,
UFO History,Need to Know,15,Need to Know Episode #15 — Estimate of the Situation,2022-need-to-know-episode-15,10 existing related entities; 10 episodes across 1 podcast series; 0 recognized cases; 0 linked people; 0 documents; 0 organizations; 1 explicit years.,established content base,"missing podcast series: MERGED, Need to Know, WEAPONIZED; limited witness/investigator diversity; limited document coverage; limited organization/investigation coverage; limited explicit chronology",yes,material improvement,unique evidence; historical context; technical analysis; competing interpretation; primary-source discussion,missing podcast series; witness/investigator diversity; document coverage; organization/investigation coverage; chronology,Adds complementary perspective,No material redundancy identified,66,Broadens topic coverage; Deepens existing research; Adds unique evidence; Adds unique witness; Improves chronology; Strengthens cross-series research; Fills research gap,pass,pass,not_applicable,"This episode broadens and deepens the UFO History destination topic. it contributes unique evidence, historical context, technical analysis; it fills gaps in missing podcast series, witness/investigator diversity, document coverage, organization/investigation coverage, chronology. Topic Coverage Score 66/100 indicates material improvement. The candidate contributes unique evidence, historical context, technical analysis; it fills missing podcast series, witness/investigator diversity, document coverage, organization/investigation coverage, chronology.",medium,recommend_approval,pending,
UFO History,Need to Know,16,Need to Know Episode #16 — Summer of the Saucers,2022-need-to-know-episode-16,10 existing related entities; 10 episodes across 1 podcast series; 0 recognized cases; 0 linked people; 0 documents; 0 organizations; 1 explicit years.,established content base,"missing podcast series: MERGED, Need to Know, WEAPONIZED; limited witness/investigator diversity; limited document coverage; limited organization/investigation coverage; limited explicit chronology",uncertain,possible improvement requiring human review,unique evidence; historical context; primary-source discussion,missing podcast series; witness/investigator diversity; document coverage; chronology,Adds complementary perspective,No material redundancy identified,52,Broadens topic coverage; Deepens existing research; Adds unique evidence; Adds unique witness; Improves chronology; Strengthens cross-series research; Fills research gap,fail,needs_review,not_applicable,"This episode broadens and deepens the UFO History destination topic. it contributes unique evidence, historical context, primary-source discussion; it fills gaps in missing podcast series, witness/investigator diversity, document coverage, chronology. Topic Coverage Score 52/100 indicates possible improvement requiring human review. The candidate contributes unique evidence, historical context, primary-source discussion; it fills missing podcast series, witness/investigator diversity, document coverage, chronology.",low,do_not_recommend,pending,
UFO History,Need to Know,17,Need to Know Episode #17 — Beyond Nimitz,2022-need-to-know-episode-17,10 existing related entities; 10 episodes across 1 podcast series; 0 recognized cases; 0 linked people; 0 documents; 0 organizations; 1 explicit years.,established content base,"missing podcast series: MERGED, Need to Know, WEAPONIZED; limited witness/investigator diversity; limited document coverage; limited organization/investigation coverage; limited explicit chronology",yes,material improvement,unique witness; unique evidence; historical context; primary-source discussion,missing podcast series; witness/investigator diversity; chronology; recognized Case coverage,Adds complementary perspective,No material redundancy identified,60,Broadens topic coverage; Deepens existing research; Adds unique evidence; Adds unique witness; Improves chronology; Strengthens cross-series research; Fills research gap,fail,pass,not_applicable,"This episode broadens and deepens the UFO History destination topic. It is already connected to 2004 Nimitz Encounter; it contributes unique witness, unique evidence, historical context; it fills gaps in missing podcast series, witness/investigator diversity, chronology, recognized Case coverage. Topic Coverage Score 60/100 indicates material improvement. The candidate contributes unique witness, unique evidence, historical context; it fills missing podcast series, witness/investigator diversity, chronology, recognized Case coverage.",low,do_not_recommend,pending,
UFO History,Need to Know,21,Need to Know Episode #21 — UFOlogy Must Die?,2022-need-to-know-episode-21,10 existing related entities; 10 episodes across 1 podcast series; 0 recognized cases; 0 linked people; 0 documents; 0 organizations; 1 explicit years.,established content base,"missing podcast series: MERGED, Need to Know, WEAPONIZED; limited witness/investigator diversity; limited document coverage; limited organization/investigation coverage; limited explicit chronology",uncertain,possible improvement requiring human review,unique evidence; historical context; technical analysis; primary-source discussion,missing podcast series; witness/investigator diversity,Adds complementary perspective,No material redundancy identified,41,Broadens topic coverage; Deepens existing research; Adds unique evidence; Adds unique witness; Improves chronology; Strengthens cross-series research; Fills research gap,pass,needs_review,not_applicable,"This episode broadens and deepens the UFO History destination topic. it contributes unique evidence, historical context, technical analysis; it fills gaps in missing podcast series, witness/investigator diversity. Topic Coverage Score 41/100 indicates possible improvement requiring human review. The candidate contributes unique evidence, historical context, technical analysis; it fills missing podcast series, witness/investigator diversity.",medium,human_review_needed,pending,
UFO History,Need to Know,22,Need to Know Episode #22 — Witness to a UFO — In the Middle of Battle in Ukraine,2022-need-to-know-episode-22,10 existing related entities; 10 episodes across 1 podcast series; 0 recognized cases; 0 linked people; 0 documents; 0 organizations; 1 explicit years.,established content base,"missing podcast series: MERGED, Need to Know, WEAPONIZED; limited witness/investigator diversity; limited document coverage; limited organization/investigation coverage; limited explicit chronology",uncertain,possible improvement requiring human review,unique witness; unique evidence; historical context,missing podcast series; witness/investigator diversity,Adds complementary perspective,No material redundancy identified,42,Broadens topic coverage; Deepens existing research; Adds unique evidence; Adds unique witness; Improves chronology; Strengthens cross-series research; Fills research gap,fail,needs_review,not_applicable,"This episode broadens and deepens the UFO History destination topic. it contributes unique witness, unique evidence, historical context; it fills gaps in missing podcast series, witness/investigator diversity. Topic Coverage Score 42/100 indicates possible improvement requiring human review. The candidate contributes unique witness, unique evidence, historical context; it fills missing podcast series, witness/investigator diversity.",low,do_not_recommend,pending,
UFO History,Need to Know,23,Need to Know Episode #23 — Core Secret,2022-need-to-know-episode-23,10 existing related entities; 10 episodes across 1 podcast series; 0 recognized cases; 0 linked people; 0 documents; 0 organizations; 1 explicit years.,established content base,"missing podcast series: MERGED, Need to Know, WEAPONIZED; limited witness/investigator diversity; limited document coverage; limited organization/investigation coverage; limited explicit chronology",uncertain,possible improvement requiring human review,unique evidence; historical context,missing podcast series; witness/investigator diversity,Adds complementary perspective,No material redundancy identified,39,Broadens topic coverage; Deepens existing research; Adds unique evidence; Adds unique witness; Improves chronology; Strengthens cross-series research; Fills research gap,fail,needs_review,not_applicable,"This episode broadens and deepens the UFO History destination topic. it contributes unique evidence, historical context; it fills gaps in missing podcast series, witness/investigator diversity. Topic Coverage Score 39/100 indicates possible improvement requiring human review. The candidate contributes unique evidence, historical context; it fills missing podcast series, witness/investigator diversity.",low,do_not_recommend,pending,
UFO History,Need to Know,24,Need to Know Episode #24 — Late UAP Report!,2022-need-to-know-episode-24,10 existing related entities; 10 episodes across 1 podcast series; 0 recognized cases; 0 linked people; 0 documents; 0 organizations; 1 explicit years.,established content base,"missing podcast series: MERGED, Need to Know, WEAPONIZED; limited witness/investigator diversity; limited document coverage; limited organization/investigation coverage; limited explicit chronology",yes,material improvement,unique evidence; historical context,missing podcast series; witness/investigator diversity; organization/investigation coverage; recognized Case coverage,Adds complementary perspective,No material redundancy identified,58,Broadens topic coverage; Deepens existing research; Adds unique evidence; Adds unique witness; Improves chronology; Strengthens cross-series research; Fills research gap,fail,pass,not_applicable,"This episode broadens and deepens the UFO History destination topic. It is already connected to Kona Blue Proposed UAP Program; it contributes unique evidence, historical context; it fills gaps in missing podcast series, witness/investigator diversity, organization/investigation coverage, recognized Case coverage. Topic Coverage Score 58/100 indicates material improvement. The candidate contributes unique evidence, historical context; it fills missing podcast series, witness/investigator diversity, organization/investigation coverage, recognized Case coverage.",low,do_not_recommend,pending,
UFO History,Need to Know,25,Need to Know Episode #25 — The NY Times' Five Year UFO Anniversary,2022-need-to-know-episode-25,10 existing related entities; 10 episodes across 1 podcast series; 0 recognized cases; 0 linked people; 0 documents; 0 organizations; 1 explicit years.,established content base,"missing podcast series: MERGED, Need to Know, WEAPONIZED; limited witness/investigator diversity; limited document coverage; limited organization/investigation coverage; limited explicit chronology",uncertain,possible improvement requiring human review,unique evidence; historical context,missing podcast series; witness/investigator diversity,Adds complementary perspective,No material redundancy identified,39,Broadens topic coverage; Deepens existing research; Adds unique evidence; Adds unique witness; Improves chronology; Strengthens cross-series research; Fills research gap,fail,needs_review,not_applicable,"This episode broadens and deepens the UFO History destination topic. it contributes unique evidence, historical context; it fills gaps in missing podcast series, witness/investigator diversity. Topic Coverage Score 39/100 indicates possible improvement requiring human review. The candidate contributes unique evidence, historical context; it fills missing podcast series, witness/investigator diversity.",low,do_not_recommend,pending,
UFO History,Need to Know,5,Need to Know Episode #5 — Roswell and Beyond,2022-need-to-know-episode-5,10 existing related entities; 10 episodes across 1 podcast series; 0 recognized cases; 0 linked people; 0 documents; 0 organizations; 1 explicit years.,established content base,"missing podcast series: MERGED, Need to Know, WEAPONIZED; limited witness/investigator diversity; limited document coverage; limited organization/investigation coverage; limited explicit chronology",yes,material improvement,unique investigator; unique evidence; historical context; technical analysis,missing podcast series; witness/investigator diversity; chronology; recognized Case coverage,Adds complementary perspective,No material redundancy identified,65,Broadens topic coverage; Deepens existing research; Adds unique evidence; Adds unique witness; Adds unique investigator; Improves chronology; Strengthens cross-series research; Fills research gap,pass,pass,not_applicable,"This episode broadens and deepens the UFO History destination topic. It is already connected to 1946 Scandinavian Ghost Rocket Reports, Roswell Incident; it contributes unique investigator, unique evidence, historical context; it fills gaps in missing podcast series, witness/investigator diversity, chronology, recognized Case coverage. Topic Coverage Score 65/100 indicates material improvement. The candidate contributes unique investigator, unique evidence, historical context; it fills missing podcast series, witness/investigator diversity, chronology, recognized Case coverage.",medium,recommend_approval,pending,
UFO History,Need to Know,8,Need to Know Episode #8 — In Plain Sight,2022-need-to-know-episode-8,10 existing related entities; 10 episodes across 1 podcast series; 0 recognized cases; 0 linked people; 0 documents; 0 organizations; 1 explicit years.,established content base,"missing podcast series: MERGED, Need to Know, WEAPONIZED; limited witness/investigator diversity; limited document coverage; limited organization/investigation coverage; limited explicit chronology",uncertain,possible improvement requiring human review,unique investigator; unique evidence; historical context; primary-source discussion,missing podcast series; witness/investigator diversity,Adds complementary perspective,No material redundancy identified,39,Broadens topic coverage; Deepens existing research; Adds unique evidence; Adds unique witness; Adds unique investigator; Improves chronology; Strengthens cross-series research; Fills research gap,fail,needs_review,not_applicable,"This episode broadens and deepens the UFO History destination topic. it contributes unique investigator, unique evidence, historical context; it fills gaps in missing podcast series, witness/investigator diversity. Topic Coverage Score 39/100 indicates possible improvement requiring human review. The candidate contributes unique investigator, unique evidence, historical context; it fills missing podcast series, witness/investigator diversity.",low,do_not_recommend,pending,
UFO History,Need to Know,9,Need to Know Episode #9 — Classic UFO Investigators,2022-need-to-know-episode-9,10 existing related entities; 10 episodes across 1 podcast series; 0 recognized cases; 0 linked people; 0 documents; 0 organizations; 1 explicit years.,established content base,"missing podcast series: MERGED, Need to Know, WEAPONIZED; limited witness/investigator diversity; limited document coverage; limited organization/investigation coverage; limited explicit chronology",uncertain,possible improvement requiring human review,unique investigator; historical context,missing podcast series; witness/investigator diversity; organization/investigation coverage,Adds complementary perspective,No material redundancy identified,41,Broadens topic coverage; Deepens existing research; Adds unique witness; Adds unique investigator; Improves chronology; Strengthens cross-series research; Fills research gap,pass,needs_review,not_applicable,"This episode broadens and deepens the UFO History destination topic. it contributes unique investigator, historical context; it fills gaps in missing podcast series, witness/investigator diversity, organization/investigation coverage. Topic Coverage Score 41/100 indicates possible improvement requiring human review. The candidate contributes unique investigator, historical context; it fills missing podcast series, witness/investigator diversity, organization/investigation coverage.",medium,human_review_needed,pending,
UFO History,Need to Know,26,Need to Know Episode #26 — The NDAA Is Law!,2023-need-to-know-episode-26,10 existing related entities; 10 episodes across 1 podcast series; 0 recognized cases; 0 linked people; 0 documents; 0 organizations; 1 explicit years.,established content base,"missing podcast series: MERGED, Need to Know, WEAPONIZED; limited witness/investigator diversity; limited document coverage; limited organization/investigation coverage; limited explicit chronology",uncertain,possible improvement requiring human review,unique evidence; historical context,missing podcast series; witness/investigator diversity,Adds complementary perspective,No material redundancy identified,39,Broadens topic coverage; Deepens existing research; Adds unique evidence; Adds unique witness; Improves chronology; Strengthens cross-series research; Fills research gap,fail,needs_review,not_applicable,"This episode broadens and deepens the UFO History destination topic. it contributes unique evidence, historical context; it fills gaps in missing podcast series, witness/investigator diversity. Topic Coverage Score 39/100 indicates possible improvement requiring human review. The candidate contributes unique evidence, historical context; it fills missing podcast series, witness/investigator diversity.",low,do_not_recommend,pending,
UFO History,Need to Know,27,Need to Know Episode #27 — The Report Is Out!,2023-need-to-know-episode-27,10 existing related entities; 10 episodes across 1 podcast series; 0 recognized cases; 0 linked people; 0 documents; 0 organizations; 1 explicit years.,established content base,"missing podcast series: MERGED, Need to Know, WEAPONIZED; limited witness/investigator diversity; limited document coverage; limited organization/investigation coverage; limited explicit chronology",yes,material improvement,unique evidence; historical context,missing podcast series; witness/investigator diversity; organization/investigation coverage; recognized Case coverage,Adds complementary perspective,No material redundancy identified,58,Broadens topic coverage; Deepens existing research; Adds unique evidence; Adds unique witness; Improves chronology; Strengthens cross-series research; Fills research gap,fail,pass,not_applicable,"This episode broadens and deepens the UFO History destination topic. It is already connected to Kona Blue Proposed UAP Program; it contributes unique evidence, historical context; it fills gaps in missing podcast series, witness/investigator diversity, organization/investigation coverage, recognized Case coverage. Topic Coverage Score 58/100 indicates material improvement. The candidate contributes unique evidence, historical context; it fills missing podcast series, witness/investigator diversity, organization/investigation coverage, recognized Case coverage.",low,do_not_recommend,pending,
UFO History,Need to Know,28,Need to Know Episode #28 — Chinese Balloon Misdirect,2023-need-to-know-episode-28,10 existing related entities; 10 episodes across 1 podcast series; 0 recognized cases; 0 linked people; 0 documents; 0 organizations; 1 explicit years.,established content base,"missing podcast series: MERGED, Need to Know, WEAPONIZED; limited witness/investigator diversity; limited document coverage; limited organization/investigation coverage; limited explicit chronology",uncertain,possible improvement requiring human review,unique evidence; historical context,missing podcast series; witness/investigator diversity,Adds complementary perspective,No material redundancy identified,39,Broadens topic coverage; Deepens existing research; Adds unique evidence; Adds unique witness; Improves chronology; Strengthens cross-series research; Fills research gap,fail,needs_review,not_applicable,"This episode broadens and deepens the UFO History destination topic. it contributes unique evidence, historical context; it fills gaps in missing podcast series, witness/investigator diversity. Topic Coverage Score 39/100 indicates possible improvement requiring human review. The candidate contributes unique evidence, historical context; it fills missing podcast series, witness/investigator diversity.",low,do_not_recommend,pending,
UFO History,Need to Know,29,Need to Know Episode #29 — 99 Chinese Balloons?,2023-need-to-know-episode-29,10 existing related entities; 10 episodes across 1 podcast series; 0 recognized cases; 0 linked people; 0 documents; 0 organizations; 1 explicit years.,established content base,"missing podcast series: MERGED, Need to Know, WEAPONIZED; limited witness/investigator diversity; limited document coverage; limited organization/investigation coverage; limited explicit chronology",uncertain,possible improvement requiring human review,unique evidence; historical context,missing podcast series; witness/investigator diversity,Adds complementary perspective,No material redundancy identified,39,Broadens topic coverage; Deepens existing research; Adds unique evidence; Adds unique witness; Improves chronology; Strengthens cross-series research; Fills research gap,fail,needs_review,not_applicable,"This episode broadens and deepens the UFO History destination topic. it contributes unique evidence, historical context; it fills gaps in missing podcast series, witness/investigator diversity. Topic Coverage Score 39/100 indicates possible improvement requiring human review. The candidate contributes unique evidence, historical context; it fills missing podcast series, witness/investigator diversity.",low,do_not_recommend,pending,
UFO History,Need to Know,30,Need to Know Episode #30 — UAP: The Ides of March,2023-need-to-know-episode-30,10 existing related entities; 10 episodes across 1 podcast series; 0 recognized cases; 0 linked people; 0 documents; 0 organizations; 1 explicit years.,established content base,"missing podcast series: MERGED, Need to Know, WEAPONIZED; limited witness/investigator diversity; limited document coverage; limited organization/investigation coverage; limited explicit chronology",uncertain,possible improvement requiring human review,unique evidence; historical context,missing podcast series; witness/investigator diversity,Adds complementary perspective,No material redundancy identified,39,Broadens topic coverage; Deepens existing research; Adds unique evidence; Adds unique witness; Improves chronology; Strengthens cross-series research; Fills research gap,fail,needs_review,not_applicable,"This episode broadens and deepens the UFO History destination topic. it contributes unique evidence, historical context; it fills gaps in missing podcast series, witness/investigator diversity. Topic Coverage Score 39/100 indicates possible improvement requiring human review. The candidate contributes unique evidence, historical context; it fills missing podcast series, witness/investigator diversity.",low,do_not_recommend,pending,
UFO History,Need to Know,31,Need to Know Episode #31 — Would You Like Some Danish with Your UFO?,2023-need-to-know-episode-31,10 existing related entities; 10 episodes across 1 podcast series; 0 recognized cases; 0 linked people; 0 documents; 0 organizations; 1 explicit years.,established content base,"missing podcast series: MERGED, Need to Know, WEAPONIZED; limited witness/investigator diversity; limited document coverage; limited organization/investigation coverage; limited explicit chronology",uncertain,possible improvement requiring human review,unique evidence; historical context,missing podcast series; witness/investigator diversity,Adds complementary perspective,No material redundancy identified,39,Broadens topic coverage; Deepens existing research; Adds unique evidence; Adds unique witness; Improves chronology; Strengthens cross-series research; Fills research gap,fail,needs_review,not_applicable,"This episode broadens and deepens the UFO History destination topic. it contributes unique evidence, historical context; it fills gaps in missing podcast series, witness/investigator diversity. Topic Coverage Score 39/100 indicates possible improvement requiring human review. The candidate contributes unique evidence, historical context; it fills missing podcast series, witness/investigator diversity.",low,do_not_recommend,pending,
UFO History,Need to Know,32,Need to Know Episode #32 — UFO Hearing Preview,2023-need-to-know-episode-32,10 existing related entities; 10 episodes across 1 podcast series; 0 recognized cases; 0 linked people; 0 documents; 0 organizations; 1 explicit years.,established content base,"missing podcast series: MERGED, Need to Know, WEAPONIZED; limited witness/investigator diversity; limited document coverage; limited organization/investigation coverage; limited explicit chronology",uncertain,possible improvement requiring human review,unique evidence; historical context,missing podcast series; witness/investigator diversity,Adds complementary perspective,No material redundancy identified,39,Broadens topic coverage; Deepens existing research; Adds unique evidence; Adds unique witness; Improves chronology; Strengthens cross-series research; Fills research gap,fail,needs_review,not_applicable,"This episode broadens and deepens the UFO History destination topic. it contributes unique evidence, historical context; it fills gaps in missing podcast series, witness/investigator diversity. Topic Coverage Score 39/100 indicates possible improvement requiring human review. The candidate contributes unique evidence, historical context; it fills missing podcast series, witness/investigator diversity.",low,do_not_recommend,pending,
UFO History,Need to Know,33,"Need to Know Episode #33 — UFO/UAP Hearings, Leaks & Briefings",2023-need-to-know-episode-33,10 existing related entities; 10 episodes across 1 podcast series; 0 recognized cases; 0 linked people; 0 documents; 0 organizations; 1 explicit years.,established content base,"missing podcast series: MERGED, Need to Know, WEAPONIZED; limited witness/investigator diversity; limited document coverage; limited organization/investigation coverage; limited explicit chronology",uncertain,possible improvement requiring human review,unique evidence; historical context,missing podcast series; witness/investigator diversity,Adds complementary perspective,No material redundancy identified,39,Broadens topic coverage; Deepens existing research; Adds unique evidence; Adds unique witness; Improves chronology; Strengthens cross-series research; Fills research gap,fail,needs_review,not_applicable,"This episode broadens and deepens the UFO History destination topic. it contributes unique evidence, historical context; it fills gaps in missing podcast series, witness/investigator diversity. Topic Coverage Score 39/100 indicates possible improvement requiring human review. The candidate contributes unique evidence, historical context; it fills missing podcast series, witness/investigator diversity.",low,do_not_recommend,pending,
UFO History,Need to Know,34,Need to Know Episode #34 — (20) 23 & Me,2023-need-to-know-episode-34,10 existing related entities; 10 episodes across 1 podcast series; 0 recognized cases; 0 linked people; 0 documents; 0 organizations; 1 explicit years.,established content base,"missing podcast series: MERGED, Need to Know, WEAPONIZED; limited witness/investigator diversity; limited document coverage; limited organization/investigation coverage; limited explicit chronology",uncertain,possible improvement requiring human review,unique evidence; historical context,missing podcast series; witness/investigator diversity,Adds complementary perspective,No material redundancy identified,39,Broadens topic coverage; Deepens existing research; Adds unique evidence; Adds unique witness; Improves chronology; Strengthens cross-series research; Fills research gap,fail,needs_review,not_applicable,"This episode broadens and deepens the UFO History destination topic. it contributes unique evidence, historical context; it fills gaps in missing podcast series, witness/investigator diversity. Topic Coverage Score 39/100 indicates possible improvement requiring human review. The candidate contributes unique evidence, historical context; it fills missing podcast series, witness/investigator diversity.",low,do_not_recommend,pending,
UFO History,Need to Know,35,Need to Know Episode #35 — The Tipping Point Is Here,2023-need-to-know-episode-35,10 existing related entities; 10 episodes across 1 podcast series; 0 recognized cases; 0 linked people; 0 documents; 0 organizations; 1 explicit years.,established content base,"missing podcast series: MERGED, Need to Know, WEAPONIZED; limited witness/investigator diversity; limited document coverage; limited organization/investigation coverage; limited explicit chronology",uncertain,possible improvement requiring human review,unique evidence; historical context,missing podcast series; witness/investigator diversity,Adds complementary perspective,No material redundancy identified,41,Broadens topic coverage; Deepens existing research; Adds unique evidence; Adds unique witness; Improves chronology; Strengthens cross-series research; Fills research gap,fail,needs_review,not_applicable,"This episode broadens and deepens the UFO History destination topic. it contributes unique evidence, historical context; it fills gaps in missing podcast series, witness/investigator diversity. Topic Coverage Score 41/100 indicates possible improvement requiring human review. The candidate contributes unique evidence, historical context; it fills missing podcast series, witness/investigator diversity.",low,do_not_recommend,pending,
UFO History,Need to Know,37,Need to Know Episode #37 — NewsNation's Whistleblower Special,2023-need-to-know-episode-37,10 existing related entities; 10 episodes across 1 podcast series; 0 recognized cases; 0 linked people; 0 documents; 0 organizations; 1 explicit years.,established content base,"missing podcast series: MERGED, Need to Know, WEAPONIZED; limited witness/investigator diversity; limited document coverage; limited organization/investigation coverage; limited explicit chronology",uncertain,possible improvement requiring human review,unique evidence; historical context,missing podcast series; witness/investigator diversity,Adds complementary perspective,No material redundancy identified,41,Broadens topic coverage; Deepens existing research; Adds unique evidence; Adds unique witness; Improves chronology; Strengthens cross-series research; Fills research gap,fail,needs_review,not_applicable,"This episode broadens and deepens the UFO History destination topic. it contributes unique evidence, historical context; it fills gaps in missing podcast series, witness/investigator diversity. Topic Coverage Score 41/100 indicates possible improvement requiring human review. The candidate contributes unique evidence, historical context; it fills missing podcast series, witness/investigator diversity.",low,do_not_recommend,pending,
UFO History,Need to Know,38,Need to Know Episode #38 — David Grusch: He's Still Here,2023-need-to-know-episode-38,10 existing related entities; 10 episodes across 1 podcast series; 0 recognized cases; 0 linked people; 0 documents; 0 organizations; 1 explicit years.,established content base,"missing podcast series: MERGED, Need to Know, WEAPONIZED; limited witness/investigator diversity; limited document coverage; limited organization/investigation coverage; limited explicit chronology",uncertain,possible improvement requiring human review,unique evidence; historical context,missing podcast series; witness/investigator diversity,Adds complementary perspective,No material redundancy identified,41,Broadens topic coverage; Deepens existing research; Adds unique evidence; Adds unique witness; Improves chronology; Strengthens cross-series research; Fills research gap,fail,needs_review,not_applicable,"This episode broadens and deepens the UFO History destination topic. it contributes unique evidence, historical context; it fills gaps in missing podcast series, witness/investigator diversity. Topic Coverage Score 41/100 indicates possible improvement requiring human review. The candidate contributes unique evidence, historical context; it fills missing podcast series, witness/investigator diversity.",low,do_not_recommend,pending,
UFO History,Need to Know,39,Need to Know Episode #39 — Is This Actually Happening Now?,2023-need-to-know-episode-39,10 existing related entities; 10 episodes across 1 podcast series; 0 recognized cases; 0 linked people; 0 documents; 0 organizations; 1 explicit years.,established content base,"missing podcast series: MERGED, Need to Know, WEAPONIZED; limited witness/investigator diversity; limited document coverage; limited organization/investigation coverage; limited explicit chronology",uncertain,possible improvement requiring human review,unique evidence; historical context,missing podcast series; witness/investigator diversity,Adds complementary perspective,No material redundancy identified,41,Broadens topic coverage; Deepens existing research; Adds unique evidence; Adds unique witness; Improves chronology; Strengthens cross-series research; Fills research gap,fail,needs_review,not_applicable,"This episode broadens and deepens the UFO History destination topic. it contributes unique evidence, historical context; it fills gaps in missing podcast series, witness/investigator diversity. Topic Coverage Score 41/100 indicates possible improvement requiring human review. The candidate contributes unique evidence, historical context; it fills missing podcast series, witness/investigator diversity.",low,do_not_recommend,pending,
UFO History,Need to Know,40,Need to Know Episode #40 — Schumer Knows Something,2023-need-to-know-episode-40,10 existing related entities; 10 episodes across 1 podcast series; 0 recognized cases; 0 linked people; 0 documents; 0 organizations; 1 explicit years.,established content base,"missing podcast series: MERGED, Need to Know, WEAPONIZED; limited witness/investigator diversity; limited document coverage; limited organization/investigation coverage; limited explicit chronology",uncertain,possible improvement requiring human review,unique evidence; historical context,missing podcast series; witness/investigator diversity,Adds complementary perspective,No material redundancy identified,41,Broadens topic coverage; Deepens existing research; Adds unique evidence; Adds unique witness; Improves chronology; Strengthens cross-series research; Fills research gap,fail,needs_review,not_applicable,"This episode broadens and deepens the UFO History destination topic. it contributes unique evidence, historical context; it fills gaps in missing podcast series, witness/investigator diversity. Topic Coverage Score 41/100 indicates possible improvement requiring human review. The candidate contributes unique evidence, historical context; it fills missing podcast series, witness/investigator diversity.",low,do_not_recommend,pending,
UFO History,Need to Know,41,Need to Know Episode #41 — A Huge Step Forward,2023-need-to-know-episode-41,10 existing related entities; 10 episodes across 1 podcast series; 0 recognized cases; 0 linked people; 0 documents; 0 organizations; 1 explicit years.,established content base,"missing podcast series: MERGED, Need to Know, WEAPONIZED; limited witness/investigator diversity; limited document coverage; limited organization/investigation coverage; limited explicit chronology",uncertain,possible improvement requiring human review,unique evidence; historical context,missing podcast series; witness/investigator diversity,Adds complementary perspective,No material redundancy identified,39,Broadens topic coverage; Deepens existing research; Adds unique evidence; Adds unique witness; Improves chronology; Strengthens cross-series research; Fills research gap,fail,needs_review,not_applicable,"This episode broadens and deepens the UFO History destination topic. it contributes unique evidence, historical context; it fills gaps in missing podcast series, witness/investigator diversity. Topic Coverage Score 39/100 indicates possible improvement requiring human review. The candidate contributes unique evidence, historical context; it fills missing podcast series, witness/investigator diversity.",low,do_not_recommend,pending,
UFO History,Need to Know,42,Need to Know Episode #42 — UAP: What's Next?,2023-need-to-know-episode-42,10 existing related entities; 10 episodes across 1 podcast series; 0 recognized cases; 0 linked people; 0 documents; 0 organizations; 1 explicit years.,established content base,"missing podcast series: MERGED, Need to Know, WEAPONIZED; limited witness/investigator diversity; limited document coverage; limited organization/investigation coverage; limited explicit chronology",uncertain,possible improvement requiring human review,unique evidence; historical context,missing podcast series; witness/investigator diversity,Adds complementary perspective,No material redundancy identified,39,Broadens topic coverage; Deepens existing research; Adds unique evidence; Adds unique witness; Improves chronology; Strengthens cross-series research; Fills research gap,fail,needs_review,not_applicable,"This episode broadens and deepens the UFO History destination topic. it contributes unique evidence, historical context; it fills gaps in missing podcast series, witness/investigator diversity. Topic Coverage Score 39/100 indicates possible improvement requiring human review. The candidate contributes unique evidence, historical context; it fills missing podcast series, witness/investigator diversity.",low,do_not_recommend,pending,
UFO History,Need to Know,43,Need to Know Episode #43 — UFO Pushback,2023-need-to-know-episode-43,10 existing related entities; 10 episodes across 1 podcast series; 0 recognized cases; 0 linked people; 0 documents; 0 organizations; 1 explicit years.,established content base,"missing podcast series: MERGED, Need to Know, WEAPONIZED; limited witness/investigator diversity; limited document coverage; limited organization/investigation coverage; limited explicit chronology",uncertain,possible improvement requiring human review,unique evidence; historical context,missing podcast series; witness/investigator diversity,Adds complementary perspective,No material redundancy identified,39,Broadens topic coverage; Deepens existing research; Adds unique evidence; Adds unique witness; Improves chronology; Strengthens cross-series research; Fills research gap,fail,needs_review,not_applicable,"This episode broadens and deepens the UFO History destination topic. it contributes unique evidence, historical context; it fills gaps in missing podcast series, witness/investigator diversity. Topic Coverage Score 39/100 indicates possible improvement requiring human review. The candidate contributes unique evidence, historical context; it fills missing podcast series, witness/investigator diversity.",low,do_not_recommend,pending,
UFO History,Need to Know,44,Need to Know Episode #44 — UFO Word Games,2023-need-to-know-episode-44,10 existing related entities; 10 episodes across 1 podcast series; 0 recognized cases; 0 linked people; 0 documents; 0 organizations; 1 explicit years.,established content base,"missing podcast series: MERGED, Need to Know, WEAPONIZED; limited witness/investigator diversity; limited document coverage; limited organization/investigation coverage; limited explicit chronology",uncertain,possible improvement requiring human review,unique evidence; historical context,missing podcast series; witness/investigator diversity,Adds complementary perspective,No material redundancy identified,39,Broadens topic coverage; Deepens existing research; Adds unique evidence; Adds unique witness; Improves chronology; Strengthens cross-series research; Fills research gap,fail,needs_review,not_applicable,"This episode broadens and deepens the UFO History destination topic. it contributes unique evidence, historical context; it fills gaps in missing podcast series, witness/investigator diversity. Topic Coverage Score 39/100 indicates possible improvement requiring human review. The candidate contributes unique evidence, historical context; it fills missing podcast series, witness/investigator diversity.",low,do_not_recommend,pending,
UFO History,Need to Know,45,Need to Know Episode #45 — Same Old UFO Song,2023-need-to-know-episode-45,10 existing related entities; 10 episodes across 1 podcast series; 0 recognized cases; 0 linked people; 0 documents; 0 organizations; 1 explicit years.,established content base,"missing podcast series: MERGED, Need to Know, WEAPONIZED; limited witness/investigator diversity; limited document coverage; limited organization/investigation coverage; limited explicit chronology",uncertain,possible improvement requiring human review,unique evidence; historical context,missing podcast series; witness/investigator diversity,Adds complementary perspective,No material redundancy identified,39,Broadens topic coverage; Deepens existing research; Adds unique evidence; Adds unique witness; Improves chronology; Strengthens cross-series research; Fills research gap,fail,needs_review,not_applicable,"This episode broadens and deepens the UFO History destination topic. it contributes unique evidence, historical context; it fills gaps in missing podcast series, witness/investigator diversity. Topic Coverage Score 39/100 indicates possible improvement requiring human review. The candidate contributes unique evidence, historical context; it fills missing podcast series, witness/investigator diversity.",low,do_not_recommend,pending,
UFO History,Need to Know,46,Need to Know Episode #46 — JFK and UFOs?,2023-need-to-know-episode-46,10 existing related entities; 10 episodes across 1 podcast series; 0 recognized cases; 0 linked people; 0 documents; 0 organizations; 1 explicit years.,established content base,"missing podcast series: MERGED, Need to Know, WEAPONIZED; limited witness/investigator diversity; limited document coverage; limited organization/investigation coverage; limited explicit chronology",uncertain,possible improvement requiring human review,unique evidence; historical context,missing podcast series; witness/investigator diversity,Adds complementary perspective,No material redundancy identified,39,Broadens topic coverage; Deepens existing research; Adds unique evidence; Adds unique witness; Improves chronology; Strengthens cross-series research; Fills research gap,fail,needs_review,not_applicable,"This episode broadens and deepens the UFO History destination topic. it contributes unique evidence, historical context; it fills gaps in missing podcast series, witness/investigator diversity. Topic Coverage Score 39/100 indicates possible improvement requiring human review. The candidate contributes unique evidence, historical context; it fills missing podcast series, witness/investigator diversity.",low,do_not_recommend,pending,
UFO History,Need to Know,47,Need to Know Episode #47 — UFO Gatekeepers Strike Back,2023-need-to-know-episode-47,10 existing related entities; 10 episodes across 1 podcast series; 0 recognized cases; 0 linked people; 0 documents; 0 organizations; 1 explicit years.,established content base,"missing podcast series: MERGED, Need to Know, WEAPONIZED; limited witness/investigator diversity; limited document coverage; limited organization/investigation coverage; limited explicit chronology",uncertain,possible improvement requiring human review,unique evidence; historical context,missing podcast series; witness/investigator diversity,Adds complementary perspective,No material redundancy identified,39,Broadens topic coverage; Deepens existing research; Adds unique evidence; Adds unique witness; Improves chronology; Strengthens cross-series research; Fills research gap,fail,needs_review,not_applicable,"This episode broadens and deepens the UFO History destination topic. it contributes unique evidence, historical context; it fills gaps in missing podcast series, witness/investigator diversity. Topic Coverage Score 39/100 indicates possible improvement requiring human review. The candidate contributes unique evidence, historical context; it fills missing podcast series, witness/investigator diversity.",low,do_not_recommend,pending,
UFO History,WEAPONIZED,16,WEAPONIZED Episode #16 — Secret Soviet UFO Science — Researchers Behind the Iron Curtain,2023-weaponized-episode-16,10 existing related entities; 10 episodes across 1 podcast series; 0 recognized cases; 0 linked people; 0 documents; 0 organizations; 1 explicit years.,established content base,"missing podcast series: MERGED, Need to Know, WEAPONIZED; limited witness/investigator diversity; limited document coverage; limited organization/investigation coverage; limited explicit chronology",uncertain,possible improvement requiring human review,unique investigator; unique evidence,missing podcast series; witness/investigator diversity; recognized Case coverage,Adds complementary perspective,No material redundancy identified,51,Broadens topic coverage; Deepens existing research; Adds unique evidence; Adds unique witness; Adds unique investigator; Strengthens cross-series research; Fills research gap,fail,needs_review,not_applicable,"This episode broadens and deepens the UFO History destination topic. It is already connected to 2017 Iraq Jellyfish UAP Incident, Soviet and Russian Military UFO Investigations; it contributes unique investigator, unique evidence; it fills gaps in missing podcast series, witness/investigator diversity, recognized Case coverage. Topic Coverage Score 51/100 indicates possible improvement requiring human review. The candidate contributes unique investigator, unique evidence; it fills missing podcast series, witness/investigator diversity, recognized Case coverage.",low,do_not_recommend,pending,
UFO History,WEAPONIZED,25,"WEAPONIZED Episode #25 — Tim Burchett, Congressional UFO Hearings, and the Coming House Testimony",2023-weaponized-episode-25,10 existing related entities; 10 episodes across 1 podcast series; 0 recognized cases; 0 linked people; 0 documents; 0 organizations; 1 explicit years.,established content base,"missing podcast series: MERGED, Need to Know, WEAPONIZED; limited witness/investigator diversity; limited document coverage; limited organization/investigation coverage; limited explicit chronology",yes,material improvement,unique witness; historical context; primary-source discussion,missing podcast series; witness/investigator diversity; chronology; recognized Case coverage,Adds complementary perspective,No material redundancy identified,66,Broadens topic coverage; Deepens existing research; Adds unique witness; Improves chronology; Strengthens cross-series research; Fills research gap,fail,pass,not_applicable,"This episode broadens and deepens the UFO History destination topic. It is already connected to 2017 Iraq Jellyfish UAP Incident, Skinwalker Ranch; it contributes unique witness, historical context, primary-source discussion; it fills gaps in missing podcast series, witness/investigator diversity, chronology, recognized Case coverage. Topic Coverage Score 66/100 indicates material improvement. The candidate contributes unique witness, historical context, primary-source discussion; it fills missing podcast series, witness/investigator diversity, chronology, recognized Case coverage.",low,do_not_recommend,pending,
UFO History,WEAPONIZED,35,"WEAPONIZED Episode #35 — UFO History, Gulf of Mexico Objects, and Congressional Stakes",2023-weaponized-episode-35,10 existing related entities; 10 episodes across 1 podcast series; 0 recognized cases; 0 linked people; 0 documents; 0 organizations; 1 explicit years.,established content base,"missing podcast series: MERGED, Need to Know, WEAPONIZED; limited witness/investigator diversity; limited document coverage; limited organization/investigation coverage; limited explicit chronology",yes,material improvement,unique evidence; historical context,missing podcast series; witness/investigator diversity; organization/investigation coverage; recognized Case coverage,Adds complementary perspective,No material redundancy identified,57,Broadens topic coverage; Deepens existing research; Adds unique evidence; Adds unique witness; Improves chronology; Strengthens cross-series research; Fills research gap,fail,pass,not_applicable,"This episode broadens and deepens the UFO History destination topic. It is already connected to 2017 Iraq Jellyfish UAP Incident, Skinwalker Ranch; it contributes unique evidence, historical context; it fills gaps in missing podcast series, witness/investigator diversity, organization/investigation coverage, recognized Case coverage. Topic Coverage Score 57/100 indicates material improvement. The candidate contributes unique evidence, historical context; it fills missing podcast series, witness/investigator diversity, organization/investigation coverage, recognized Case coverage.",low,do_not_recommend,pending,
UFO History,WEAPONIZED,43,WEAPONIZED Episode #43 — The Unreleased Philip Corso Tapes,2023-weaponized-episode-43,10 existing related entities; 10 episodes across 1 podcast series; 0 recognized cases; 0 linked people; 0 documents; 0 organizations; 1 explicit years.,established content base,"missing podcast series: MERGED, Need to Know, WEAPONIZED; limited witness/investigator diversity; limited document coverage; limited organization/investigation coverage; limited explicit chronology",yes,material improvement,unique witness; unique evidence; historical context,missing podcast series; witness/investigator diversity; organization/investigation coverage; recognized Case coverage,Adds complementary perspective,No material redundancy identified,68,Broadens topic coverage; Deepens existing research; Adds unique evidence; Adds unique witness; Improves chronology; Strengthens cross-series research; Fills research gap,pass,pass,not_applicable,"This episode broadens and deepens the UFO History destination topic. It is already connected to 2017 Iraq Jellyfish UAP Incident, Roswell Incident; it contributes unique witness, unique evidence, historical context; it fills gaps in missing podcast series, witness/investigator diversity, organization/investigation coverage, recognized Case coverage. Topic Coverage Score 68/100 indicates material improvement. The candidate contributes unique witness, unique evidence, historical context; it fills missing podcast series, witness/investigator diversity, organization/investigation coverage, recognized Case coverage.",medium,recommend_approval,pending,
UFO History,WEAPONIZED,45,"WEAPONIZED Episode #45 — John Alexander on Crash Retrievals, NIDS, and the Sol Conference",2023-weaponized-episode-45,10 existing related entities; 10 episodes across 1 podcast series; 0 recognized cases; 0 linked people; 0 documents; 0 organizations; 1 explicit years.,established content base,"missing podcast series: MERGED, Need to Know, WEAPONIZED; limited witness/investigator diversity; limited document coverage; limited organization/investigation coverage; limited explicit chronology",yes,material improvement,unique witness; historical context; technical analysis,missing podcast series; witness/investigator diversity; organization/investigation coverage; recognized Case coverage,Adds complementary perspective,No material redundancy identified,66,Broadens topic coverage; Deepens existing research; Adds unique witness; Improves chronology; Strengthens cross-series research; Fills research gap,fail,pass,not_applicable,"This episode broadens and deepens the UFO History destination topic. It is already connected to 2017 Iraq Jellyfish UAP Incident, Roswell Incident; it contributes unique witness, historical context, technical analysis; it fills gaps in missing podcast series, witness/investigator diversity, organization/investigation coverage, recognized Case coverage. Topic Coverage Score 66/100 indicates material improvement. The candidate contributes unique witness, historical context, technical analysis; it fills missing podcast series, witness/investigator diversity, organization/investigation coverage, recognized Case coverage.",low,do_not_recommend,pending,
UFO History,WEAPONIZED,9,WEAPONIZED Episode #9 — Harry Reid’s AAWSAP Briefing and the Hidden History of AATIP,2023-weaponized-episode-9,10 existing related entities; 10 episodes across 1 podcast series; 0 recognized cases; 0 linked people; 0 documents; 0 organizations; 1 explicit years.,established content base,"missing podcast series: MERGED, Need to Know, WEAPONIZED; limited witness/investigator diversity; limited document coverage; limited organization/investigation coverage; limited explicit chronology",yes,material improvement,unique witness; unique evidence; historical context,missing podcast series; witness/investigator diversity; organization/investigation coverage; chronology; recognized Case coverage,Adds complementary perspective,No material redundancy identified,67,Broadens topic coverage; Deepens existing research; Adds unique evidence; Adds unique witness; Improves chronology; Strengthens cross-series research; Fills research gap,fail,pass,not_applicable,"This episode broadens and deepens the UFO History destination topic. It is already connected to 2017 Iraq Jellyfish UAP Incident, Skinwalker Ranch; it contributes unique witness, unique evidence, historical context; it fills gaps in missing podcast series, witness/investigator diversity, organization/investigation coverage, chronology, recognized Case coverage. Topic Coverage Score 67/100 indicates material improvement. The candidate contributes unique witness, unique evidence, historical context; it fills missing podcast series, witness/investigator diversity, organization/investigation coverage, chronology, recognized Case coverage.",low,do_not_recommend,pending,
UFO History,Need to Know,48,Need to Know Episode #48 — Is This the Year?,2024-need-to-know-episode-48,10 existing related entities; 10 episodes across 1 podcast series; 0 recognized cases; 0 linked people; 0 documents; 0 organizations; 1 explicit years.,established content base,"missing podcast series: MERGED, Need to Know, WEAPONIZED; limited witness/investigator diversity; limited document coverage; limited organization/investigation coverage; limited explicit chronology",uncertain,possible improvement requiring human review,unique evidence; historical context,missing podcast series; witness/investigator diversity,Adds complementary perspective,No material redundancy identified,39,Broadens topic coverage; Deepens existing research; Adds unique evidence; Adds unique witness; Improves chronology; Strengthens cross-series research; Fills research gap,fail,needs_review,not_applicable,"This episode broadens and deepens the UFO History destination topic. it contributes unique evidence, historical context; it fills gaps in missing podcast series, witness/investigator diversity. Topic Coverage Score 39/100 indicates possible improvement requiring human review. The candidate contributes unique evidence, historical context; it fills missing podcast series, witness/investigator diversity.",low,do_not_recommend,pending,
UFO History,Need to Know,49,"Need to Know Episode #49 — Adios, Voldemort",2024-need-to-know-episode-49,10 existing related entities; 10 episodes across 1 podcast series; 0 recognized cases; 0 linked people; 0 documents; 0 organizations; 1 explicit years.,established content base,"missing podcast series: MERGED, Need to Know, WEAPONIZED; limited witness/investigator diversity; limited document coverage; limited organization/investigation coverage; limited explicit chronology",yes,material improvement,unique evidence; historical context,missing podcast series; witness/investigator diversity; organization/investigation coverage; recognized Case coverage,Adds complementary perspective,No material redundancy identified,60,Broadens topic coverage; Deepens existing research; Adds unique evidence; Adds unique witness; Improves chronology; Strengthens cross-series research; Fills research gap,fail,pass,not_applicable,"This episode broadens and deepens the UFO History destination topic. It is already connected to Kona Blue Proposed UAP Program; it contributes unique evidence, historical context; it fills gaps in missing podcast series, witness/investigator diversity, organization/investigation coverage, recognized Case coverage. Topic Coverage Score 60/100 indicates material improvement. The candidate contributes unique evidence, historical context; it fills missing podcast series, witness/investigator diversity, organization/investigation coverage, recognized Case coverage.",low,do_not_recommend,pending,
UFO History,Need to Know,50,Need to Know Episode #50 — More UFO Lies & Coverup,2024-need-to-know-episode-50,10 existing related entities; 10 episodes across 1 podcast series; 0 recognized cases; 0 linked people; 0 documents; 0 organizations; 1 explicit years.,established content base,"missing podcast series: MERGED, Need to Know, WEAPONIZED; limited witness/investigator diversity; limited document coverage; limited organization/investigation coverage; limited explicit chronology",yes,material improvement,unique evidence; historical context,missing podcast series; witness/investigator diversity; organization/investigation coverage; recognized Case coverage,Adds complementary perspective,No material redundancy identified,58,Broadens topic coverage; Deepens existing research; Adds unique evidence; Adds unique witness; Improves chronology; Strengthens cross-series research; Fills research gap,fail,pass,not_applicable,"This episode broadens and deepens the UFO History destination topic. It is already connected to Kona Blue Proposed UAP Program; it contributes unique evidence, historical context; it fills gaps in missing podcast series, witness/investigator diversity, organization/investigation coverage, recognized Case coverage. Topic Coverage Score 58/100 indicates material improvement. The candidate contributes unique evidence, historical context; it fills missing podcast series, witness/investigator diversity, organization/investigation coverage, recognized Case coverage.",low,do_not_recommend,pending,
UFO History,Need to Know,51,Need to Know Episode #51 — UAP Burnout,2024-need-to-know-episode-51,10 existing related entities; 10 episodes across 1 podcast series; 0 recognized cases; 0 linked people; 0 documents; 0 organizations; 1 explicit years.,established content base,"missing podcast series: MERGED, Need to Know, WEAPONIZED; limited witness/investigator diversity; limited document coverage; limited organization/investigation coverage; limited explicit chronology",uncertain,possible improvement requiring human review,unique evidence; historical context,missing podcast series; witness/investigator diversity,Adds complementary perspective,No material redundancy identified,39,Broadens topic coverage; Deepens existing research; Adds unique evidence; Adds unique witness; Improves chronology; Strengthens cross-series research; Fills research gap,fail,needs_review,not_applicable,"This episode broadens and deepens the UFO History destination topic. it contributes unique evidence, historical context; it fills gaps in missing podcast series, witness/investigator diversity. Topic Coverage Score 39/100 indicates possible improvement requiring human review. The candidate contributes unique evidence, historical context; it fills missing podcast series, witness/investigator diversity.",low,do_not_recommend,pending,
UFO History,Need to Know,52,Need to Know Episode #52 — Swagger and Secrets,2024-need-to-know-episode-52,10 existing related entities; 10 episodes across 1 podcast series; 0 recognized cases; 0 linked people; 0 documents; 0 organizations; 1 explicit years.,established content base,"missing podcast series: MERGED, Need to Know, WEAPONIZED; limited witness/investigator diversity; limited document coverage; limited organization/investigation coverage; limited explicit chronology",yes,material improvement,unique evidence; historical context,missing podcast series; witness/investigator diversity; organization/investigation coverage; recognized Case coverage,Adds complementary perspective,No material redundancy identified,58,Broadens topic coverage; Deepens existing research; Adds unique evidence; Adds unique witness; Improves chronology; Strengthens cross-series research; Fills research gap,fail,pass,not_applicable,"This episode broadens and deepens the UFO History destination topic. It is already connected to Kona Blue Proposed UAP Program; it contributes unique evidence, historical context; it fills gaps in missing podcast series, witness/investigator diversity, organization/investigation coverage, recognized Case coverage. Topic Coverage Score 58/100 indicates material improvement. The candidate contributes unique evidence, historical context; it fills missing podcast series, witness/investigator diversity, organization/investigation coverage, recognized Case coverage.",low,do_not_recommend,pending,
UFO History,Need to Know,53,Need to Know Episode #53 — Zero Doubt,2024-need-to-know-episode-53,10 existing related entities; 10 episodes across 1 podcast series; 0 recognized cases; 0 linked people; 0 documents; 0 organizations; 1 explicit years.,established content base,"missing podcast series: MERGED, Need to Know, WEAPONIZED; limited witness/investigator diversity; limited document coverage; limited organization/investigation coverage; limited explicit chronology",uncertain,possible improvement requiring human review,unique evidence; historical context,missing podcast series; witness/investigator diversity,Adds complementary perspective,No material redundancy identified,41,Broadens topic coverage; Deepens existing research; Adds unique evidence; Adds unique witness; Improves chronology; Strengthens cross-series research; Fills research gap,fail,needs_review,not_applicable,"This episode broadens and deepens the UFO History destination topic. it contributes unique evidence, historical context; it fills gaps in missing podcast series, witness/investigator diversity. Topic Coverage Score 41/100 indicates possible improvement requiring human review. The candidate contributes unique evidence, historical context; it fills missing podcast series, witness/investigator diversity.",low,do_not_recommend,pending,
UFO History,Need to Know,54,Need to Know Episode #54 — History Repeats,2024-need-to-know-episode-54,10 existing related entities; 10 episodes across 1 podcast series; 0 recognized cases; 0 linked people; 0 documents; 0 organizations; 1 explicit years.,established content base,"missing podcast series: MERGED, Need to Know, WEAPONIZED; limited witness/investigator diversity; limited document coverage; limited organization/investigation coverage; limited explicit chronology",uncertain,possible improvement requiring human review,unique evidence; historical context,missing podcast series; witness/investigator diversity,Adds complementary perspective,No material redundancy identified,39,Broadens topic coverage; Deepens existing research; Adds unique evidence; Adds unique witness; Improves chronology; Strengthens cross-series research; Fills research gap,fail,needs_review,not_applicable,"This episode broadens and deepens the UFO History destination topic. it contributes unique evidence, historical context; it fills gaps in missing podcast series, witness/investigator diversity. Topic Coverage Score 39/100 indicates possible improvement requiring human review. The candidate contributes unique evidence, historical context; it fills missing podcast series, witness/investigator diversity.",low,do_not_recommend,pending,
UFO History,Need to Know,55,Need to Know Episode #55 — Imminent,2024-need-to-know-episode-55,10 existing related entities; 10 episodes across 1 podcast series; 0 recognized cases; 0 linked people; 0 documents; 0 organizations; 1 explicit years.,established content base,"missing podcast series: MERGED, Need to Know, WEAPONIZED; limited witness/investigator diversity; limited document coverage; limited organization/investigation coverage; limited explicit chronology",uncertain,possible improvement requiring human review,unique evidence; historical context,missing podcast series; witness/investigator diversity,Adds complementary perspective,No material redundancy identified,41,Broadens topic coverage; Deepens existing research; Adds unique evidence; Adds unique witness; Improves chronology; Strengthens cross-series research; Fills research gap,fail,needs_review,not_applicable,"This episode broadens and deepens the UFO History destination topic. it contributes unique evidence, historical context; it fills gaps in missing podcast series, witness/investigator diversity. Topic Coverage Score 41/100 indicates possible improvement requiring human review. The candidate contributes unique evidence, historical context; it fills missing podcast series, witness/investigator diversity.",low,do_not_recommend,pending,
UFO History,Need to Know,56,Need to Know Episode #56 — Elizondo Unplugged,2024-need-to-know-episode-56,10 existing related entities; 10 episodes across 1 podcast series; 0 recognized cases; 0 linked people; 0 documents; 0 organizations; 1 explicit years.,established content base,"missing podcast series: MERGED, Need to Know, WEAPONIZED; limited witness/investigator diversity; limited document coverage; limited organization/investigation coverage; limited explicit chronology",uncertain,possible improvement requiring human review,unique evidence; historical context,missing podcast series; witness/investigator diversity,Adds complementary perspective,No material redundancy identified,41,Broadens topic coverage; Deepens existing research; Adds unique evidence; Adds unique witness; Improves chronology; Strengthens cross-series research; Fills research gap,fail,needs_review,not_applicable,"This episode broadens and deepens the UFO History destination topic. it contributes unique evidence, historical context; it fills gaps in missing podcast series, witness/investigator diversity. Topic Coverage Score 41/100 indicates possible improvement requiring human review. The candidate contributes unique evidence, historical context; it fills missing podcast series, witness/investigator diversity.",low,do_not_recommend,pending,
UFO History,Need to Know,57,Need to Know Episode #57 — Dolan's New USO Shockers,2024-need-to-know-episode-57,10 existing related entities; 10 episodes across 1 podcast series; 0 recognized cases; 0 linked people; 0 documents; 0 organizations; 1 explicit years.,established content base,"missing podcast series: MERGED, Need to Know, WEAPONIZED; limited witness/investigator diversity; limited document coverage; limited organization/investigation coverage; limited explicit chronology",uncertain,possible improvement requiring human review,unique evidence; historical context,missing podcast series; witness/investigator diversity,Adds complementary perspective,No material redundancy identified,41,Broadens topic coverage; Deepens existing research; Adds unique evidence; Adds unique witness; Improves chronology; Strengthens cross-series research; Fills research gap,fail,needs_review,not_applicable,"This episode broadens and deepens the UFO History destination topic. it contributes unique evidence, historical context; it fills gaps in missing podcast series, witness/investigator diversity. Topic Coverage Score 41/100 indicates possible improvement requiring human review. The candidate contributes unique evidence, historical context; it fills missing podcast series, witness/investigator diversity.",low,do_not_recommend,pending,
UFO History,Need to Know,58,Need to Know Episode #58 — The Disclosure President?,2024-need-to-know-episode-58,10 existing related entities; 10 episodes across 1 podcast series; 0 recognized cases; 0 linked people; 0 documents; 0 organizations; 1 explicit years.,established content base,"missing podcast series: MERGED, Need to Know, WEAPONIZED; limited witness/investigator diversity; limited document coverage; limited organization/investigation coverage; limited explicit chronology",uncertain,possible improvement requiring human review,unique evidence; historical context,missing podcast series; witness/investigator diversity,Adds complementary perspective,No material redundancy identified,39,Broadens topic coverage; Deepens existing research; Adds unique evidence; Adds unique witness; Improves chronology; Strengthens cross-series research; Fills research gap,fail,needs_review,not_applicable,"This episode broadens and deepens the UFO History destination topic. it contributes unique evidence, historical context; it fills gaps in missing podcast series, witness/investigator diversity. Topic Coverage Score 39/100 indicates possible improvement requiring human review. The candidate contributes unique evidence, historical context; it fills missing podcast series, witness/investigator diversity.",low,do_not_recommend,pending,
UFO History,Need to Know,59,Need to Know Episode #59 — Jingle Drones,2024-need-to-know-episode-59,10 existing related entities; 10 episodes across 1 podcast series; 0 recognized cases; 0 linked people; 0 documents; 0 organizations; 1 explicit years.,established content base,"missing podcast series: MERGED, Need to Know, WEAPONIZED; limited witness/investigator diversity; limited document coverage; limited organization/investigation coverage; limited explicit chronology",uncertain,possible improvement requiring human review,unique evidence; historical context,missing podcast series; witness/investigator diversity,Adds complementary perspective,No material redundancy identified,39,Broadens topic coverage; Deepens existing research; Adds unique evidence; Adds unique witness; Improves chronology; Strengthens cross-series research; Fills research gap,fail,needs_review,not_applicable,"This episode broadens and deepens the UFO History destination topic. it contributes unique evidence, historical context; it fills gaps in missing podcast series, witness/investigator diversity. Topic Coverage Score 39/100 indicates possible improvement requiring human review. The candidate contributes unique evidence, historical context; it fills missing podcast series, witness/investigator diversity.",low,do_not_recommend,pending,
UFO History,WEAPONIZED,46,"WEAPONIZED Episode #46 — Richard Dolan on Disclosure, History, and USO Cases",2024-weaponized-episode-46,10 existing related entities; 10 episodes across 1 podcast series; 0 recognized cases; 0 linked people; 0 documents; 0 organizations; 1 explicit years.,established content base,"missing podcast series: MERGED, Need to Know, WEAPONIZED; limited witness/investigator diversity; limited document coverage; limited organization/investigation coverage; limited explicit chronology",yes,material improvement,unique investigator; historical context; technical analysis,missing podcast series; witness/investigator diversity; organization/investigation coverage; recognized Case coverage,Adds complementary perspective,No material redundancy identified,68,Broadens topic coverage; Deepens existing research; Adds unique witness; Adds unique investigator; Improves chronology; Strengthens cross-series research; Fills research gap,fail,pass,not_applicable,"This episode broadens and deepens the UFO History destination topic. It is already connected to 2017 Iraq Jellyfish UAP Incident, Skinwalker Ranch; it contributes unique investigator, historical context, technical analysis; it fills gaps in missing podcast series, witness/investigator diversity, organization/investigation coverage, recognized Case coverage. Topic Coverage Score 68/100 indicates material improvement. The candidate contributes unique investigator, historical context, technical analysis; it fills missing podcast series, witness/investigator diversity, organization/investigation coverage, recognized Case coverage.",low,do_not_recommend,pending,
UFO History,WEAPONIZED,48,"WEAPONIZED Episode #48 — Ernest Cline, UFO History, and Science-Fiction Culture",2024-weaponized-episode-48,10 existing related entities; 10 episodes across 1 podcast series; 0 recognized cases; 0 linked people; 0 documents; 0 organizations; 1 explicit years.,established content base,"missing podcast series: MERGED, Need to Know, WEAPONIZED; limited witness/investigator diversity; limited document coverage; limited organization/investigation coverage; limited explicit chronology",uncertain,possible improvement requiring human review,unique investigator; historical context; technical analysis,missing podcast series; witness/investigator diversity; recognized Case coverage,Adds complementary perspective,No material redundancy identified,54,Broadens topic coverage; Deepens existing research; Adds unique witness; Adds unique investigator; Improves chronology; Strengthens cross-series research; Fills research gap,fail,needs_review,not_applicable,"This episode broadens and deepens the UFO History destination topic. It is already connected to 2017 Iraq Jellyfish UAP Incident, Skinwalker Ranch; it contributes unique investigator, historical context, technical analysis; it fills gaps in missing podcast series, witness/investigator diversity, recognized Case coverage. Topic Coverage Score 54/100 indicates possible improvement requiring human review. The candidate contributes unique investigator, historical context, technical analysis; it fills missing podcast series, witness/investigator diversity, recognized Case coverage.",low,do_not_recommend,pending,
UFO History,WEAPONIZED,52,WEAPONIZED Episode #52 — Season Finale and AARO Historical Report Review,2024-weaponized-episode-52,10 existing related entities; 10 episodes across 1 podcast series; 0 recognized cases; 0 linked people; 0 documents; 0 organizations; 1 explicit years.,established content base,"missing podcast series: MERGED, Need to Know, WEAPONIZED; limited witness/investigator diversity; limited document coverage; limited organization/investigation coverage; limited explicit chronology",yes,material improvement,unique investigator; unique evidence; historical context,missing podcast series; witness/investigator diversity; organization/investigation coverage; recognized Case coverage,Adds complementary perspective,No material redundancy identified,70,Broadens topic coverage; Deepens existing research; Adds unique evidence; Adds unique witness; Adds unique investigator; Improves chronology; Strengthens cross-series research; Fills research gap,fail,pass,not_applicable,"This episode broadens and deepens the UFO History destination topic. It is already connected to 2017 Iraq Jellyfish UAP Incident, Kona Blue Proposed UAP Program; it contributes unique investigator, unique evidence, historical context; it fills gaps in missing podcast series, witness/investigator diversity, organization/investigation coverage, recognized Case coverage. Topic Coverage Score 70/100 indicates material improvement. The candidate contributes unique investigator, unique evidence, historical context; it fills missing podcast series, witness/investigator diversity, organization/investigation coverage, recognized Case coverage.",low,do_not_recommend,pending,
UFO History,WEAPONIZED,56,"WEAPONIZED Episode #56 — Las Vegas Update, Dave Navarro, and Crop Circle History",2024-weaponized-episode-56,10 existing related entities; 10 episodes across 1 podcast series; 0 recognized cases; 0 linked people; 0 documents; 0 organizations; 1 explicit years.,established content base,"missing podcast series: MERGED, Need to Know, WEAPONIZED; limited witness/investigator diversity; limited document coverage; limited organization/investigation coverage; limited explicit chronology",yes,material improvement,unique investigator; historical context,missing podcast series; witness/investigator diversity; chronology; recognized Case coverage,Adds complementary perspective,No material redundancy identified,63,Broadens topic coverage; Deepens existing research; Adds unique witness; Adds unique investigator; Improves chronology; Strengthens cross-series research; Fills research gap,fail,pass,not_applicable,"This episode broadens and deepens the UFO History destination topic. It is already connected to 2017 Iraq Jellyfish UAP Incident, Skinwalker Ranch; it contributes unique investigator, historical context; it fills gaps in missing podcast series, witness/investigator diversity, chronology, recognized Case coverage. Topic Coverage Score 63/100 indicates material improvement. The candidate contributes unique investigator, historical context; it fills missing podcast series, witness/investigator diversity, chronology, recognized Case coverage.",low,do_not_recommend,pending,
UFO History,WEAPONIZED,57,WEAPONIZED Episode #57 — The Colares UFO Attacks and Brazilian Military Files,2024-weaponized-episode-57,10 existing related entities; 10 episodes across 1 podcast series; 0 recognized cases; 0 linked people; 0 documents; 0 organizations; 1 explicit years.,established content base,"missing podcast series: MERGED, Need to Know, WEAPONIZED; limited witness/investigator diversity; limited document coverage; limited organization/investigation coverage; limited explicit chronology",yes,material improvement,unique investigator; historical context,missing podcast series; witness/investigator diversity; organization/investigation coverage; chronology; recognized Case coverage,Adds complementary perspective,No material redundancy identified,74,Broadens topic coverage; Deepens existing research; Adds unique witness; Adds unique investigator; Improves chronology; Strengthens cross-series research; Fills research gap,fail,pass,not_applicable,"This episode broadens and deepens the UFO History destination topic. It is already connected to 2017 Iraq Jellyfish UAP Incident, Colares UFO Incidents; it contributes unique investigator, historical context; it fills gaps in missing podcast series, witness/investigator diversity, organization/investigation coverage, chronology, recognized Case coverage. Topic Coverage Score 74/100 indicates material improvement. The candidate contributes unique investigator, historical context; it fills missing podcast series, witness/investigator diversity, organization/investigation coverage, chronology, recognized Case coverage.",low,do_not_recommend,pending,
UFO History,WEAPONIZED,63,WEAPONIZED Episode #63 — Mystery Drones and Australia’s Saucer Nests,2024-weaponized-episode-63,10 existing related entities; 10 episodes across 1 podcast series; 0 recognized cases; 0 linked people; 0 documents; 0 organizations; 1 explicit years.,established content base,"missing podcast series: MERGED, Need to Know, WEAPONIZED; limited witness/investigator diversity; limited document coverage; limited organization/investigation coverage; limited explicit chronology",yes,material improvement,unique investigator; unique evidence; historical context,missing podcast series; witness/investigator diversity; organization/investigation coverage; recognized Case coverage,Adds complementary perspective,No material redundancy identified,70,Broadens topic coverage; Deepens existing research; Adds unique evidence; Adds unique witness; Adds unique investigator; Improves chronology; Strengthens cross-series research; Fills research gap,fail,pass,not_applicable,"This episode broadens and deepens the UFO History destination topic. It is already connected to 2017 Iraq Jellyfish UAP Incident, Queensland Saucer Nests; it contributes unique investigator, unique evidence, historical context; it fills gaps in missing podcast series, witness/investigator diversity, organization/investigation coverage, recognized Case coverage. Topic Coverage Score 70/100 indicates material improvement. The candidate contributes unique investigator, unique evidence, historical context; it fills missing podcast series, witness/investigator diversity, organization/investigation coverage, recognized Case coverage.",low,do_not_recommend,pending,
UFO History,Need to Know,60,Need to Know Episode #60 — Age of Disclosure?,2025-need-to-know-episode-60,10 existing related entities; 10 episodes across 1 podcast series; 0 recognized cases; 0 linked people; 0 documents; 0 organizations; 1 explicit years.,established content base,"missing podcast series: MERGED, Need to Know, WEAPONIZED; limited witness/investigator diversity; limited document coverage; limited organization/investigation coverage; limited explicit chronology",uncertain,possible improvement requiring human review,unique evidence; historical context,missing podcast series; witness/investigator diversity,Adds complementary perspective,No material redundancy identified,39,Broadens topic coverage; Deepens existing research; Adds unique evidence; Adds unique witness; Improves chronology; Strengthens cross-series research; Fills research gap,fail,needs_review,not_applicable,"This episode broadens and deepens the UFO History destination topic. it contributes unique evidence, historical context; it fills gaps in missing podcast series, witness/investigator diversity. Topic Coverage Score 39/100 indicates possible improvement requiring human review. The candidate contributes unique evidence, historical context; it fills missing podcast series, witness/investigator diversity.",low,do_not_recommend,pending,
UFO History,Need to Know,61,Need to Know Episode #61 — Gimme Some Truth,2025-need-to-know-episode-61,10 existing related entities; 10 episodes across 1 podcast series; 0 recognized cases; 0 linked people; 0 documents; 0 organizations; 1 explicit years.,established content base,"missing podcast series: MERGED, Need to Know, WEAPONIZED; limited witness/investigator diversity; limited document coverage; limited organization/investigation coverage; limited explicit chronology",uncertain,possible improvement requiring human review,unique evidence; historical context,missing podcast series; witness/investigator diversity,Adds complementary perspective,No material redundancy identified,39,Broadens topic coverage; Deepens existing research; Adds unique evidence; Adds unique witness; Improves chronology; Strengthens cross-series research; Fills research gap,fail,needs_review,not_applicable,"This episode broadens and deepens the UFO History destination topic. it contributes unique evidence, historical context; it fills gaps in missing podcast series, witness/investigator diversity. Topic Coverage Score 39/100 indicates possible improvement requiring human review. The candidate contributes unique evidence, historical context; it fills missing podcast series, witness/investigator diversity.",low,do_not_recommend,pending,
UFO History,Need to Know,62,Need to Know Episode #62 — Watch the Skies,2025-need-to-know-episode-62,10 existing related entities; 10 episodes across 1 podcast series; 0 recognized cases; 0 linked people; 0 documents; 0 organizations; 1 explicit years.,established content base,"missing podcast series: MERGED, Need to Know, WEAPONIZED; limited witness/investigator diversity; limited document coverage; limited organization/investigation coverage; limited explicit chronology",uncertain,possible improvement requiring human review,unique evidence; historical context,missing podcast series; witness/investigator diversity,Adds complementary perspective,No material redundancy identified,39,Broadens topic coverage; Deepens existing research; Adds unique evidence; Adds unique witness; Improves chronology; Strengthens cross-series research; Fills research gap,fail,needs_review,not_applicable,"This episode broadens and deepens the UFO History destination topic. it contributes unique evidence, historical context; it fills gaps in missing podcast series, witness/investigator diversity. Topic Coverage Score 39/100 indicates possible improvement requiring human review. The candidate contributes unique evidence, historical context; it fills missing podcast series, witness/investigator diversity.",low,do_not_recommend,pending,
UFO History,Need to Know,63,Need to Know Episode #63 — Immaculate Revelations,2025-need-to-know-episode-63,10 existing related entities; 10 episodes across 1 podcast series; 0 recognized cases; 0 linked people; 0 documents; 0 organizations; 1 explicit years.,established content base,"missing podcast series: MERGED, Need to Know, WEAPONIZED; limited witness/investigator diversity; limited document coverage; limited organization/investigation coverage; limited explicit chronology",uncertain,possible improvement requiring human review,unique evidence; historical context,missing podcast series; witness/investigator diversity,Adds complementary perspective,No material redundancy identified,39,Broadens topic coverage; Deepens existing research; Adds unique evidence; Adds unique witness; Improves chronology; Strengthens cross-series research; Fills research gap,fail,needs_review,not_applicable,"This episode broadens and deepens the UFO History destination topic. it contributes unique evidence, historical context; it fills gaps in missing podcast series, witness/investigator diversity. Topic Coverage Score 39/100 indicates possible improvement requiring human review. The candidate contributes unique evidence, historical context; it fills missing podcast series, witness/investigator diversity.",low,do_not_recommend,pending,
UFO History,Need to Know,64,Need to Know Episode #64 — Live From CITD,2025-need-to-know-episode-64,10 existing related entities; 10 episodes across 1 podcast series; 0 recognized cases; 0 linked people; 0 documents; 0 organizations; 1 explicit years.,established content base,"missing podcast series: MERGED, Need to Know, WEAPONIZED; limited witness/investigator diversity; limited document coverage; limited organization/investigation coverage; limited explicit chronology",uncertain,possible improvement requiring human review,unique evidence; historical context,missing podcast series; witness/investigator diversity,Adds complementary perspective,No material redundancy identified,39,Broadens topic coverage; Deepens existing research; Adds unique evidence; Adds unique witness; Improves chronology; Strengthens cross-series research; Fills research gap,fail,needs_review,not_applicable,"This episode broadens and deepens the UFO History destination topic. it contributes unique evidence, historical context; it fills gaps in missing podcast series, witness/investigator diversity. Topic Coverage Score 39/100 indicates possible improvement requiring human review. The candidate contributes unique evidence, historical context; it fills missing podcast series, witness/investigator diversity.",low,do_not_recommend,pending,
UFO History,Need to Know,65,Need to Know Episode #65 — Ross Coulthart's Final Show — Whose Tech Is It?,2025-need-to-know-episode-65,10 existing related entities; 10 episodes across 1 podcast series; 0 recognized cases; 0 linked people; 0 documents; 0 organizations; 1 explicit years.,established content base,"missing podcast series: MERGED, Need to Know, WEAPONIZED; limited witness/investigator diversity; limited document coverage; limited organization/investigation coverage; limited explicit chronology",uncertain,possible improvement requiring human review,unique evidence; historical context,missing podcast series; witness/investigator diversity,Adds complementary perspective,No material redundancy identified,39,Broadens topic coverage; Deepens existing research; Adds unique evidence; Adds unique witness; Improves chronology; Strengthens cross-series research; Fills research gap,fail,needs_review,not_applicable,"This episode broadens and deepens the UFO History destination topic. it contributes unique evidence, historical context; it fills gaps in missing podcast series, witness/investigator diversity. Topic Coverage Score 39/100 indicates possible improvement requiring human review. The candidate contributes unique evidence, historical context; it fills missing podcast series, witness/investigator diversity.",low,do_not_recommend,pending,
UFO History,Need to Know,66,Need to Know Episode #66 — Richard Dolan Joins the Show — Changes,2025-need-to-know-episode-66,10 existing related entities; 10 episodes across 1 podcast series; 0 recognized cases; 0 linked people; 0 documents; 0 organizations; 1 explicit years.,established content base,"missing podcast series: MERGED, Need to Know, WEAPONIZED; limited witness/investigator diversity; limited document coverage; limited organization/investigation coverage; limited explicit chronology",uncertain,possible improvement requiring human review,unique evidence; historical context,missing podcast series; witness/investigator diversity,Adds complementary perspective,No material redundancy identified,39,Broadens topic coverage; Deepens existing research; Adds unique evidence; Adds unique witness; Improves chronology; Strengthens cross-series research; Fills research gap,fail,needs_review,not_applicable,"This episode broadens and deepens the UFO History destination topic. it contributes unique evidence, historical context; it fills gaps in missing podcast series, witness/investigator diversity. Topic Coverage Score 39/100 indicates possible improvement requiring human review. The candidate contributes unique evidence, historical context; it fills missing podcast series, witness/investigator diversity.",low,do_not_recommend,pending,
UFO History,Need to Know,67,Need to Know Episode #67 — What You Need to Know Now,2025-need-to-know-episode-67,10 existing related entities; 10 episodes across 1 podcast series; 0 recognized cases; 0 linked people; 0 documents; 0 organizations; 1 explicit years.,established content base,"missing podcast series: MERGED, Need to Know, WEAPONIZED; limited witness/investigator diversity; limited document coverage; limited organization/investigation coverage; limited explicit chronology",uncertain,possible improvement requiring human review,unique evidence; historical context,missing podcast series; witness/investigator diversity,Adds complementary perspective,No material redundancy identified,39,Broadens topic coverage; Deepens existing research; Adds unique evidence; Adds unique witness; Improves chronology; Strengthens cross-series research; Fills research gap,fail,needs_review,not_applicable,"This episode broadens and deepens the UFO History destination topic. it contributes unique evidence, historical context; it fills gaps in missing podcast series, witness/investigator diversity. Topic Coverage Score 39/100 indicates possible improvement requiring human review. The candidate contributes unique evidence, historical context; it fills missing podcast series, witness/investigator diversity.",low,do_not_recommend,pending,
UFO History,Need to Know,68,Need to Know Episode #68 — Beyond The Sea,2025-need-to-know-episode-68,10 existing related entities; 10 episodes across 1 podcast series; 0 recognized cases; 0 linked people; 0 documents; 0 organizations; 1 explicit years.,established content base,"missing podcast series: MERGED, Need to Know, WEAPONIZED; limited witness/investigator diversity; limited document coverage; limited organization/investigation coverage; limited explicit chronology",uncertain,possible improvement requiring human review,unique evidence; historical context,missing podcast series; witness/investigator diversity,Adds complementary perspective,No material redundancy identified,39,Broadens topic coverage; Deepens existing research; Adds unique evidence; Adds unique witness; Improves chronology; Strengthens cross-series research; Fills research gap,fail,needs_review,not_applicable,"This episode broadens and deepens the UFO History destination topic. it contributes unique evidence, historical context; it fills gaps in missing podcast series, witness/investigator diversity. Topic Coverage Score 39/100 indicates possible improvement requiring human review. The candidate contributes unique evidence, historical context; it fills missing podcast series, witness/investigator diversity.",low,do_not_recommend,pending,
UFO History,Need to Know,69,Need to Know Episode #69 — Age of Disclosure?,2025-need-to-know-episode-69,10 existing related entities; 10 episodes across 1 podcast series; 0 recognized cases; 0 linked people; 0 documents; 0 organizations; 1 explicit years.,established content base,"missing podcast series: MERGED, Need to Know, WEAPONIZED; limited witness/investigator diversity; limited document coverage; limited organization/investigation coverage; limited explicit chronology",uncertain,possible improvement requiring human review,unique evidence; historical context,missing podcast series; witness/investigator diversity,Adds complementary perspective,No material redundancy identified,39,Broadens topic coverage; Deepens existing research; Adds unique evidence; Adds unique witness; Improves chronology; Strengthens cross-series research; Fills research gap,fail,needs_review,not_applicable,"This episode broadens and deepens the UFO History destination topic. it contributes unique evidence, historical context; it fills gaps in missing podcast series, witness/investigator diversity. Topic Coverage Score 39/100 indicates possible improvement requiring human review. The candidate contributes unique evidence, historical context; it fills missing podcast series, witness/investigator diversity.",low,do_not_recommend,pending,
UFO History,WEAPONIZED,102,WEAPONIZED Episode #102 — Jacques Vallée — The Bizarre Nature of UFOs,2025-weaponized-episode-102,10 existing related entities; 10 episodes across 1 podcast series; 0 recognized cases; 0 linked people; 0 documents; 0 organizations; 1 explicit years.,established content base,"missing podcast series: MERGED, Need to Know, WEAPONIZED; limited witness/investigator diversity; limited document coverage; limited organization/investigation coverage; limited explicit chronology",yes,material improvement,unique evidence; historical context; technical analysis,missing podcast series; witness/investigator diversity; organization/investigation coverage; recognized Case coverage,Adds complementary perspective,No material redundancy identified,69,Broadens topic coverage; Deepens existing research; Adds unique evidence; Adds unique witness; Improves chronology; Strengthens cross-series research; Fills research gap,pass,pass,not_applicable,"This episode broadens and deepens the UFO History destination topic. It is already connected to 2017 Iraq Jellyfish UAP Incident, Skinwalker Ranch; it contributes unique evidence, historical context, technical analysis; it fills gaps in missing podcast series, witness/investigator diversity, organization/investigation coverage, recognized Case coverage. Topic Coverage Score 69/100 indicates material improvement. The candidate contributes unique evidence, historical context, technical analysis; it fills missing podcast series, witness/investigator diversity, organization/investigation coverage, recognized Case coverage.",medium,recommend_approval,pending,
UFO History,WEAPONIZED,66,"WEAPONIZED Episode #66 — Mike Gold on NASA, UAP, and Space Research",2025-weaponized-episode-66,10 existing related entities; 10 episodes across 1 podcast series; 0 recognized cases; 0 linked people; 0 documents; 0 organizations; 1 explicit years.,established content base,"missing podcast series: MERGED, Need to Know, WEAPONIZED; limited witness/investigator diversity; limited document coverage; limited organization/investigation coverage; limited explicit chronology",yes,material improvement,unique investigator; unique evidence; historical context; technical analysis,missing podcast series; witness/investigator diversity; organization/investigation coverage; recognized Case coverage,Adds complementary perspective,No material redundancy identified,65,Broadens topic coverage; Deepens existing research; Adds unique evidence; Adds unique witness; Adds unique investigator; Improves chronology; Strengthens cross-series research; Fills research gap,fail,pass,not_applicable,"This episode broadens and deepens the UFO History destination topic. It is already connected to 2017 Iraq Jellyfish UAP Incident, Skinwalker Ranch; it contributes unique investigator, unique evidence, historical context; it fills gaps in missing podcast series, witness/investigator diversity, organization/investigation coverage, recognized Case coverage. Topic Coverage Score 65/100 indicates material improvement. The candidate contributes unique investigator, unique evidence, historical context; it fills missing podcast series, witness/investigator diversity, organization/investigation coverage, recognized Case coverage.",low,do_not_recommend,pending,
UFO History,WEAPONIZED,67,WEAPONIZED Episode #67 — Richard Dolan’s History of USOs,2025-weaponized-episode-67,10 existing related entities; 10 episodes across 1 podcast series; 0 recognized cases; 0 linked people; 0 documents; 0 organizations; 1 explicit years.,established content base,"missing podcast series: MERGED, Need to Know, WEAPONIZED; limited witness/investigator diversity; limited document coverage; limited organization/investigation coverage; limited explicit chronology",yes,material improvement,unique witness; unique investigator; unique evidence; historical context; primary-source discussion,missing podcast series; witness/investigator diversity; recognized Case coverage,Adds complementary perspective,No material redundancy identified,60,Broadens topic coverage; Deepens existing research; Adds unique evidence; Adds unique witness; Adds unique investigator; Improves chronology; Strengthens cross-series research; Fills research gap,fail,pass,not_applicable,"This episode broadens and deepens the UFO History destination topic. It is already connected to 2017 Iraq Jellyfish UAP Incident, Skinwalker Ranch; it contributes unique witness, unique investigator, unique evidence; it fills gaps in missing podcast series, witness/investigator diversity, recognized Case coverage. Topic Coverage Score 60/100 indicates material improvement. The candidate contributes unique witness, unique investigator, unique evidence; it fills missing podcast series, witness/investigator diversity, recognized Case coverage.",low,do_not_recommend,pending,
UFO History,WEAPONIZED,78,"WEAPONIZED Episode #78 — Sean Kirkpatrick, AARO, and UFO Politics",2025-weaponized-episode-78,10 existing related entities; 10 episodes across 1 podcast series; 0 recognized cases; 0 linked people; 0 documents; 0 organizations; 1 explicit years.,established content base,"missing podcast series: MERGED, Need to Know, WEAPONIZED; limited witness/investigator diversity; limited document coverage; limited organization/investigation coverage; limited explicit chronology",yes,material improvement,unique witness; historical context,missing podcast series; witness/investigator diversity; organization/investigation coverage; recognized Case coverage,Adds complementary perspective,No material redundancy identified,62,Broadens topic coverage; Deepens existing research; Adds unique witness; Improves chronology; Strengthens cross-series research; Fills research gap,fail,pass,not_applicable,"This episode broadens and deepens the UFO History destination topic. It is already connected to 2017 Iraq Jellyfish UAP Incident, Kona Blue Proposed UAP Program; it contributes unique witness, historical context; it fills gaps in missing podcast series, witness/investigator diversity, organization/investigation coverage, recognized Case coverage. Topic Coverage Score 62/100 indicates material improvement. The candidate contributes unique witness, historical context; it fills missing podcast series, witness/investigator diversity, organization/investigation coverage, recognized Case coverage.",low,do_not_recommend,pending,
UFO History,WEAPONIZED,80,"WEAPONIZED Episode #80 — UFOs, Nuclear Weapons, and the Wall Street Journal",2025-weaponized-episode-80,10 existing related entities; 10 episodes across 1 podcast series; 0 recognized cases; 0 linked people; 0 documents; 0 organizations; 1 explicit years.,established content base,"missing podcast series: MERGED, Need to Know, WEAPONIZED; limited witness/investigator diversity; limited document coverage; limited organization/investigation coverage; limited explicit chronology",yes,material improvement,unique witness; unique investigator; unique evidence; historical context,missing podcast series; witness/investigator diversity; organization/investigation coverage; recognized Case coverage,Adds complementary perspective,No material redundancy identified,69,Broadens topic coverage; Deepens existing research; Adds unique evidence; Adds unique witness; Adds unique investigator; Improves chronology; Strengthens cross-series research; Fills research gap,fail,pass,not_applicable,"This episode broadens and deepens the UFO History destination topic. It is already connected to 2017 Iraq Jellyfish UAP Incident, Kona Blue Proposed UAP Program; it contributes unique witness, unique investigator, unique evidence; it fills gaps in missing podcast series, witness/investigator diversity, organization/investigation coverage, recognized Case coverage. Topic Coverage Score 69/100 indicates material improvement. The candidate contributes unique witness, unique investigator, unique evidence; it fills missing podcast series, witness/investigator diversity, organization/investigation coverage, recognized Case coverage.",low,do_not_recommend,pending,
UFO History,WEAPONIZED,87,WEAPONIZED Episode #87 — Alien Bodies and Technology — The Lost Tapes of UFO Whistleblower Col. Corso,2025-weaponized-episode-87,10 existing related entities; 10 episodes across 1 podcast series; 0 recognized cases; 0 linked people; 0 documents; 0 organizations; 1 explicit years.,established content base,"missing podcast series: MERGED, Need to Know, WEAPONIZED; limited witness/investigator diversity; limited document coverage; limited organization/investigation coverage; limited explicit chronology",yes,material improvement,unique evidence; historical context; technical analysis,missing podcast series; witness/investigator diversity; document coverage; organization/investigation coverage; recognized Case coverage,Adds complementary perspective,No material redundancy identified,72,Broadens topic coverage; Deepens existing research; Adds unique evidence; Adds unique witness; Improves chronology; Strengthens cross-series research; Fills research gap,pass,pass,not_applicable,"This episode broadens and deepens the UFO History destination topic. It is already connected to 2017 Iraq Jellyfish UAP Incident, Roswell Incident; it contributes unique evidence, historical context, technical analysis; it fills gaps in missing podcast series, witness/investigator diversity, document coverage, organization/investigation coverage, recognized Case coverage. Topic Coverage Score 72/100 indicates material improvement. The candidate contributes unique evidence, historical context, technical analysis; it fills missing podcast series, witness/investigator diversity, document coverage, organization/investigation coverage, recognized Case coverage.",medium,recommend_approval,pending,
UFO History,Need to Know,70,Need to Know Episode #70 — Turn the Page,2026-need-to-know-episode-70,10 existing related entities; 10 episodes across 1 podcast series; 0 recognized cases; 0 linked people; 0 documents; 0 organizations; 1 explicit years.,established content base,"missing podcast series: MERGED, Need to Know, WEAPONIZED; limited witness/investigator diversity; limited document coverage; limited organization/investigation coverage; limited explicit chronology",uncertain,possible improvement requiring human review,unique evidence; historical context,missing podcast series; witness/investigator diversity,Adds complementary perspective,No material redundancy identified,39,Broadens topic coverage; Deepens existing research; Adds unique evidence; Adds unique witness; Improves chronology; Strengthens cross-series research; Fills research gap,fail,needs_review,not_applicable,"This episode broadens and deepens the UFO History destination topic. it contributes unique evidence, historical context; it fills gaps in missing podcast series, witness/investigator diversity. Topic Coverage Score 39/100 indicates possible improvement requiring human review. The candidate contributes unique evidence, historical context; it fills missing podcast series, witness/investigator diversity.",low,do_not_recommend,pending,
UFO History,Need to Know,71,Need to Know Episode #71 — Crash,2026-need-to-know-episode-71,10 existing related entities; 10 episodes across 1 podcast series; 0 recognized cases; 0 linked people; 0 documents; 0 organizations; 1 explicit years.,established content base,"missing podcast series: MERGED, Need to Know, WEAPONIZED; limited witness/investigator diversity; limited document coverage; limited organization/investigation coverage; limited explicit chronology",uncertain,possible improvement requiring human review,unique evidence; historical context,missing podcast series; witness/investigator diversity,Adds complementary perspective,No material redundancy identified,39,Broadens topic coverage; Deepens existing research; Adds unique evidence; Adds unique witness; Improves chronology; Strengthens cross-series research; Fills research gap,fail,needs_review,not_applicable,"This episode broadens and deepens the UFO History destination topic. it contributes unique evidence, historical context; it fills gaps in missing podcast series, witness/investigator diversity. Topic Coverage Score 39/100 indicates possible improvement requiring human review. The candidate contributes unique evidence, historical context; it fills missing podcast series, witness/investigator diversity.",low,do_not_recommend,pending,
UFO History,Need to Know,72,Need to Know Episode #72 — UFO Hail Mary,2026-need-to-know-episode-72,10 existing related entities; 10 episodes across 1 podcast series; 0 recognized cases; 0 linked people; 0 documents; 0 organizations; 1 explicit years.,established content base,"missing podcast series: MERGED, Need to Know, WEAPONIZED; limited witness/investigator diversity; limited document coverage; limited organization/investigation coverage; limited explicit chronology",uncertain,possible improvement requiring human review,unique evidence; historical context,missing podcast series; witness/investigator diversity; recognized Case coverage,Adds complementary perspective,No material redundancy identified,52,Broadens topic coverage; Deepens existing research; Adds unique evidence; Adds unique witness; Improves chronology; Strengthens cross-series research; Fills research gap,pass,needs_review,not_applicable,"This episode broadens and deepens the UFO History destination topic. It is already connected to Roswell Incident; it contributes unique evidence, historical context; it fills gaps in missing podcast series, witness/investigator diversity, recognized Case coverage. Topic Coverage Score 52/100 indicates possible improvement requiring human review. The candidate contributes unique evidence, historical context; it fills missing podcast series, witness/investigator diversity, recognized Case coverage.",medium,human_review_needed,pending,
UFO History,Need to Know,73,Need to Know Episode #73 — UFO Disclosure Plot Twist,2026-need-to-know-episode-73,10 existing related entities; 10 episodes across 1 podcast series; 0 recognized cases; 0 linked people; 0 documents; 0 organizations; 1 explicit years.,established content base,"missing podcast series: MERGED, Need to Know, WEAPONIZED; limited witness/investigator diversity; limited document coverage; limited organization/investigation coverage; limited explicit chronology",uncertain,possible improvement requiring human review,unique evidence; historical context,missing podcast series; witness/investigator diversity,Adds complementary perspective,No material redundancy identified,39,Broadens topic coverage; Deepens existing research; Adds unique evidence; Adds unique witness; Improves chronology; Strengthens cross-series research; Fills research gap,fail,needs_review,not_applicable,"This episode broadens and deepens the UFO History destination topic. it contributes unique evidence, historical context; it fills gaps in missing podcast series, witness/investigator diversity. Topic Coverage Score 39/100 indicates possible improvement requiring human review. The candidate contributes unique evidence, historical context; it fills missing podcast series, witness/investigator diversity.",low,do_not_recommend,pending,
UFO History,Need to Know,74,Need to Know Episode #74 — The Day After Disclosure Day,2026-need-to-know-episode-74,10 existing related entities; 10 episodes across 1 podcast series; 0 recognized cases; 0 linked people; 0 documents; 0 organizations; 1 explicit years.,established content base,"missing podcast series: MERGED, Need to Know, WEAPONIZED; limited witness/investigator diversity; limited document coverage; limited organization/investigation coverage; limited explicit chronology",uncertain,possible improvement requiring human review,unique evidence; historical context,missing podcast series; witness/investigator diversity,Adds complementary perspective,No material redundancy identified,39,Broadens topic coverage; Deepens existing research; Adds unique evidence; Adds unique witness; Improves chronology; Strengthens cross-series research; Fills research gap,fail,needs_review,not_applicable,"This episode broadens and deepens the UFO History destination topic. it contributes unique evidence, historical context; it fills gaps in missing podcast series, witness/investigator diversity. Topic Coverage Score 39/100 indicates possible improvement requiring human review. The candidate contributes unique evidence, historical context; it fills missing podcast series, witness/investigator diversity.",low,do_not_recommend,pending,
UFO History,Need to Know,75,Need to Know Episode #75 — Is the Tic Tac Really Lockheed Martin Technology?,2026-need-to-know-episode-75,10 existing related entities; 10 episodes across 1 podcast series; 0 recognized cases; 0 linked people; 0 documents; 0 organizations; 1 explicit years.,established content base,"missing podcast series: MERGED, Need to Know, WEAPONIZED; limited witness/investigator diversity; limited document coverage; limited organization/investigation coverage; limited explicit chronology",uncertain,possible improvement requiring human review,unique evidence; historical context,missing podcast series; witness/investigator diversity,Adds complementary perspective,No material redundancy identified,39,Broadens topic coverage; Deepens existing research; Adds unique evidence; Adds unique witness; Improves chronology; Strengthens cross-series research; Fills research gap,fail,needs_review,not_applicable,"This episode broadens and deepens the UFO History destination topic. it contributes unique evidence, historical context; it fills gaps in missing podcast series, witness/investigator diversity. Topic Coverage Score 39/100 indicates possible improvement requiring human review. The candidate contributes unique evidence, historical context; it fills missing podcast series, witness/investigator diversity.",low,do_not_recommend,pending,
UFO History,WEAPONIZED,107,"WEAPONIZED Episode #107 — Soviet UFO Programs — SETKA, Thread 3, and Nuclear Incursions",2026-weaponized-episode-107,10 existing related entities; 10 episodes across 1 podcast series; 0 recognized cases; 0 linked people; 0 documents; 0 organizations; 1 explicit years.,established content base,"missing podcast series: MERGED, Need to Know, WEAPONIZED; limited witness/investigator diversity; limited document coverage; limited organization/investigation coverage; limited explicit chronology",yes,material improvement,unique investigator; unique evidence; technical analysis; primary-source discussion,missing podcast series; witness/investigator diversity; organization/investigation coverage; chronology; recognized Case coverage,Adds complementary perspective,No material redundancy identified,78,Broadens topic coverage; Deepens existing research; Adds unique evidence; Adds unique witness; Adds unique investigator; Improves chronology; Strengthens cross-series research; Fills research gap,fail,pass,not_applicable,"This episode broadens and deepens the UFO History destination topic. It is already connected to 2017 Iraq Jellyfish UAP Incident, Nuclear Facility Uap Incidents; it contributes unique investigator, unique evidence, technical analysis; it fills gaps in missing podcast series, witness/investigator diversity, organization/investigation coverage, chronology, recognized Case coverage. Topic Coverage Score 78/100 indicates material improvement. The candidate contributes unique investigator, unique evidence, technical analysis; it fills missing podcast series, witness/investigator diversity, organization/investigation coverage, chronology, recognized Case coverage.",low,do_not_recommend,pending,
Historical UFO Cases,Somewhere in the Skies,11,"Somewhere in the Skies Episode #11 — Erica Lukes: Dugway, Skinwalker Ranch, and UFOs over Utah",2017-somewhere-in-the-skies-episode-11,10 existing related entities; 10 episodes across 1 podcast series; 0 recognized cases; 0 linked people; 0 documents; 0 organizations; 1 explicit years.,established content base,"missing podcast series: MERGED, Need to Know, WEAPONIZED; limited witness/investigator diversity; limited document coverage; limited organization/investigation coverage; limited explicit chronology; limited recognized Case entity coverage",no,little additional improvement,unique witness; unique investigator; unique evidence; historical context,,No clear complementary contribution,Primarily redundant,0,Adds unique evidence; Adds unique witness; Adds unique investigator; Improves chronology; Primarily redundant,pass,fail,fail,"This episode does not materially expand the Historical UFO Cases destination topic. it contributes unique witness, unique investigator, unique evidence; however, substantial existing coverage makes it primarily redundant. Topic Coverage Score 0/100 indicates little additional improvement. The candidate contributes unique witness, unique investigator, unique evidence; it fills no identified coverage gap.",low,do_not_recommend,pending,
Historical UFO Cases,Somewhere in the Skies,14,Somewhere in the Skies Episode #14 — Jeremy Corbell: UFOs as a Clockwork Orange,2017-somewhere-in-the-skies-episode-14,10 existing related entities; 10 episodes across 1 podcast series; 0 recognized cases; 0 linked people; 0 documents; 0 organizations; 1 explicit years.,established content base,"missing podcast series: MERGED, Need to Know, WEAPONIZED; limited witness/investigator diversity; limited document coverage; limited organization/investigation coverage; limited explicit chronology; limited recognized Case entity coverage",uncertain,possible improvement requiring human review,unique investigator; unique evidence; historical context,witness/investigator diversity; recognized Case coverage,Adds complementary perspective,No material redundancy identified,52,Broadens topic coverage; Deepens existing research; Adds unique evidence; Adds unique witness; Adds unique investigator; Improves chronology; Fills research gap,needs_review,needs_review,pass,"This episode broadens and deepens the Historical UFO Cases destination topic. It is already connected to 2017 Iraq Jellyfish UAP Incident, Skinwalker Ranch; it contributes unique investigator, unique evidence, historical context; it fills gaps in witness/investigator diversity, recognized Case coverage. Topic Coverage Score 52/100 indicates possible improvement requiring human review. The candidate contributes unique investigator, unique evidence, historical context; it fills witness/investigator diversity, recognized Case coverage.",medium,human_review_needed,pending,
Historical UFO Cases,Somewhere in the Skies,19,Somewhere in the Skies Episode #19 — Ben Mezrich: The 37th Parallel,2017-somewhere-in-the-skies-episode-19,10 existing related entities; 10 episodes across 1 podcast series; 0 recognized cases; 0 linked people; 0 documents; 0 organizations; 1 explicit years.,established content base,"missing podcast series: MERGED, Need to Know, WEAPONIZED; limited witness/investigator diversity; limited document coverage; limited organization/investigation coverage; limited explicit chronology; limited recognized Case entity coverage",no,little additional improvement,unique witness; unique investigator; unique evidence; historical context,,No clear complementary contribution,Primarily redundant,0,Adds unique evidence; Adds unique witness; Adds unique investigator; Improves chronology; Primarily redundant,pass,fail,fail,"This episode does not materially expand the Historical UFO Cases destination topic. it contributes unique witness, unique investigator, unique evidence; however, substantial existing coverage makes it primarily redundant. Topic Coverage Score 0/100 indicates little additional improvement. The candidate contributes unique witness, unique investigator, unique evidence; it fills no identified coverage gap.",low,do_not_recommend,pending,
Historical UFO Cases,Somewhere in the Skies,24,Somewhere in the Skies Episode #24 — Chris Garetano: Dark Files and the Montauk Project,2017-somewhere-in-the-skies-episode-24,10 existing related entities; 10 episodes across 1 podcast series; 0 recognized cases; 0 linked people; 0 documents; 0 organizations; 1 explicit years.,established content base,"missing podcast series: MERGED, Need to Know, WEAPONIZED; limited witness/investigator diversity; limited document coverage; limited organization/investigation coverage; limited explicit chronology; limited recognized Case entity coverage",no,little additional improvement,unique witness; unique investigator; unique evidence; historical context,,No clear complementary contribution,Primarily redundant,0,Adds unique evidence; Adds unique witness; Adds unique investigator; Improves chronology; Primarily redundant,pass,fail,fail,"This episode does not materially expand the Historical UFO Cases destination topic. it contributes unique witness, unique investigator, unique evidence; however, substantial existing coverage makes it primarily redundant. Topic Coverage Score 0/100 indicates little additional improvement. The candidate contributes unique witness, unique investigator, unique evidence; it fills no identified coverage gap.",low,do_not_recommend,pending,
Historical UFO Cases,Somewhere in the Skies,25,Somewhere in the Skies Episode #25 — Seth Breedlove: Invasion on Chestnut Ridge,2017-somewhere-in-the-skies-episode-25,10 existing related entities; 10 episodes across 1 podcast series; 0 recognized cases; 0 linked people; 0 documents; 0 organizations; 1 explicit years.,established content base,"missing podcast series: MERGED, Need to Know, WEAPONIZED; limited witness/investigator diversity; limited document coverage; limited organization/investigation coverage; limited explicit chronology; limited recognized Case entity coverage",no,little additional improvement,unique witness; unique investigator; unique evidence; historical context,,No clear complementary contribution,Primarily redundant,0,Adds unique evidence; Adds unique witness; Adds unique investigator; Improves chronology; Primarily redundant,pass,fail,fail,"This episode does not materially expand the Historical UFO Cases destination topic. it contributes unique witness, unique investigator, unique evidence; however, substantial existing coverage makes it primarily redundant. Topic Coverage Score 0/100 indicates little additional improvement. The candidate contributes unique witness, unique investigator, unique evidence; it fills no identified coverage gap.",low,do_not_recommend,pending,
Historical UFO Cases,Somewhere in the Skies,30,Somewhere in the Skies Episode #30 — The Andreasson Abduction,2017-somewhere-in-the-skies-episode-30,10 existing related entities; 10 episodes across 1 podcast series; 0 recognized cases; 0 linked people; 0 documents; 0 organizations; 1 explicit years.,established content base,"missing podcast series: MERGED, Need to Know, WEAPONIZED; limited witness/investigator diversity; limited document coverage; limited organization/investigation coverage; limited explicit chronology; limited recognized Case entity coverage",no,little additional improvement,unique witness; unique investigator; unique evidence; historical context,,No clear complementary contribution,Primarily redundant,0,Adds unique evidence; Adds unique witness; Adds unique investigator; Improves chronology; Primarily redundant,pass,fail,fail,"This episode does not materially expand the Historical UFO Cases destination topic. it contributes unique witness, unique investigator, unique evidence; however, substantial existing coverage makes it primarily redundant. Topic Coverage Score 0/100 indicates little additional improvement. The candidate contributes unique witness, unique investigator, unique evidence; it fills no identified coverage gap.",low,do_not_recommend,pending,
Historical UFO Cases,Somewhere in the Skies,7,Somewhere in the Skies Episode #7 — Nick Redfern: The Roswell UFO Conspiracy,2017-somewhere-in-the-skies-episode-7,10 existing related entities; 10 episodes across 1 podcast series; 0 recognized cases; 0 linked people; 0 documents; 0 organizations; 1 explicit years.,established content base,"missing podcast series: MERGED, Need to Know, WEAPONIZED; limited witness/investigator diversity; limited document coverage; limited organization/investigation coverage; limited explicit chronology; limited recognized Case entity coverage",no,little additional improvement,unique witness; unique investigator; unique evidence; historical context,,No clear complementary contribution,Primarily redundant,0,Adds unique evidence; Adds unique witness; Adds unique investigator; Improves chronology; Primarily redundant,pass,fail,fail,"This episode does not materially expand the Historical UFO Cases destination topic. it contributes unique witness, unique investigator, unique evidence; however, substantial existing coverage makes it primarily redundant. Topic Coverage Score 0/100 indicates little additional improvement. The candidate contributes unique witness, unique investigator, unique evidence; it fills no identified coverage gap.",low,do_not_recommend,pending,
Historical UFO Cases,Somewhere in the Skies,8,Somewhere in the Skies Episode #8 — Jane Kyle: UFOs Over Texas,2017-somewhere-in-the-skies-episode-8,10 existing related entities; 10 episodes across 1 podcast series; 0 recognized cases; 0 linked people; 0 documents; 0 organizations; 1 explicit years.,established content base,"missing podcast series: MERGED, Need to Know, WEAPONIZED; limited witness/investigator diversity; limited document coverage; limited organization/investigation coverage; limited explicit chronology; limited recognized Case entity coverage",no,little additional improvement,unique witness; unique investigator; unique evidence; historical context,,No clear complementary contribution,Primarily redundant,0,Adds unique evidence; Adds unique witness; Adds unique investigator; Improves chronology; Primarily redundant,pass,fail,fail,"This episode does not materially expand the Historical UFO Cases destination topic. it contributes unique witness, unique investigator, unique evidence; however, substantial existing coverage makes it primarily redundant. Topic Coverage Score 0/100 indicates little additional improvement. The candidate contributes unique witness, unique investigator, unique evidence; it fills no identified coverage gap.",low,do_not_recommend,pending,
Historical UFO Cases,Need to Know,17,Need to Know Episode #17 — Beyond Nimitz,2022-need-to-know-episode-17,10 existing related entities; 10 episodes across 1 podcast series; 0 recognized cases; 0 linked people; 0 documents; 0 organizations; 1 explicit years.,established content base,"missing podcast series: MERGED, Need to Know, WEAPONIZED; limited witness/investigator diversity; limited document coverage; limited organization/investigation coverage; limited explicit chronology; limited recognized Case entity coverage",yes,material improvement,unique witness; unique evidence; historical context; primary-source discussion,missing podcast series; witness/investigator diversity; chronology; recognized Case coverage,Adds complementary perspective,No material redundancy identified,72,Broadens topic coverage; Deepens existing research; Adds unique evidence; Adds unique witness; Improves chronology; Strengthens cross-series research; Fills research gap,pass,pass,pass,"This episode broadens and deepens the Historical UFO Cases destination topic. It is already connected to 2004 Nimitz Encounter; it contributes unique witness, unique evidence, historical context; it fills gaps in missing podcast series, witness/investigator diversity, chronology, recognized Case coverage. Topic Coverage Score 72/100 indicates material improvement. The candidate contributes unique witness, unique evidence, historical context; it fills missing podcast series, witness/investigator diversity, chronology, recognized Case coverage.",high,recommend_approval,pending,
Historical UFO Cases,Need to Know,18,Need to Know Episode #18 — Real Change Ahead?,2022-need-to-know-episode-18,10 existing related entities; 10 episodes across 1 podcast series; 0 recognized cases; 0 linked people; 0 documents; 0 organizations; 1 explicit years.,established content base,"missing podcast series: MERGED, Need to Know, WEAPONIZED; limited witness/investigator diversity; limited document coverage; limited organization/investigation coverage; limited explicit chronology; limited recognized Case entity coverage",yes,material improvement,unique investigator; unique evidence; primary-source discussion,missing podcast series; witness/investigator diversity; document coverage; organization/investigation coverage; recognized Case coverage,Adds complementary perspective,No material redundancy identified,80,Broadens topic coverage; Deepens existing research; Adds unique evidence; Adds unique witness; Adds unique investigator; Strengthens cross-series research; Fills research gap,pass,pass,pass,"This episode broadens and deepens the Historical UFO Cases destination topic. It is already connected to Kona Blue Proposed UAP Program; it contributes unique investigator, unique evidence, primary-source discussion; it fills gaps in missing podcast series, witness/investigator diversity, document coverage, organization/investigation coverage, recognized Case coverage. Topic Coverage Score 80/100 indicates material improvement. The candidate contributes unique investigator, unique evidence, primary-source discussion; it fills missing podcast series, witness/investigator diversity, document coverage, organization/investigation coverage, recognized Case coverage.",high,recommend_approval,pending,
Historical UFO Cases,Need to Know,20,Need to Know Episode #20 — 7NEWS Spotlight Special Edition,2022-need-to-know-episode-20,10 existing related entities; 10 episodes across 1 podcast series; 0 recognized cases; 0 linked people; 0 documents; 0 organizations; 1 explicit years.,established content base,"missing podcast series: MERGED, Need to Know, WEAPONIZED; limited witness/investigator diversity; limited document coverage; limited organization/investigation coverage; limited explicit chronology; limited recognized Case entity coverage",yes,material improvement,unique witness; unique investigator,missing podcast series; witness/investigator diversity; chronology; recognized Case coverage,Adds complementary perspective,No material redundancy identified,83,Broadens topic coverage; Deepens existing research; Adds unique witness; Adds unique investigator; Improves chronology; Strengthens cross-series research; Fills research gap,pass,pass,pass,"This episode broadens and deepens the Historical UFO Cases destination topic. It is already connected to 2004 Nimitz Encounter, 2014–2015 East Coast Navy Encounters; it contributes unique witness, unique investigator; it fills gaps in missing podcast series, witness/investigator diversity, chronology, recognized Case coverage. Topic Coverage Score 83/100 indicates material improvement. The candidate contributes unique witness, unique investigator; it fills missing podcast series, witness/investigator diversity, chronology, recognized Case coverage.",high,recommend_approval,pending,
Historical UFO Cases,Need to Know,24,Need to Know Episode #24 — Late UAP Report!,2022-need-to-know-episode-24,10 existing related entities; 10 episodes across 1 podcast series; 0 recognized cases; 0 linked people; 0 documents; 0 organizations; 1 explicit years.,established content base,"missing podcast series: MERGED, Need to Know, WEAPONIZED; limited witness/investigator diversity; limited document coverage; limited organization/investigation coverage; limited explicit chronology; limited recognized Case entity coverage",yes,material improvement,unique evidence; historical context,missing podcast series; witness/investigator diversity; organization/investigation coverage; recognized Case coverage,Adds complementary perspective,No material redundancy identified,70,Broadens topic coverage; Deepens existing research; Adds unique evidence; Adds unique witness; Improves chronology; Strengthens cross-series research; Fills research gap,fail,pass,pass,"This episode broadens and deepens the Historical UFO Cases destination topic. It is already connected to Kona Blue Proposed UAP Program; it contributes unique evidence, historical context; it fills gaps in missing podcast series, witness/investigator diversity, organization/investigation coverage, recognized Case coverage. Topic Coverage Score 70/100 indicates material improvement. The candidate contributes unique evidence, historical context; it fills missing podcast series, witness/investigator diversity, organization/investigation coverage, recognized Case coverage.",low,do_not_recommend,pending,
Historical UFO Cases,Need to Know,5,Need to Know Episode #5 — Roswell and Beyond,2022-need-to-know-episode-5,10 existing related entities; 10 episodes across 1 podcast series; 0 recognized cases; 0 linked people; 0 documents; 0 organizations; 1 explicit years.,established content base,"missing podcast series: MERGED, Need to Know, WEAPONIZED; limited witness/investigator diversity; limited document coverage; limited organization/investigation coverage; limited explicit chronology; limited recognized Case entity coverage",yes,material improvement,unique investigator; unique evidence; historical context; technical analysis,missing podcast series; witness/investigator diversity; chronology; recognized Case coverage,Adds complementary perspective,No material redundancy identified,77,Broadens topic coverage; Deepens existing research; Adds unique evidence; Adds unique witness; Adds unique investigator; Improves chronology; Strengthens cross-series research; Fills research gap,pass,pass,pass,"This episode broadens and deepens the Historical UFO Cases destination topic. It is already connected to 1946 Scandinavian Ghost Rocket Reports, Roswell Incident; it contributes unique investigator, unique evidence, historical context; it fills gaps in missing podcast series, witness/investigator diversity, chronology, recognized Case coverage. Topic Coverage Score 77/100 indicates material improvement. The candidate contributes unique investigator, unique evidence, historical context; it fills missing podcast series, witness/investigator diversity, chronology, recognized Case coverage.",high,recommend_approval,pending,
Historical UFO Cases,Need to Know,7,Need to Know Episode #7 — Air Force Versus Navy,2022-need-to-know-episode-7,10 existing related entities; 10 episodes across 1 podcast series; 0 recognized cases; 0 linked people; 0 documents; 0 organizations; 1 explicit years.,established content base,"missing podcast series: MERGED, Need to Know, WEAPONIZED; limited witness/investigator diversity; limited document coverage; limited organization/investigation coverage; limited explicit chronology; limited recognized Case entity coverage",yes,material improvement,unique evidence,missing podcast series; witness/investigator diversity; organization/investigation coverage; recognized Case coverage,Adds complementary perspective,No material redundancy identified,67,Broadens topic coverage; Deepens existing research; Adds unique evidence; Adds unique witness; Strengthens cross-series research; Fills research gap,fail,pass,pass,"This episode broadens and deepens the Historical UFO Cases destination topic. It is already connected to 2004 Nimitz Encounter, 2014–2015 East Coast Navy Encounters; it contributes unique evidence; it fills gaps in missing podcast series, witness/investigator diversity, organization/investigation coverage, recognized Case coverage. Topic Coverage Score 67/100 indicates material improvement. The candidate contributes unique evidence; it fills missing podcast series, witness/investigator diversity, organization/investigation coverage, recognized Case coverage.",low,do_not_recommend,pending,
Historical UFO Cases,MERGED,1,MERGED Episode #1 — Interview with Dr. Garry Nolan,2023-merged-episode-1,10 existing related entities; 10 episodes across 1 podcast series; 0 recognized cases; 0 linked people; 0 documents; 0 organizations; 1 explicit years.,established content base,"missing podcast series: MERGED, Need to Know, WEAPONIZED; limited witness/investigator diversity; limited document coverage; limited organization/investigation coverage; limited explicit chronology; limited recognized Case entity coverage",yes,material improvement,unique investigator; unique evidence; historical context; technical analysis,missing podcast series; witness/investigator diversity; organization/investigation coverage; chronology; recognized Case coverage,Adds complementary perspective,No material redundancy identified,82,Broadens topic coverage; Deepens existing research; Adds unique evidence; Adds unique witness; Adds unique investigator; Improves chronology; Strengthens cross-series research; Fills research gap,pass,pass,pass,"This episode broadens and deepens the Historical UFO Cases destination topic. It is already connected to 2014–2015 East Coast Navy Encounters; it contributes unique investigator, unique evidence, historical context; it fills gaps in missing podcast series, witness/investigator diversity, organization/investigation coverage, chronology, recognized Case coverage. Topic Coverage Score 82/100 indicates material improvement. The candidate contributes unique investigator, unique evidence, historical context; it fills missing podcast series, witness/investigator diversity, organization/investigation coverage, chronology, recognized Case coverage.",high,recommend_approval,pending,
Historical UFO Cases,MERGED,10,MERGED Episode #10 — Looking to the Sky for Extraordinary Evidence of UAP,2023-merged-episode-10,10 existing related entities; 10 episodes across 1 podcast series; 0 recognized cases; 0 linked people; 0 documents; 0 organizations; 1 explicit years.,established content base,"missing podcast series: MERGED, Need to Know, WEAPONIZED; limited witness/investigator diversity; limited document coverage; limited organization/investigation coverage; limited explicit chronology; limited recognized Case entity coverage",yes,material improvement,unique investigator; unique evidence; technical analysis,missing podcast series; witness/investigator diversity; organization/investigation coverage; recognized Case coverage,Adds complementary perspective,No material redundancy identified,67,Broadens topic coverage; Deepens existing research; Adds unique evidence; Adds unique witness; Adds unique investigator; Strengthens cross-series research; Fills research gap,pass,pass,pass,"This episode broadens and deepens the Historical UFO Cases destination topic. It is already connected to 2014–2015 East Coast Navy Encounters; it contributes unique investigator, unique evidence, technical analysis; it fills gaps in missing podcast series, witness/investigator diversity, organization/investigation coverage, recognized Case coverage. Topic Coverage Score 67/100 indicates material improvement. The candidate contributes unique investigator, unique evidence, technical analysis; it fills missing podcast series, witness/investigator diversity, organization/investigation coverage, recognized Case coverage.",high,recommend_approval,pending,
Historical UFO Cases,MERGED,11,MERGED Episode #11 — Beyond the Stigma: A UAP Call to Action,2023-merged-episode-11,10 existing related entities; 10 episodes across 1 podcast series; 0 recognized cases; 0 linked people; 0 documents; 0 organizations; 1 explicit years.,established content base,"missing podcast series: MERGED, Need to Know, WEAPONIZED; limited witness/investigator diversity; limited document coverage; limited organization/investigation coverage; limited explicit chronology; limited recognized Case entity coverage",yes,material improvement,unique investigator; unique evidence,missing podcast series; witness/investigator diversity; chronology; recognized Case coverage,Adds complementary perspective,No material redundancy identified,67,Broadens topic coverage; Deepens existing research; Adds unique evidence; Adds unique witness; Adds unique investigator; Improves chronology; Strengthens cross-series research; Fills research gap,pass,pass,pass,"This episode broadens and deepens the Historical UFO Cases destination topic. It is already connected to 2004 Nimitz Encounter, 2014–2015 East Coast Navy Encounters; it contributes unique investigator, unique evidence; it fills gaps in missing podcast series, witness/investigator diversity, chronology, recognized Case coverage. Topic Coverage Score 67/100 indicates material improvement. The candidate contributes unique investigator, unique evidence; it fills missing podcast series, witness/investigator diversity, chronology, recognized Case coverage.",high,recommend_approval,pending,
Historical UFO Cases,MERGED,12,MERGED Episode #12 — A New Era of Aviation Safety,2023-merged-episode-12,10 existing related entities; 10 episodes across 1 podcast series; 0 recognized cases; 0 linked people; 0 documents; 0 organizations; 1 explicit years.,established content base,"missing podcast series: MERGED, Need to Know, WEAPONIZED; limited witness/investigator diversity; limited document coverage; limited organization/investigation coverage; limited explicit chronology; limited recognized Case entity coverage",yes,material improvement,unique investigator; unique evidence; technical analysis,missing podcast series; witness/investigator diversity; recognized Case coverage,Adds complementary perspective,No material redundancy identified,61,Broadens topic coverage; Deepens existing research; Adds unique evidence; Adds unique witness; Adds unique investigator; Strengthens cross-series research; Fills research gap,pass,pass,pass,"This episode broadens and deepens the Historical UFO Cases destination topic. It is already connected to 2014–2015 East Coast Navy Encounters; it contributes unique investigator, unique evidence, technical analysis; it fills gaps in missing podcast series, witness/investigator diversity, recognized Case coverage. Topic Coverage Score 61/100 indicates material improvement. The candidate contributes unique investigator, unique evidence, technical analysis; it fills missing podcast series, witness/investigator diversity, recognized Case coverage.",high,recommend_approval,pending,
Historical UFO Cases,MERGED,13,MERGED Episode #13 — An Open-Minded Scientific Approach to UAP,2023-merged-episode-13,10 existing related entities; 10 episodes across 1 podcast series; 0 recognized cases; 0 linked people; 0 documents; 0 organizations; 1 explicit years.,established content base,"missing podcast series: MERGED, Need to Know, WEAPONIZED; limited witness/investigator diversity; limited document coverage; limited organization/investigation coverage; limited explicit chronology; limited recognized Case entity coverage",yes,material improvement,unique investigator; technical analysis,missing podcast series; witness/investigator diversity; recognized Case coverage,Adds complementary perspective,No material redundancy identified,58,Broadens topic coverage; Deepens existing research; Adds unique witness; Adds unique investigator; Strengthens cross-series research; Fills research gap,pass,pass,pass,"This episode broadens and deepens the Historical UFO Cases destination topic. It is already connected to 2014–2015 East Coast Navy Encounters; it contributes unique investigator, technical analysis; it fills gaps in missing podcast series, witness/investigator diversity, recognized Case coverage. Topic Coverage Score 58/100 indicates material improvement. The candidate contributes unique investigator, technical analysis; it fills missing podcast series, witness/investigator diversity, recognized Case coverage.",high,recommend_approval,pending,
Historical UFO Cases,MERGED,14,MERGED Episode #14 — Pilots & Witnesses: Systematic UAP Reporting for Pilots,2023-merged-episode-14,10 existing related entities; 10 episodes across 1 podcast series; 0 recognized cases; 0 linked people; 0 documents; 0 organizations; 1 explicit years.,established content base,"missing podcast series: MERGED, Need to Know, WEAPONIZED; limited witness/investigator diversity; limited document coverage; limited organization/investigation coverage; limited explicit chronology; limited recognized Case entity coverage",yes,material improvement,unique witness; unique evidence; primary-source discussion,missing podcast series; witness/investigator diversity; chronology; recognized Case coverage,Adds complementary perspective,No material redundancy identified,70,Broadens topic coverage; Deepens existing research; Adds unique evidence; Adds unique witness; Improves chronology; Strengthens cross-series research; Fills research gap,pass,pass,pass,"This episode broadens and deepens the Historical UFO Cases destination topic. It is already connected to 2004 Nimitz Encounter, 2014–2015 East Coast Navy Encounters; it contributes unique witness, unique evidence, primary-source discussion; it fills gaps in missing podcast series, witness/investigator diversity, chronology, recognized Case coverage. Topic Coverage Score 70/100 indicates material improvement. The candidate contributes unique witness, unique evidence, primary-source discussion; it fills missing podcast series, witness/investigator diversity, chronology, recognized Case coverage.",high,recommend_approval,pending,
Historical UFO Cases,MERGED,15,MERGED Episode #15 — The Sounds of the Sky: The Galileo Project’s Search for UAP,2023-merged-episode-15,10 existing related entities; 10 episodes across 1 podcast series; 0 recognized cases; 0 linked people; 0 documents; 0 organizations; 1 explicit years.,established content base,"missing podcast series: MERGED, Need to Know, WEAPONIZED; limited witness/investigator diversity; limited document coverage; limited organization/investigation coverage; limited explicit chronology; limited recognized Case entity coverage",yes,material improvement,unique investigator; unique evidence; technical analysis,missing podcast series; witness/investigator diversity; organization/investigation coverage; recognized Case coverage,Adds complementary perspective,No material redundancy identified,67,Broadens topic coverage; Deepens existing research; Adds unique evidence; Adds unique witness; Adds unique investigator; Strengthens cross-series research; Fills research gap,pass,pass,pass,"This episode broadens and deepens the Historical UFO Cases destination topic. It is already connected to 2014–2015 East Coast Navy Encounters; it contributes unique investigator, unique evidence, technical analysis; it fills gaps in missing podcast series, witness/investigator diversity, organization/investigation coverage, recognized Case coverage. Topic Coverage Score 67/100 indicates material improvement. The candidate contributes unique investigator, unique evidence, technical analysis; it fills missing podcast series, witness/investigator diversity, organization/investigation coverage, recognized Case coverage.",high,recommend_approval,pending,
Historical UFO Cases,MERGED,16,MERGED Episode #16 — Navigating the Deep: Searching for Undersea UAP,2023-merged-episode-16,10 existing related entities; 10 episodes across 1 podcast series; 0 recognized cases; 0 linked people; 0 documents; 0 organizations; 1 explicit years.,established content base,"missing podcast series: MERGED, Need to Know, WEAPONIZED; limited witness/investigator diversity; limited document coverage; limited organization/investigation coverage; limited explicit chronology; limited recognized Case entity coverage",yes,material improvement,unique investigator; unique evidence; technical analysis,missing podcast series; witness/investigator diversity; recognized Case coverage,Adds complementary perspective,No material redundancy identified,61,Broadens topic coverage; Deepens existing research; Adds unique evidence; Adds unique witness; Adds unique investigator; Strengthens cross-series research; Fills research gap,pass,pass,pass,"This episode broadens and deepens the Historical UFO Cases destination topic. It is already connected to 2014–2015 East Coast Navy Encounters; it contributes unique investigator, unique evidence, technical analysis; it fills gaps in missing podcast series, witness/investigator diversity, recognized Case coverage. Topic Coverage Score 61/100 indicates material improvement. The candidate contributes unique investigator, unique evidence, technical analysis; it fills missing podcast series, witness/investigator diversity, recognized Case coverage.",high,recommend_approval,pending,
Historical UFO Cases,MERGED,17,MERGED Episode #17 — Asking Difficult Questions: Congressional Accountability on UAP,2023-merged-episode-17,10 existing related entities; 10 episodes across 1 podcast series; 0 recognized cases; 0 linked people; 0 documents; 0 organizations; 1 explicit years.,established content base,"missing podcast series: MERGED, Need to Know, WEAPONIZED; limited witness/investigator diversity; limited document coverage; limited organization/investigation coverage; limited explicit chronology; limited recognized Case entity coverage",yes,material improvement,unique witness; unique evidence,missing podcast series; witness/investigator diversity; chronology; recognized Case coverage,Adds complementary perspective,No material redundancy identified,64,Broadens topic coverage; Deepens existing research; Adds unique evidence; Adds unique witness; Improves chronology; Strengthens cross-series research; Fills research gap,fail,pass,pass,"This episode broadens and deepens the Historical UFO Cases destination topic. It is already connected to 2014–2015 East Coast Navy Encounters; it contributes unique witness, unique evidence; it fills gaps in missing podcast series, witness/investigator diversity, chronology, recognized Case coverage. Topic Coverage Score 64/100 indicates material improvement. The candidate contributes unique witness, unique evidence; it fills missing podcast series, witness/investigator diversity, chronology, recognized Case coverage.",low,do_not_recommend,pending,
Historical UFO Cases,MERGED,18,MERGED Episode #18 — UAP Research or SETI: Who Finds NHI First?,2023-merged-episode-18,10 existing related entities; 10 episodes across 1 podcast series; 0 recognized cases; 0 linked people; 0 documents; 0 organizations; 1 explicit years.,established content base,"missing podcast series: MERGED, Need to Know, WEAPONIZED; limited witness/investigator diversity; limited document coverage; limited organization/investigation coverage; limited explicit chronology; limited recognized Case entity coverage",yes,material improvement,unique investigator; technical analysis,missing podcast series; witness/investigator diversity; organization/investigation coverage; recognized Case coverage,Adds complementary perspective,No material redundancy identified,64,Broadens topic coverage; Deepens existing research; Adds unique witness; Adds unique investigator; Strengthens cross-series research; Fills research gap,pass,pass,pass,"This episode broadens and deepens the Historical UFO Cases destination topic. It is already connected to 2014–2015 East Coast Navy Encounters; it contributes unique investigator, technical analysis; it fills gaps in missing podcast series, witness/investigator diversity, organization/investigation coverage, recognized Case coverage. Topic Coverage Score 64/100 indicates material improvement. The candidate contributes unique investigator, technical analysis; it fills missing podcast series, witness/investigator diversity, organization/investigation coverage, recognized Case coverage.",high,recommend_approval,pending,
Historical UFO Cases,MERGED,19,MERGED Episode #19 — Vandenberg “Red Square” Witness Speaks for First Time,2023-merged-episode-19,10 existing related entities; 10 episodes across 1 podcast series; 0 recognized cases; 0 linked people; 0 documents; 0 organizations; 1 explicit years.,established content base,"missing podcast series: MERGED, Need to Know, WEAPONIZED; limited witness/investigator diversity; limited document coverage; limited organization/investigation coverage; limited explicit chronology; limited recognized Case entity coverage",yes,material improvement,unique witness; unique evidence,missing podcast series; witness/investigator diversity; organization/investigation coverage; chronology; recognized Case coverage,Adds complementary perspective,No material redundancy identified,73,Broadens topic coverage; Deepens existing research; Adds unique evidence; Adds unique witness; Improves chronology; Strengthens cross-series research; Fills research gap,pass,pass,pass,"This episode broadens and deepens the Historical UFO Cases destination topic. It is already connected to 2014–2015 East Coast Navy Encounters, Kona Blue Proposed UAP Program; it contributes unique witness, unique evidence; it fills gaps in missing podcast series, witness/investigator diversity, organization/investigation coverage, chronology, recognized Case coverage. Topic Coverage Score 73/100 indicates material improvement. The candidate contributes unique witness, unique evidence; it fills missing podcast series, witness/investigator diversity, organization/investigation coverage, chronology, recognized Case coverage.",high,recommend_approval,pending,
Historical UFO Cases,MERGED,2,MERGED Episode #2 — Pilot’s Shocking UAP Sightings & What This Means For Aviation,2023-merged-episode-2,10 existing related entities; 10 episodes across 1 podcast series; 0 recognized cases; 0 linked people; 0 documents; 0 organizations; 1 explicit years.,established content base,"missing podcast series: MERGED, Need to Know, WEAPONIZED; limited witness/investigator diversity; limited document coverage; limited organization/investigation coverage; limited explicit chronology; limited recognized Case entity coverage",yes,material improvement,unique witness; unique evidence; technical analysis; primary-source discussion,missing podcast series; witness/investigator diversity; recognized Case coverage,Adds complementary perspective,No material redundancy identified,64,Broadens topic coverage; Deepens existing research; Adds unique evidence; Adds unique witness; Strengthens cross-series research; Fills research gap,fail,pass,pass,"This episode broadens and deepens the Historical UFO Cases destination topic. It is already connected to 2014–2015 East Coast Navy Encounters; it contributes unique witness, unique evidence, technical analysis; it fills gaps in missing podcast series, witness/investigator diversity, recognized Case coverage. Topic Coverage Score 64/100 indicates material improvement. The candidate contributes unique witness, unique evidence, technical analysis; it fills missing podcast series, witness/investigator diversity, recognized Case coverage.",low,do_not_recommend,pending,
Historical UFO Cases,MERGED,3,MERGED Episode #3 — Unbreakable Resilience: How I Survived a Supersonic Jet Crash,2023-merged-episode-3,10 existing related entities; 10 episodes across 1 podcast series; 0 recognized cases; 0 linked people; 0 documents; 0 organizations; 1 explicit years.,established content base,"missing podcast series: MERGED, Need to Know, WEAPONIZED; limited witness/investigator diversity; limited document coverage; limited organization/investigation coverage; limited explicit chronology; limited recognized Case entity coverage",uncertain,possible improvement requiring human review,,missing podcast series; witness/investigator diversity; recognized Case coverage,Adds complementary perspective,No material redundancy identified,47,Broadens topic coverage; Deepens existing research; Adds unique witness; Strengthens cross-series research; Fills research gap,fail,needs_review,pass,"This episode broadens and deepens the Historical UFO Cases destination topic. It is already connected to 2014–2015 East Coast Navy Encounters; it fills gaps in missing podcast series, witness/investigator diversity, recognized Case coverage. Topic Coverage Score 47/100 indicates possible improvement requiring human review. The candidate contributes no clearly machine-identifiable unique contribution; it fills missing podcast series, witness/investigator diversity, recognized Case coverage.",low,do_not_recommend,pending,
Historical UFO Cases,MERGED,4,MERGED Episode #4 — Pilot Breaks the Silence on UAP Encounters,2023-merged-episode-4,10 existing related entities; 10 episodes across 1 podcast series; 0 recognized cases; 0 linked people; 0 documents; 0 organizations; 1 explicit years.,established content base,"missing podcast series: MERGED, Need to Know, WEAPONIZED; limited witness/investigator diversity; limited document coverage; limited organization/investigation coverage; limited explicit chronology; limited recognized Case entity coverage",yes,material improvement,unique evidence,missing podcast series; witness/investigator diversity; recognized Case coverage,Adds complementary perspective,No material redundancy identified,55,Broadens topic coverage; Deepens existing research; Adds unique evidence; Adds unique witness; Strengthens cross-series research; Fills research gap,pass,pass,pass,"This episode broadens and deepens the Historical UFO Cases destination topic. It is already connected to 2014–2015 East Coast Navy Encounters; it contributes unique evidence; it fills gaps in missing podcast series, witness/investigator diversity, recognized Case coverage. Topic Coverage Score 55/100 indicates material improvement. The candidate contributes unique evidence; it fills missing podcast series, witness/investigator diversity, recognized Case coverage.",high,recommend_approval,pending,
Historical UFO Cases,MERGED,5,MERGED Episode #5 — Decoding UAP Sightings: Insights from a 747 Pilot,2023-merged-episode-5,10 existing related entities; 10 episodes across 1 podcast series; 0 recognized cases; 0 linked people; 0 documents; 0 organizations; 1 explicit years.,established content base,"missing podcast series: MERGED, Need to Know, WEAPONIZED; limited witness/investigator diversity; limited document coverage; limited organization/investigation coverage; limited explicit chronology; limited recognized Case entity coverage",yes,material improvement,unique investigator; unique evidence; technical analysis,missing podcast series; witness/investigator diversity; recognized Case coverage,Adds complementary perspective,No material redundancy identified,61,Broadens topic coverage; Deepens existing research; Adds unique evidence; Adds unique witness; Adds unique investigator; Strengthens cross-series research; Fills research gap,pass,pass,pass,"This episode broadens and deepens the Historical UFO Cases destination topic. It is already connected to 2014–2015 East Coast Navy Encounters; it contributes unique investigator, unique evidence, technical analysis; it fills gaps in missing podcast series, witness/investigator diversity, recognized Case coverage. Topic Coverage Score 61/100 indicates material improvement. The candidate contributes unique investigator, unique evidence, technical analysis; it fills missing podcast series, witness/investigator diversity, recognized Case coverage.",high,recommend_approval,pending,
Historical UFO Cases,MERGED,6,MERGED Episode #6 — Researching UAP in the Galileo Project,2023-merged-episode-6,10 existing related entities; 10 episodes across 1 podcast series; 0 recognized cases; 0 linked people; 0 documents; 0 organizations; 1 explicit years.,established content base,"missing podcast series: MERGED, Need to Know, WEAPONIZED; limited witness/investigator diversity; limited document coverage; limited organization/investigation coverage; limited explicit chronology; limited recognized Case entity coverage",yes,material improvement,unique investigator; technical analysis,missing podcast series; witness/investigator diversity; organization/investigation coverage; recognized Case coverage,Adds complementary perspective,No material redundancy identified,64,Broadens topic coverage; Deepens existing research; Adds unique witness; Adds unique investigator; Strengthens cross-series research; Fills research gap,pass,pass,pass,"This episode broadens and deepens the Historical UFO Cases destination topic. It is already connected to 2014–2015 East Coast Navy Encounters; it contributes unique investigator, technical analysis; it fills gaps in missing podcast series, witness/investigator diversity, organization/investigation coverage, recognized Case coverage. Topic Coverage Score 64/100 indicates material improvement. The candidate contributes unique investigator, technical analysis; it fills missing podcast series, witness/investigator diversity, organization/investigation coverage, recognized Case coverage.",high,recommend_approval,pending,
Historical UFO Cases,MERGED,7,"MERGED Episode #7 — Exploring Theories of UAP, Consciousness, and Physics",2023-merged-episode-7,10 existing related entities; 10 episodes across 1 podcast series; 0 recognized cases; 0 linked people; 0 documents; 0 organizations; 1 explicit years.,established content base,"missing podcast series: MERGED, Need to Know, WEAPONIZED; limited witness/investigator diversity; limited document coverage; limited organization/investigation coverage; limited explicit chronology; limited recognized Case entity coverage",yes,material improvement,unique investigator; technical analysis,missing podcast series; witness/investigator diversity; recognized Case coverage,Adds complementary perspective,No material redundancy identified,58,Broadens topic coverage; Deepens existing research; Adds unique witness; Adds unique investigator; Strengthens cross-series research; Fills research gap,pass,pass,pass,"This episode broadens and deepens the Historical UFO Cases destination topic. It is already connected to 2014–2015 East Coast Navy Encounters; it contributes unique investigator, technical analysis; it fills gaps in missing podcast series, witness/investigator diversity, recognized Case coverage. Topic Coverage Score 58/100 indicates material improvement. The candidate contributes unique investigator, technical analysis; it fills missing podcast series, witness/investigator diversity, recognized Case coverage.",high,recommend_approval,pending,
Historical UFO Cases,MERGED,8,MERGED Episode #8 — Where the Search for Dark Matter and UAP Meet,2023-merged-episode-8,10 existing related entities; 10 episodes across 1 podcast series; 0 recognized cases; 0 linked people; 0 documents; 0 organizations; 1 explicit years.,established content base,"missing podcast series: MERGED, Need to Know, WEAPONIZED; limited witness/investigator diversity; limited document coverage; limited organization/investigation coverage; limited explicit chronology; limited recognized Case entity coverage",yes,material improvement,unique investigator; technical analysis,missing podcast series; witness/investigator diversity; recognized Case coverage,Adds complementary perspective,No material redundancy identified,58,Broadens topic coverage; Deepens existing research; Adds unique witness; Adds unique investigator; Strengthens cross-series research; Fills research gap,pass,pass,pass,"This episode broadens and deepens the Historical UFO Cases destination topic. It is already connected to 2014–2015 East Coast Navy Encounters; it contributes unique investigator, technical analysis; it fills gaps in missing podcast series, witness/investigator diversity, recognized Case coverage. Topic Coverage Score 58/100 indicates material improvement. The candidate contributes unique investigator, technical analysis; it fills missing podcast series, witness/investigator diversity, recognized Case coverage.",high,recommend_approval,pending,
Historical UFO Cases,MERGED,9,MERGED Episode #9 — Through the Great Filter: A Spacetime Search for UAP,2023-merged-episode-9,10 existing related entities; 10 episodes across 1 podcast series; 0 recognized cases; 0 linked people; 0 documents; 0 organizations; 1 explicit years.,established content base,"missing podcast series: MERGED, Need to Know, WEAPONIZED; limited witness/investigator diversity; limited document coverage; limited organization/investigation coverage; limited explicit chronology; limited recognized Case entity coverage",yes,material improvement,unique investigator; technical analysis,missing podcast series; witness/investigator diversity; recognized Case coverage,Adds complementary perspective,No material redundancy identified,58,Broadens topic coverage; Deepens existing research; Adds unique witness; Adds unique investigator; Strengthens cross-series research; Fills research gap,pass,pass,pass,"This episode broadens and deepens the Historical UFO Cases destination topic. It is already connected to 2014–2015 East Coast Navy Encounters; it contributes unique investigator, technical analysis; it fills gaps in missing podcast series, witness/investigator diversity, recognized Case coverage. Topic Coverage Score 58/100 indicates material improvement. The candidate contributes unique investigator, technical analysis; it fills missing podcast series, witness/investigator diversity, recognized Case coverage.",high,recommend_approval,pending,
Historical UFO Cases,Need to Know,27,Need to Know Episode #27 — The Report Is Out!,2023-need-to-know-episode-27,10 existing related entities; 10 episodes across 1 podcast series; 0 recognized cases; 0 linked people; 0 documents; 0 organizations; 1 explicit years.,established content base,"missing podcast series: MERGED, Need to Know, WEAPONIZED; limited witness/investigator diversity; limited document coverage; limited organization/investigation coverage; limited explicit chronology; limited recognized Case entity coverage",yes,material improvement,unique evidence; historical context,missing podcast series; witness/investigator diversity; organization/investigation coverage; recognized Case coverage,Adds complementary perspective,No material redundancy identified,70,Broadens topic coverage; Deepens existing research; Adds unique evidence; Adds unique witness; Improves chronology; Strengthens cross-series research; Fills research gap,fail,pass,pass,"This episode broadens and deepens the Historical UFO Cases destination topic. It is already connected to Kona Blue Proposed UAP Program; it contributes unique evidence, historical context; it fills gaps in missing podcast series, witness/investigator diversity, organization/investigation coverage, recognized Case coverage. Topic Coverage Score 70/100 indicates material improvement. The candidate contributes unique evidence, historical context; it fills missing podcast series, witness/investigator diversity, organization/investigation coverage, recognized Case coverage.",low,do_not_recommend,pending,
Historical UFO Cases,WEAPONIZED,1,WEAPONIZED Episode #1 — Launching WEAPONIZED — A New Consensus Reality,2023-weaponized-episode-1,10 existing related entities; 10 episodes across 1 podcast series; 0 recognized cases; 0 linked people; 0 documents; 0 organizations; 1 explicit years.,established content base,"missing podcast series: MERGED, Need to Know, WEAPONIZED; limited witness/investigator diversity; limited document coverage; limited organization/investigation coverage; limited explicit chronology; limited recognized Case entity coverage",yes,material improvement,unique investigator; unique evidence,missing podcast series; witness/investigator diversity; recognized Case coverage,Adds complementary perspective,No material redundancy identified,61,Broadens topic coverage; Deepens existing research; Adds unique evidence; Adds unique witness; Adds unique investigator; Strengthens cross-series research; Fills research gap,fail,pass,pass,"This episode broadens and deepens the Historical UFO Cases destination topic. It is already connected to 2017 Iraq Jellyfish UAP Incident, Skinwalker Ranch; it contributes unique investigator, unique evidence; it fills gaps in missing podcast series, witness/investigator diversity, recognized Case coverage. Topic Coverage Score 61/100 indicates material improvement. The candidate contributes unique investigator, unique evidence; it fills missing podcast series, witness/investigator diversity, recognized Case coverage.",low,do_not_recommend,pending,
Historical UFO Cases,WEAPONIZED,10,"WEAPONIZED Episode #10 — Duncan Trussell — UFOs, AI, Spirituality, and Reality",2023-weaponized-episode-10,10 existing related entities; 10 episodes across 1 podcast series; 0 recognized cases; 0 linked people; 0 documents; 0 organizations; 1 explicit years.,established content base,"missing podcast series: MERGED, Need to Know, WEAPONIZED; limited witness/investigator diversity; limited document coverage; limited organization/investigation coverage; limited explicit chronology; limited recognized Case entity coverage",uncertain,possible improvement requiring human review,,missing podcast series; witness/investigator diversity; recognized Case coverage,Adds complementary perspective,No material redundancy identified,52,Broadens topic coverage; Deepens existing research; Adds unique witness; Strengthens cross-series research; Fills research gap,fail,needs_review,pass,"This episode broadens and deepens the Historical UFO Cases destination topic. It is already connected to 2017 Iraq Jellyfish UAP Incident, Skinwalker Ranch; it fills gaps in missing podcast series, witness/investigator diversity, recognized Case coverage. Topic Coverage Score 52/100 indicates possible improvement requiring human review. The candidate contributes no clearly machine-identifiable unique contribution; it fills missing podcast series, witness/investigator diversity, recognized Case coverage.",low,do_not_recommend,pending,
Historical UFO Cases,WEAPONIZED,11,"WEAPONIZED Episode #11 — John Long — Hollywood, UFO Projects, and the Art of the Movie Trailer",2023-weaponized-episode-11,10 existing related entities; 10 episodes across 1 podcast series; 0 recognized cases; 0 linked people; 0 documents; 0 organizations; 1 explicit years.,established content base,"missing podcast series: MERGED, Need to Know, WEAPONIZED; limited witness/investigator diversity; limited document coverage; limited organization/investigation coverage; limited explicit chronology; limited recognized Case entity coverage",yes,material improvement,,missing podcast series; witness/investigator diversity; organization/investigation coverage; recognized Case coverage,Adds complementary perspective,No material redundancy identified,64,Broadens topic coverage; Deepens existing research; Adds unique witness; Strengthens cross-series research; Fills research gap,fail,pass,pass,"This episode broadens and deepens the Historical UFO Cases destination topic. It is already connected to 2017 Iraq Jellyfish UAP Incident, Skinwalker Ranch; it fills gaps in missing podcast series, witness/investigator diversity, organization/investigation coverage, recognized Case coverage. Topic Coverage Score 64/100 indicates material improvement. The candidate contributes no clearly machine-identifiable unique contribution; it fills missing podcast series, witness/investigator diversity, organization/investigation coverage, recognized Case coverage.",low,do_not_recommend,pending,
Historical UFO Cases,WEAPONIZED,12,"WEAPONIZED Episode #12 — Colm Kelleher Part Two — AAWSAP, the Hitchhiker Effect, and Crash Retrievals",2023-weaponized-episode-12,10 existing related entities; 10 episodes across 1 podcast series; 0 recognized cases; 0 linked people; 0 documents; 0 organizations; 1 explicit years.,established content base,"missing podcast series: MERGED, Need to Know, WEAPONIZED; limited witness/investigator diversity; limited document coverage; limited organization/investigation coverage; limited explicit chronology; limited recognized Case entity coverage",yes,material improvement,,missing podcast series; witness/investigator diversity; recognized Case coverage,Adds complementary perspective,No material redundancy identified,58,Broadens topic coverage; Deepens existing research; Adds unique witness; Strengthens cross-series research; Fills research gap,pass,pass,pass,"This episode broadens and deepens the Historical UFO Cases destination topic. It is already connected to 2017 Iraq Jellyfish UAP Incident, Skinwalker Ranch; it fills gaps in missing podcast series, witness/investigator diversity, recognized Case coverage. Topic Coverage Score 58/100 indicates material improvement. The candidate contributes no clearly machine-identifiable unique contribution; it fills missing podcast series, witness/investigator diversity, recognized Case coverage.",high,recommend_approval,pending,
Historical UFO Cases,WEAPONIZED,13,WEAPONIZED Episode #13 — The Russian UFO Files — Military and Scientific Investigations,2023-weaponized-episode-13,10 existing related entities; 10 episodes across 1 podcast series; 0 recognized cases; 0 linked people; 0 documents; 0 organizations; 1 explicit years.,established content base,"missing podcast series: MERGED, Need to Know, WEAPONIZED; limited witness/investigator diversity; limited document coverage; limited organization/investigation coverage; limited explicit chronology; limited recognized Case entity coverage",yes,material improvement,unique investigator; unique evidence; historical context; technical analysis,missing podcast series; witness/investigator diversity; recognized Case coverage,Adds complementary perspective,No material redundancy identified,75,Broadens topic coverage; Deepens existing research; Adds unique evidence; Adds unique witness; Adds unique investigator; Improves chronology; Strengthens cross-series research; Fills research gap,pass,pass,pass,"This episode broadens and deepens the Historical UFO Cases destination topic. It is already connected to 2017 Iraq Jellyfish UAP Incident, Soviet and Russian Military UFO Investigations; it contributes unique investigator, unique evidence, historical context; it fills gaps in missing podcast series, witness/investigator diversity, recognized Case coverage. Topic Coverage Score 75/100 indicates material improvement. The candidate contributes unique investigator, unique evidence, historical context; it fills missing podcast series, witness/investigator diversity, recognized Case coverage.",high,recommend_approval,pending,
Historical UFO Cases,WEAPONIZED,14,WEAPONIZED Episode #14 — AARO Testifies to the Senate — Sean Kirkpatrick and the Middle East UAP,2023-weaponized-episode-14,10 existing related entities; 10 episodes across 1 podcast series; 0 recognized cases; 0 linked people; 0 documents; 0 organizations; 1 explicit years.,established content base,"missing podcast series: MERGED, Need to Know, WEAPONIZED; limited witness/investigator diversity; limited document coverage; limited organization/investigation coverage; limited explicit chronology; limited recognized Case entity coverage",yes,material improvement,unique witness; unique evidence; primary-source discussion,missing podcast series; witness/investigator diversity; recognized Case coverage,Adds complementary perspective,No material redundancy identified,68,Broadens topic coverage; Deepens existing research; Adds unique evidence; Adds unique witness; Strengthens cross-series research; Fills research gap,fail,pass,pass,"This episode broadens and deepens the Historical UFO Cases destination topic. It is already connected to 2017 Iraq Jellyfish UAP Incident, Skinwalker Ranch; it contributes unique witness, unique evidence, primary-source discussion; it fills gaps in missing podcast series, witness/investigator diversity, recognized Case coverage. Topic Coverage Score 68/100 indicates material improvement. The candidate contributes unique witness, unique evidence, primary-source discussion; it fills missing podcast series, witness/investigator diversity, recognized Case coverage.",low,do_not_recommend,pending,
Historical UFO Cases,WEAPONIZED,15,"WEAPONIZED Episode #15 — Dave Foley — Comedy, UFO Curiosity, and a Southern California Encounter",2023-weaponized-episode-15,10 existing related entities; 10 episodes across 1 podcast series; 0 recognized cases; 0 linked people; 0 documents; 0 organizations; 1 explicit years.,established content base,"missing podcast series: MERGED, Need to Know, WEAPONIZED; limited witness/investigator diversity; limited document coverage; limited organization/investigation coverage; limited explicit chronology; limited recognized Case entity coverage",uncertain,possible improvement requiring human review,,missing podcast series; witness/investigator diversity; recognized Case coverage,Adds complementary perspective,No material redundancy identified,52,Broadens topic coverage; Deepens existing research; Adds unique witness; Strengthens cross-series research; Fills research gap,pass,needs_review,pass,"This episode broadens and deepens the Historical UFO Cases destination topic. It is already connected to 2017 Iraq Jellyfish UAP Incident, Skinwalker Ranch; it fills gaps in missing podcast series, witness/investigator diversity, recognized Case coverage. Topic Coverage Score 52/100 indicates possible improvement requiring human review. The candidate contributes no clearly machine-identifiable unique contribution; it fills missing podcast series, witness/investigator diversity, recognized Case coverage.",medium,human_review_needed,pending,
Historical UFO Cases,WEAPONIZED,16,WEAPONIZED Episode #16 — Secret Soviet UFO Science — Researchers Behind the Iron Curtain,2023-weaponized-episode-16,10 existing related entities; 10 episodes across 1 podcast series; 0 recognized cases; 0 linked people; 0 documents; 0 organizations; 1 explicit years.,established content base,"missing podcast series: MERGED, Need to Know, WEAPONIZED; limited witness/investigator diversity; limited document coverage; limited organization/investigation coverage; limited explicit chronology; limited recognized Case entity coverage",yes,material improvement,unique investigator; unique evidence,missing podcast series; witness/investigator diversity; recognized Case coverage,Adds complementary perspective,No material redundancy identified,63,Broadens topic coverage; Deepens existing research; Adds unique evidence; Adds unique witness; Adds unique investigator; Strengthens cross-series research; Fills research gap,pass,pass,pass,"This episode broadens and deepens the Historical UFO Cases destination topic. It is already connected to 2017 Iraq Jellyfish UAP Incident, Soviet and Russian Military UFO Investigations; it contributes unique investigator, unique evidence; it fills gaps in missing podcast series, witness/investigator diversity, recognized Case coverage. Topic Coverage Score 63/100 indicates material improvement. The candidate contributes unique investigator, unique evidence; it fills missing podcast series, witness/investigator diversity, recognized Case coverage.",high,recommend_approval,pending,
Historical UFO Cases,WEAPONIZED,17,"WEAPONIZED Episode #17 — Robbie Williams — Music, Unusual Experiences, and Skinwalker Ranch",2023-weaponized-episode-17,10 existing related entities; 10 episodes across 1 podcast series; 0 recognized cases; 0 linked people; 0 documents; 0 organizations; 1 explicit years.,established content base,"missing podcast series: MERGED, Need to Know, WEAPONIZED; limited witness/investigator diversity; limited document coverage; limited organization/investigation coverage; limited explicit chronology; limited recognized Case entity coverage",uncertain,possible improvement requiring human review,,missing podcast series; witness/investigator diversity; recognized Case coverage,Adds complementary perspective,No material redundancy identified,52,Broadens topic coverage; Deepens existing research; Adds unique witness; Strengthens cross-series research; Fills research gap,pass,needs_review,pass,"This episode broadens and deepens the Historical UFO Cases destination topic. It is already connected to 2017 Iraq Jellyfish UAP Incident, Skinwalker Ranch; it fills gaps in missing podcast series, witness/investigator diversity, recognized Case coverage. Topic Coverage Score 52/100 indicates possible improvement requiring human review. The candidate contributes no clearly machine-identifiable unique contribution; it fills missing podcast series, witness/investigator diversity, recognized Case coverage.",medium,human_review_needed,pending,
Historical UFO Cases,WEAPONIZED,18,WEAPONIZED Episode #18 — The Mojave Triangle UAP — Marine Witnesses at Twentynine Palms,2023-weaponized-episode-18,10 existing related entities; 10 episodes across 1 podcast series; 0 recognized cases; 0 linked people; 0 documents; 0 organizations; 1 explicit years.,established content base,"missing podcast series: MERGED, Need to Know, WEAPONIZED; limited witness/investigator diversity; limited document coverage; limited organization/investigation coverage; limited explicit chronology; limited recognized Case entity coverage",yes,material improvement,unique witness; unique evidence,missing podcast series; witness/investigator diversity; chronology; recognized Case coverage,Adds complementary perspective,No material redundancy identified,69,Broadens topic coverage; Deepens existing research; Adds unique evidence; Adds unique witness; Improves chronology; Strengthens cross-series research; Fills research gap,pass,pass,pass,"This episode broadens and deepens the Historical UFO Cases destination topic. It is already connected to 2017 Iraq Jellyfish UAP Incident, Skinwalker Ranch; it contributes unique witness, unique evidence; it fills gaps in missing podcast series, witness/investigator diversity, chronology, recognized Case coverage. Topic Coverage Score 69/100 indicates material improvement. The candidate contributes unique witness, unique evidence; it fills missing podcast series, witness/investigator diversity, chronology, recognized Case coverage.",high,recommend_approval,pending,
Historical UFO Cases,WEAPONIZED,19,WEAPONIZED Episode #19 — The Mojave Triangle Investigation Continues — New Marine Testimony,2023-weaponized-episode-19,10 existing related entities; 10 episodes across 1 podcast series; 0 recognized cases; 0 linked people; 0 documents; 0 organizations; 1 explicit years.,established content base,"missing podcast series: MERGED, Need to Know, WEAPONIZED; limited witness/investigator diversity; limited document coverage; limited organization/investigation coverage; limited explicit chronology; limited recognized Case entity coverage",yes,material improvement,unique witness; unique investigator; primary-source discussion,missing podcast series; witness/investigator diversity; recognized Case coverage,Adds complementary perspective,No material redundancy identified,66,Broadens topic coverage; Deepens existing research; Adds unique witness; Adds unique investigator; Strengthens cross-series research; Fills research gap,pass,pass,pass,"This episode broadens and deepens the Historical UFO Cases destination topic. It is already connected to 2017 Iraq Jellyfish UAP Incident, Skinwalker Ranch; it contributes unique witness, unique investigator, primary-source discussion; it fills gaps in missing podcast series, witness/investigator diversity, recognized Case coverage. Topic Coverage Score 66/100 indicates material improvement. The candidate contributes unique witness, unique investigator, primary-source discussion; it fills missing podcast series, witness/investigator diversity, recognized Case coverage.",high,recommend_approval,pending,
Historical UFO Cases,WEAPONIZED,2,WEAPONIZED Episode #2 — John “Guts” Gutierrez and the 2019 Navy UAP Swarms,2023-weaponized-episode-2,10 existing related entities; 10 episodes across 1 podcast series; 0 recognized cases; 0 linked people; 0 documents; 0 organizations; 1 explicit years.,established content base,"missing podcast series: MERGED, Need to Know, WEAPONIZED; limited witness/investigator diversity; limited document coverage; limited organization/investigation coverage; limited explicit chronology; limited recognized Case entity coverage",yes,material improvement,unique evidence,missing podcast series; witness/investigator diversity; chronology; recognized Case coverage,Adds complementary perspective,No material redundancy identified,66,Broadens topic coverage; Deepens existing research; Adds unique evidence; Adds unique witness; Improves chronology; Strengthens cross-series research; Fills research gap,pass,pass,pass,"This episode broadens and deepens the Historical UFO Cases destination topic. It is already connected to 2017 Iraq Jellyfish UAP Incident, Skinwalker Ranch; it contributes unique evidence; it fills gaps in missing podcast series, witness/investigator diversity, chronology, recognized Case coverage. Topic Coverage Score 66/100 indicates material improvement. The candidate contributes unique evidence; it fills missing podcast series, witness/investigator diversity, chronology, recognized Case coverage.",high,recommend_approval,pending,
Historical UFO Cases,WEAPONIZED,20,"WEAPONIZED Episode #20 — Ben Schneider and Lord Huron — Music, Myth, Ghosts, and Cosmic Questions",2023-weaponized-episode-20,10 existing related entities; 10 episodes across 1 podcast series; 0 recognized cases; 0 linked people; 0 documents; 0 organizations; 1 explicit years.,established content base,"missing podcast series: MERGED, Need to Know, WEAPONIZED; limited witness/investigator diversity; limited document coverage; limited organization/investigation coverage; limited explicit chronology; limited recognized Case entity coverage",yes,material improvement,,missing podcast series; witness/investigator diversity; organization/investigation coverage; recognized Case coverage,Adds complementary perspective,No material redundancy identified,58,Broadens topic coverage; Deepens existing research; Adds unique witness; Strengthens cross-series research; Fills research gap,fail,pass,pass,"This episode broadens and deepens the Historical UFO Cases destination topic. It is already connected to 2017 Iraq Jellyfish UAP Incident, Skinwalker Ranch; it fills gaps in missing podcast series, witness/investigator diversity, organization/investigation coverage, recognized Case coverage. Topic Coverage Score 58/100 indicates material improvement. The candidate contributes no clearly machine-identifiable unique contribution; it fills missing podcast series, witness/investigator diversity, organization/investigation coverage, recognized Case coverage.",low,do_not_recommend,pending,
Historical UFO Cases,WEAPONIZED,21,WEAPONIZED Episode #21 — The David Grusch Revelations,2023-weaponized-episode-21,10 existing related entities; 10 episodes across 1 podcast series; 0 recognized cases; 0 linked people; 0 documents; 0 organizations; 1 explicit years.,established content base,"missing podcast series: MERGED, Need to Know, WEAPONIZED; limited witness/investigator diversity; limited document coverage; limited organization/investigation coverage; limited explicit chronology; limited recognized Case entity coverage",yes,material improvement,unique witness; unique evidence,missing podcast series; witness/investigator diversity; recognized Case coverage,Adds complementary perspective,No material redundancy identified,63,Broadens topic coverage; Deepens existing research; Adds unique evidence; Adds unique witness; Strengthens cross-series research; Fills research gap,fail,pass,pass,"This episode broadens and deepens the Historical UFO Cases destination topic. It is already connected to 2017 Iraq Jellyfish UAP Incident, Skinwalker Ranch; it contributes unique witness, unique evidence; it fills gaps in missing podcast series, witness/investigator diversity, recognized Case coverage. Topic Coverage Score 63/100 indicates material improvement. The candidate contributes unique witness, unique evidence; it fills missing podcast series, witness/investigator diversity, recognized Case coverage.",low,do_not_recommend,pending,
Historical UFO Cases,WEAPONIZED,22,WEAPONIZED Episode #22 — Allied UAP Reverse-Engineering Programs and the Larry Maguire Letter,2023-weaponized-episode-22,10 existing related entities; 10 episodes across 1 podcast series; 0 recognized cases; 0 linked people; 0 documents; 0 organizations; 1 explicit years.,established content base,"missing podcast series: MERGED, Need to Know, WEAPONIZED; limited witness/investigator diversity; limited document coverage; limited organization/investigation coverage; limited explicit chronology; limited recognized Case entity coverage",yes,material improvement,unique evidence; technical analysis,missing podcast series; witness/investigator diversity; organization/investigation coverage; recognized Case coverage,Adds complementary perspective,No material redundancy identified,76,Broadens topic coverage; Deepens existing research; Adds unique evidence; Adds unique witness; Strengthens cross-series research; Fills research gap,fail,pass,pass,"This episode broadens and deepens the Historical UFO Cases destination topic. It is already connected to 2017 Iraq Jellyfish UAP Incident, Skinwalker Ranch; it contributes unique evidence, technical analysis; it fills gaps in missing podcast series, witness/investigator diversity, organization/investigation coverage, recognized Case coverage. Topic Coverage Score 76/100 indicates material improvement. The candidate contributes unique evidence, technical analysis; it fills missing podcast series, witness/investigator diversity, organization/investigation coverage, recognized Case coverage.",low,do_not_recommend,pending,
Historical UFO Cases,WEAPONIZED,23,"WEAPONIZED Episode #23 — Whitley Strieber — Communion, The Visitors, and Readiness for Disclosure",2023-weaponized-episode-23,10 existing related entities; 10 episodes across 1 podcast series; 0 recognized cases; 0 linked people; 0 documents; 0 organizations; 1 explicit years.,established content base,"missing podcast series: MERGED, Need to Know, WEAPONIZED; limited witness/investigator diversity; limited document coverage; limited organization/investigation coverage; limited explicit chronology; limited recognized Case entity coverage",yes,material improvement,unique evidence; historical context,missing podcast series; witness/investigator diversity; recognized Case coverage,Adds complementary perspective,No material redundancy identified,69,Broadens topic coverage; Deepens existing research; Adds unique evidence; Adds unique witness; Improves chronology; Strengthens cross-series research; Fills research gap,pass,pass,pass,"This episode broadens and deepens the Historical UFO Cases destination topic. It is already connected to 2017 Iraq Jellyfish UAP Incident, Skinwalker Ranch; it contributes unique evidence, historical context; it fills gaps in missing podcast series, witness/investigator diversity, recognized Case coverage. Topic Coverage Score 69/100 indicates material improvement. The candidate contributes unique evidence, historical context; it fills missing podcast series, witness/investigator diversity, recognized Case coverage.",high,recommend_approval,pending,
Historical UFO Cases,WEAPONIZED,24,"WEAPONIZED Episode #24 — Congressional Momentum, Canadian Transparency, and Barriers to UAP Disclosure",2023-weaponized-episode-24,10 existing related entities; 10 episodes across 1 podcast series; 0 recognized cases; 0 linked people; 0 documents; 0 organizations; 1 explicit years.,established content base,"missing podcast series: MERGED, Need to Know, WEAPONIZED; limited witness/investigator diversity; limited document coverage; limited organization/investigation coverage; limited explicit chronology; limited recognized Case entity coverage",yes,material improvement,unique evidence; technical analysis,missing podcast series; witness/investigator diversity; organization/investigation coverage; chronology; recognized Case coverage,Adds complementary perspective,No material redundancy identified,79,Broadens topic coverage; Deepens existing research; Adds unique evidence; Adds unique witness; Improves chronology; Strengthens cross-series research; Fills research gap,pass,pass,pass,"This episode broadens and deepens the Historical UFO Cases destination topic. It is already connected to 2017 Iraq Jellyfish UAP Incident, Skinwalker Ranch; it contributes unique evidence, technical analysis; it fills gaps in missing podcast series, witness/investigator diversity, organization/investigation coverage, chronology, recognized Case coverage. Topic Coverage Score 79/100 indicates material improvement. The candidate contributes unique evidence, technical analysis; it fills missing podcast series, witness/investigator diversity, organization/investigation coverage, chronology, recognized Case coverage.",medium,recommend_approval,pending,
Historical UFO Cases,WEAPONIZED,25,"WEAPONIZED Episode #25 — Tim Burchett, Congressional UFO Hearings, and the Coming House Testimony",2023-weaponized-episode-25,10 existing related entities; 10 episodes across 1 podcast series; 0 recognized cases; 0 linked people; 0 documents; 0 organizations; 1 explicit years.,established content base,"missing podcast series: MERGED, Need to Know, WEAPONIZED; limited witness/investigator diversity; limited document coverage; limited organization/investigation coverage; limited explicit chronology; limited recognized Case entity coverage",yes,material improvement,unique witness; historical context; primary-source discussion,missing podcast series; witness/investigator diversity; chronology; recognized Case coverage,Adds complementary perspective,No material redundancy identified,78,Broadens topic coverage; Deepens existing research; Adds unique witness; Improves chronology; Strengthens cross-series research; Fills research gap,pass,pass,pass,"This episode broadens and deepens the Historical UFO Cases destination topic. It is already connected to 2017 Iraq Jellyfish UAP Incident, Skinwalker Ranch; it contributes unique witness, historical context, primary-source discussion; it fills gaps in missing podcast series, witness/investigator diversity, chronology, recognized Case coverage. Topic Coverage Score 78/100 indicates material improvement. The candidate contributes unique witness, historical context, primary-source discussion; it fills missing podcast series, witness/investigator diversity, chronology, recognized Case coverage.",medium,recommend_approval,pending,
Historical UFO Cases,WEAPONIZED,26,"WEAPONIZED Episode #26 — The UAP Disclosure Act, Chuck Schumer, and the Upcoming House Hearing",2023-weaponized-episode-26,10 existing related entities; 10 episodes across 1 podcast series; 0 recognized cases; 0 linked people; 0 documents; 0 organizations; 1 explicit years.,established content base,"missing podcast series: MERGED, Need to Know, WEAPONIZED; limited witness/investigator diversity; limited document coverage; limited organization/investigation coverage; limited explicit chronology; limited recognized Case entity coverage",yes,material improvement,unique investigator; unique evidence,missing podcast series; witness/investigator diversity; chronology; recognized Case coverage,Adds complementary perspective,No material redundancy identified,77,Broadens topic coverage; Deepens existing research; Adds unique evidence; Adds unique witness; Adds unique investigator; Improves chronology; Strengthens cross-series research; Fills research gap,pass,pass,pass,"This episode broadens and deepens the Historical UFO Cases destination topic. It is already connected to 2017 Iraq Jellyfish UAP Incident, Skinwalker Ranch; it contributes unique investigator, unique evidence; it fills gaps in missing podcast series, witness/investigator diversity, chronology, recognized Case coverage. Topic Coverage Score 77/100 indicates material improvement. The candidate contributes unique investigator, unique evidence; it fills missing podcast series, witness/investigator diversity, chronology, recognized Case coverage.",medium,recommend_approval,pending,
Historical UFO Cases,WEAPONIZED,27,WEAPONIZED Episode #27 — The Historic House UAP Hearing and a Fresh Look at the Nimitz Tic Tac Case,2023-weaponized-episode-27,10 existing related entities; 10 episodes across 1 podcast series; 0 recognized cases; 0 linked people; 0 documents; 0 organizations; 1 explicit years.,established content base,"missing podcast series: MERGED, Need to Know, WEAPONIZED; limited witness/investigator diversity; limited document coverage; limited organization/investigation coverage; limited explicit chronology; limited recognized Case entity coverage",yes,material improvement,unique witness; historical context; primary-source discussion,missing podcast series; witness/investigator diversity; chronology; recognized Case coverage,Adds complementary perspective,No material redundancy identified,84,Broadens topic coverage; Deepens existing research; Adds unique witness; Improves chronology; Strengthens cross-series research; Fills research gap,pass,pass,pass,"This episode broadens and deepens the Historical UFO Cases destination topic. It is already connected to 2004 Nimitz Encounter, 2014–2015 East Coast Navy Encounters; it contributes unique witness, historical context, primary-source discussion; it fills gaps in missing podcast series, witness/investigator diversity, chronology, recognized Case coverage. Topic Coverage Score 84/100 indicates material improvement. The candidate contributes unique witness, historical context, primary-source discussion; it fills missing podcast series, witness/investigator diversity, chronology, recognized Case coverage.",high,recommend_approval,pending,
Historical UFO Cases,WEAPONIZED,28,WEAPONIZED Episode #28 — Congressional Hearing Roundtable,2023-weaponized-episode-28,10 existing related entities; 10 episodes across 1 podcast series; 0 recognized cases; 0 linked people; 0 documents; 0 organizations; 1 explicit years.,established content base,"missing podcast series: MERGED, Need to Know, WEAPONIZED; limited witness/investigator diversity; limited document coverage; limited organization/investigation coverage; limited explicit chronology; limited recognized Case entity coverage",yes,material improvement,unique witness; primary-source discussion,missing podcast series; witness/investigator diversity; chronology; recognized Case coverage,Adds complementary perspective,No material redundancy identified,73,Broadens topic coverage; Deepens existing research; Adds unique witness; Improves chronology; Strengthens cross-series research; Fills research gap,pass,pass,pass,"This episode broadens and deepens the Historical UFO Cases destination topic. It is already connected to 2004 Nimitz Encounter, 2014–2015 East Coast Navy Encounters; it contributes unique witness, primary-source discussion; it fills gaps in missing podcast series, witness/investigator diversity, chronology, recognized Case coverage. Topic Coverage Score 73/100 indicates material improvement. The candidate contributes unique witness, primary-source discussion; it fills missing podcast series, witness/investigator diversity, chronology, recognized Case coverage.",high,recommend_approval,pending,
Historical UFO Cases,WEAPONIZED,29,WEAPONIZED Episode #29 — David Fravor and the Nimitz Tic Tac Encounter,2023-weaponized-episode-29,10 existing related entities; 10 episodes across 1 podcast series; 0 recognized cases; 0 linked people; 0 documents; 0 organizations; 1 explicit years.,established content base,"missing podcast series: MERGED, Need to Know, WEAPONIZED; limited witness/investigator diversity; limited document coverage; limited organization/investigation coverage; limited explicit chronology; limited recognized Case entity coverage",yes,material improvement,unique witness; unique investigator; primary-source discussion,missing podcast series; witness/investigator diversity; chronology; recognized Case coverage,Adds complementary perspective,No material redundancy identified,80,Broadens topic coverage; Deepens existing research; Adds unique witness; Adds unique investigator; Improves chronology; Strengthens cross-series research; Fills research gap,pass,pass,pass,"This episode broadens and deepens the Historical UFO Cases destination topic. It is already connected to 2004 Nimitz Encounter, 2017 Iraq Jellyfish UAP Incident; it contributes unique witness, unique investigator, primary-source discussion; it fills gaps in missing podcast series, witness/investigator diversity, chronology, recognized Case coverage. Topic Coverage Score 80/100 indicates material improvement. The candidate contributes unique witness, unique investigator, primary-source discussion; it fills missing podcast series, witness/investigator diversity, chronology, recognized Case coverage.",high,recommend_approval,pending,
Historical UFO Cases,WEAPONIZED,3,"WEAPONIZED Episode #3 — Jay Stratton — AAWSAP, AATIP, and the UAP Task Force",2023-weaponized-episode-3,10 existing related entities; 10 episodes across 1 podcast series; 0 recognized cases; 0 linked people; 0 documents; 0 organizations; 1 explicit years.,established content base,"missing podcast series: MERGED, Need to Know, WEAPONIZED; limited witness/investigator diversity; limited document coverage; limited organization/investigation coverage; limited explicit chronology; limited recognized Case entity coverage",yes,material improvement,,missing podcast series; witness/investigator diversity; organization/investigation coverage; recognized Case coverage,Adds complementary perspective,No material redundancy identified,60,Broadens topic coverage; Deepens existing research; Adds unique witness; Strengthens cross-series research; Fills research gap,pass,pass,pass,"This episode broadens and deepens the Historical UFO Cases destination topic. It is already connected to 2017 Iraq Jellyfish UAP Incident, Skinwalker Ranch; it fills gaps in missing podcast series, witness/investigator diversity, organization/investigation coverage, recognized Case coverage. Topic Coverage Score 60/100 indicates material improvement. The candidate contributes no clearly machine-identifiable unique contribution; it fills missing podcast series, witness/investigator diversity, organization/investigation coverage, recognized Case coverage.",medium,recommend_approval,pending,
Historical UFO Cases,WEAPONIZED,30,"WEAPONIZED Episode #30 — David Grusch, Whistleblower Retaliation, and the Attempt to Discredit His Testimony",2023-weaponized-episode-30,10 existing related entities; 10 episodes across 1 podcast series; 0 recognized cases; 0 linked people; 0 documents; 0 organizations; 1 explicit years.,established content base,"missing podcast series: MERGED, Need to Know, WEAPONIZED; limited witness/investigator diversity; limited document coverage; limited organization/investigation coverage; limited explicit chronology; limited recognized Case entity coverage",yes,material improvement,unique witness; unique evidence; primary-source discussion,missing podcast series; witness/investigator diversity; chronology; recognized Case coverage,Adds complementary perspective,No material redundancy identified,78,Broadens topic coverage; Deepens existing research; Adds unique evidence; Adds unique witness; Improves chronology; Strengthens cross-series research; Fills research gap,pass,pass,pass,"This episode broadens and deepens the Historical UFO Cases destination topic. It is already connected to 2017 Iraq Jellyfish UAP Incident, Skinwalker Ranch; it contributes unique witness, unique evidence, primary-source discussion; it fills gaps in missing podcast series, witness/investigator diversity, chronology, recognized Case coverage. Topic Coverage Score 78/100 indicates material improvement. The candidate contributes unique witness, unique evidence, primary-source discussion; it fills missing podcast series, witness/investigator diversity, chronology, recognized Case coverage.",medium,recommend_approval,pending,
Historical UFO Cases,WEAPONIZED,31,"WEAPONIZED Episode #31 — Wayne Pacelle — Factory Farming, Animal Welfare, and Corporate Power",2023-weaponized-episode-31,10 existing related entities; 10 episodes across 1 podcast series; 0 recognized cases; 0 linked people; 0 documents; 0 organizations; 1 explicit years.,established content base,"missing podcast series: MERGED, Need to Know, WEAPONIZED; limited witness/investigator diversity; limited document coverage; limited organization/investigation coverage; limited explicit chronology; limited recognized Case entity coverage",yes,material improvement,,missing podcast series; witness/investigator diversity; organization/investigation coverage; recognized Case coverage,Adds complementary perspective,No material redundancy identified,64,Broadens topic coverage; Deepens existing research; Adds unique witness; Strengthens cross-series research; Fills research gap,fail,pass,pass,"This episode broadens and deepens the Historical UFO Cases destination topic. It is already connected to 2017 Iraq Jellyfish UAP Incident, Skinwalker Ranch; it fills gaps in missing podcast series, witness/investigator diversity, organization/investigation coverage, recognized Case coverage. Topic Coverage Score 64/100 indicates material improvement. The candidate contributes no clearly machine-identifiable unique contribution; it fills missing podcast series, witness/investigator diversity, organization/investigation coverage, recognized Case coverage.",low,do_not_recommend,pending,
Historical UFO Cases,WEAPONIZED,32,"WEAPONIZED Episode #32 — John Lear — Aviation, Secrecy, and a Controversial UFO Legacy",2023-weaponized-episode-32,10 existing related entities; 10 episodes across 1 podcast series; 0 recognized cases; 0 linked people; 0 documents; 0 organizations; 1 explicit years.,established content base,"missing podcast series: MERGED, Need to Know, WEAPONIZED; limited witness/investigator diversity; limited document coverage; limited organization/investigation coverage; limited explicit chronology; limited recognized Case entity coverage",yes,material improvement,competing interpretation,missing podcast series; witness/investigator diversity; organization/investigation coverage; recognized Case coverage,Adds complementary perspective,No material redundancy identified,66,Broadens topic coverage; Deepens existing research; Adds unique witness; Strengthens cross-series research; Fills research gap,fail,pass,pass,"This episode broadens and deepens the Historical UFO Cases destination topic. It is already connected to 2017 Iraq Jellyfish UAP Incident, Skinwalker Ranch; it contributes competing interpretation; it fills gaps in missing podcast series, witness/investigator diversity, organization/investigation coverage, recognized Case coverage. Topic Coverage Score 66/100 indicates material improvement. The candidate contributes competing interpretation; it fills missing podcast series, witness/investigator diversity, organization/investigation coverage, recognized Case coverage.",low,do_not_recommend,pending,
Historical UFO Cases,WEAPONIZED,33,"WEAPONIZED Episode #33 — AARO, Crash Retrievals, and the Dark Side of the UFO Mystery",2023-weaponized-episode-33,10 existing related entities; 10 episodes across 1 podcast series; 0 recognized cases; 0 linked people; 0 documents; 0 organizations; 1 explicit years.,established content base,"missing podcast series: MERGED, Need to Know, WEAPONIZED; limited witness/investigator diversity; limited document coverage; limited organization/investigation coverage; limited explicit chronology; limited recognized Case entity coverage",yes,material improvement,unique evidence,missing podcast series; witness/investigator diversity; organization/investigation coverage; recognized Case coverage,Adds complementary perspective,No material redundancy identified,65,Broadens topic coverage; Deepens existing research; Adds unique evidence; Adds unique witness; Strengthens cross-series research; Fills research gap,fail,pass,pass,"This episode broadens and deepens the Historical UFO Cases destination topic. It is already connected to 2017 Iraq Jellyfish UAP Incident, Skinwalker Ranch; it contributes unique evidence; it fills gaps in missing podcast series, witness/investigator diversity, organization/investigation coverage, recognized Case coverage. Topic Coverage Score 65/100 indicates material improvement. The candidate contributes unique evidence; it fills missing podcast series, witness/investigator diversity, organization/investigation coverage, recognized Case coverage.",low,do_not_recommend,pending,
Historical UFO Cases,WEAPONIZED,34,WEAPONIZED Episode #34 — The Pushback Against UFO Transparency,2023-weaponized-episode-34,10 existing related entities; 10 episodes across 1 podcast series; 0 recognized cases; 0 linked people; 0 documents; 0 organizations; 1 explicit years.,established content base,"missing podcast series: MERGED, Need to Know, WEAPONIZED; limited witness/investigator diversity; limited document coverage; limited organization/investigation coverage; limited explicit chronology; limited recognized Case entity coverage",yes,material improvement,technical analysis,missing podcast series; witness/investigator diversity; organization/investigation coverage; recognized Case coverage,Adds complementary perspective,No material redundancy identified,64,Broadens topic coverage; Deepens existing research; Adds unique witness; Strengthens cross-series research; Fills research gap,fail,pass,pass,"This episode broadens and deepens the Historical UFO Cases destination topic. It is already connected to 2017 Iraq Jellyfish UAP Incident, Skinwalker Ranch; it contributes technical analysis; it fills gaps in missing podcast series, witness/investigator diversity, organization/investigation coverage, recognized Case coverage. Topic Coverage Score 64/100 indicates material improvement. The candidate contributes technical analysis; it fills missing podcast series, witness/investigator diversity, organization/investigation coverage, recognized Case coverage.",low,do_not_recommend,pending,
Historical UFO Cases,WEAPONIZED,35,"WEAPONIZED Episode #35 — UFO History, Gulf of Mexico Objects, and Congressional Stakes",2023-weaponized-episode-35,10 existing related entities; 10 episodes across 1 podcast series; 0 recognized cases; 0 linked people; 0 documents; 0 organizations; 1 explicit years.,established content base,"missing podcast series: MERGED, Need to Know, WEAPONIZED; limited witness/investigator diversity; limited document coverage; limited organization/investigation coverage; limited explicit chronology; limited recognized Case entity coverage",yes,material improvement,unique evidence; historical context,missing podcast series; witness/investigator diversity; organization/investigation coverage; recognized Case coverage,Adds complementary perspective,No material redundancy identified,69,Broadens topic coverage; Deepens existing research; Adds unique evidence; Adds unique witness; Improves chronology; Strengthens cross-series research; Fills research gap,pass,pass,pass,"This episode broadens and deepens the Historical UFO Cases destination topic. It is already connected to 2017 Iraq Jellyfish UAP Incident, Skinwalker Ranch; it contributes unique evidence, historical context; it fills gaps in missing podcast series, witness/investigator diversity, organization/investigation coverage, recognized Case coverage. Topic Coverage Score 69/100 indicates material improvement. The candidate contributes unique evidence, historical context; it fills missing podcast series, witness/investigator diversity, organization/investigation coverage, recognized Case coverage.",high,recommend_approval,pending,
Historical UFO Cases,WEAPONIZED,36,"WEAPONIZED Episode #36 — Jules Urbach — Virtual Reality, AI, and Post-Biological Intelligence",2023-weaponized-episode-36,10 existing related entities; 10 episodes across 1 podcast series; 0 recognized cases; 0 linked people; 0 documents; 0 organizations; 1 explicit years.,established content base,"missing podcast series: MERGED, Need to Know, WEAPONIZED; limited witness/investigator diversity; limited document coverage; limited organization/investigation coverage; limited explicit chronology; limited recognized Case entity coverage",uncertain,possible improvement requiring human review,,missing podcast series; witness/investigator diversity; recognized Case coverage,Adds complementary perspective,No material redundancy identified,52,Broadens topic coverage; Deepens existing research; Adds unique witness; Strengthens cross-series research; Fills research gap,fail,needs_review,pass,"This episode broadens and deepens the Historical UFO Cases destination topic. It is already connected to 2017 Iraq Jellyfish UAP Incident, Skinwalker Ranch; it fills gaps in missing podcast series, witness/investigator diversity, recognized Case coverage. Topic Coverage Score 52/100 indicates possible improvement requiring human review. The candidate contributes no clearly machine-identifiable unique contribution; it fills missing podcast series, witness/investigator diversity, recognized Case coverage.",low,do_not_recommend,pending,
Historical UFO Cases,WEAPONIZED,37,WEAPONIZED Episode #37 — Chris Ramsay — Remote Viewing and Psychic Espionage,2023-weaponized-episode-37,10 existing related entities; 10 episodes across 1 podcast series; 0 recognized cases; 0 linked people; 0 documents; 0 organizations; 1 explicit years.,established content base,"missing podcast series: MERGED, Need to Know, WEAPONIZED; limited witness/investigator diversity; limited document coverage; limited organization/investigation coverage; limited explicit chronology; limited recognized Case entity coverage",yes,material improvement,unique evidence,missing podcast series; witness/investigator diversity; organization/investigation coverage; recognized Case coverage,Adds complementary perspective,No material redundancy identified,66,Broadens topic coverage; Deepens existing research; Adds unique evidence; Adds unique witness; Strengthens cross-series research; Fills research gap,pass,pass,pass,"This episode broadens and deepens the Historical UFO Cases destination topic. It is already connected to 2017 Iraq Jellyfish UAP Incident, Skinwalker Ranch; it contributes unique evidence; it fills gaps in missing podcast series, witness/investigator diversity, organization/investigation coverage, recognized Case coverage. Topic Coverage Score 66/100 indicates material improvement. The candidate contributes unique evidence; it fills missing podcast series, witness/investigator diversity, organization/investigation coverage, recognized Case coverage.",medium,recommend_approval,pending,
Historical UFO Cases,WEAPONIZED,38,WEAPONIZED Episode #38 — James Lacatski and Colm Kelleher — Inside AAWSAP,2023-weaponized-episode-38,10 existing related entities; 10 episodes across 1 podcast series; 0 recognized cases; 0 linked people; 0 documents; 0 organizations; 1 explicit years.,established content base,"missing podcast series: MERGED, Need to Know, WEAPONIZED; limited witness/investigator diversity; limited document coverage; limited organization/investigation coverage; limited explicit chronology; limited recognized Case entity coverage",yes,material improvement,unique evidence,missing podcast series; witness/investigator diversity; organization/investigation coverage; recognized Case coverage,Adds complementary perspective,No material redundancy identified,68,Broadens topic coverage; Deepens existing research; Adds unique evidence; Adds unique witness; Strengthens cross-series research; Fills research gap,fail,pass,pass,"This episode broadens and deepens the Historical UFO Cases destination topic. It is already connected to 2017 Iraq Jellyfish UAP Incident, Skinwalker Ranch; it contributes unique evidence; it fills gaps in missing podcast series, witness/investigator diversity, organization/investigation coverage, recognized Case coverage. Topic Coverage Score 68/100 indicates material improvement. The candidate contributes unique evidence; it fills missing podcast series, witness/investigator diversity, organization/investigation coverage, recognized Case coverage.",low,do_not_recommend,pending,
Historical UFO Cases,WEAPONIZED,39,WEAPONIZED Episode #39 — AARO’s Report and the Lacatski Revelations,2023-weaponized-episode-39,10 existing related entities; 10 episodes across 1 podcast series; 0 recognized cases; 0 linked people; 0 documents; 0 organizations; 1 explicit years.,established content base,"missing podcast series: MERGED, Need to Know, WEAPONIZED; limited witness/investigator diversity; limited document coverage; limited organization/investigation coverage; limited explicit chronology; limited recognized Case entity coverage",yes,material improvement,unique evidence; technical analysis,missing podcast series; witness/investigator diversity; organization/investigation coverage; recognized Case coverage,Adds complementary perspective,No material redundancy identified,71,Broadens topic coverage; Deepens existing research; Adds unique evidence; Adds unique witness; Strengthens cross-series research; Fills research gap,fail,pass,pass,"This episode broadens and deepens the Historical UFO Cases destination topic. It is already connected to 2017 Iraq Jellyfish UAP Incident, Skinwalker Ranch; it contributes unique evidence, technical analysis; it fills gaps in missing podcast series, witness/investigator diversity, organization/investigation coverage, recognized Case coverage. Topic Coverage Score 71/100 indicates material improvement. The candidate contributes unique evidence, technical analysis; it fills missing podcast series, witness/investigator diversity, organization/investigation coverage, recognized Case coverage.",low,do_not_recommend,pending,
Historical UFO Cases,WEAPONIZED,4,"WEAPONIZED Episode #4 — Spy Balloons, Unknown Objects, and UAP Transparency",2023-weaponized-episode-4,10 existing related entities; 10 episodes across 1 podcast series; 0 recognized cases; 0 linked people; 0 documents; 0 organizations; 1 explicit years.,established content base,"missing podcast series: MERGED, Need to Know, WEAPONIZED; limited witness/investigator diversity; limited document coverage; limited organization/investigation coverage; limited explicit chronology; limited recognized Case entity coverage",yes,material improvement,,missing podcast series; witness/investigator diversity; chronology; recognized Case coverage,Adds complementary perspective,No material redundancy identified,58,Broadens topic coverage; Deepens existing research; Adds unique witness; Improves chronology; Strengthens cross-series research; Fills research gap,fail,pass,pass,"This episode broadens and deepens the Historical UFO Cases destination topic. It is already connected to 2017 Iraq Jellyfish UAP Incident, Skinwalker Ranch; it fills gaps in missing podcast series, witness/investigator diversity, chronology, recognized Case coverage. Topic Coverage Score 58/100 indicates material improvement. The candidate contributes no clearly machine-identifiable unique contribution; it fills missing podcast series, witness/investigator diversity, chronology, recognized Case coverage.",low,do_not_recommend,pending,
Historical UFO Cases,WEAPONIZED,40,WEAPONIZED Episode #40 — Tim Burchett — The SCIF Briefing and Congressional UFO Oversight,2023-weaponized-episode-40,10 existing related entities; 10 episodes across 1 podcast series; 0 recognized cases; 0 linked people; 0 documents; 0 organizations; 1 explicit years.,established content base,"missing podcast series: MERGED, Need to Know, WEAPONIZED; limited witness/investigator diversity; limited document coverage; limited organization/investigation coverage; limited explicit chronology; limited recognized Case entity coverage",yes,material improvement,,missing podcast series; witness/investigator diversity; organization/investigation coverage; recognized Case coverage,Adds complementary perspective,No material redundancy identified,58,Broadens topic coverage; Deepens existing research; Adds unique witness; Strengthens cross-series research; Fills research gap,fail,pass,pass,"This episode broadens and deepens the Historical UFO Cases destination topic. It is already connected to 2017 Iraq Jellyfish UAP Incident, Skinwalker Ranch; it fills gaps in missing podcast series, witness/investigator diversity, organization/investigation coverage, recognized Case coverage. Topic Coverage Score 58/100 indicates material improvement. The candidate contributes no clearly machine-identifiable unique contribution; it fills missing podcast series, witness/investigator diversity, organization/investigation coverage, recognized Case coverage.",low,do_not_recommend,pending,
Historical UFO Cases,WEAPONIZED,41,WEAPONIZED Episode #41 — Military Engagements with Unidentified Aerial Intruders,2023-weaponized-episode-41,10 existing related entities; 10 episodes across 1 podcast series; 0 recognized cases; 0 linked people; 0 documents; 0 organizations; 1 explicit years.,established content base,"missing podcast series: MERGED, Need to Know, WEAPONIZED; limited witness/investigator diversity; limited document coverage; limited organization/investigation coverage; limited explicit chronology; limited recognized Case entity coverage",yes,material improvement,unique evidence,missing podcast series; witness/investigator diversity; organization/investigation coverage; recognized Case coverage,Adds complementary perspective,No material redundancy identified,64,Broadens topic coverage; Deepens existing research; Adds unique evidence; Adds unique witness; Strengthens cross-series research; Fills research gap,pass,pass,pass,"This episode broadens and deepens the Historical UFO Cases destination topic. It is already connected to 2017 Iraq Jellyfish UAP Incident, Skinwalker Ranch; it contributes unique evidence; it fills gaps in missing podcast series, witness/investigator diversity, organization/investigation coverage, recognized Case coverage. Topic Coverage Score 64/100 indicates material improvement. The candidate contributes unique evidence; it fills missing podcast series, witness/investigator diversity, organization/investigation coverage, recognized Case coverage.",high,recommend_approval,pending,
Historical UFO Cases,WEAPONIZED,42,WEAPONIZED Episode #42 — The Sol Foundation Conference and Grusch Revelations,2023-weaponized-episode-42,10 existing related entities; 10 episodes across 1 podcast series; 0 recognized cases; 0 linked people; 0 documents; 0 organizations; 1 explicit years.,established content base,"missing podcast series: MERGED, Need to Know, WEAPONIZED; limited witness/investigator diversity; limited document coverage; limited organization/investigation coverage; limited explicit chronology; limited recognized Case entity coverage",yes,material improvement,unique investigator; unique evidence; historical context; technical analysis,missing podcast series; witness/investigator diversity; organization/investigation coverage; chronology; recognized Case coverage,Adds complementary perspective,No material redundancy identified,89,Broadens topic coverage; Deepens existing research; Adds unique evidence; Adds unique witness; Adds unique investigator; Improves chronology; Strengthens cross-series research; Fills research gap,pass,pass,pass,"This episode broadens and deepens the Historical UFO Cases destination topic. It is already connected to 2017 Iraq Jellyfish UAP Incident, Skinwalker Ranch; it contributes unique investigator, unique evidence, historical context; it fills gaps in missing podcast series, witness/investigator diversity, organization/investigation coverage, chronology, recognized Case coverage. Topic Coverage Score 89/100 indicates material improvement. The candidate contributes unique investigator, unique evidence, historical context; it fills missing podcast series, witness/investigator diversity, organization/investigation coverage, chronology, recognized Case coverage.",high,recommend_approval,pending,
Historical UFO Cases,WEAPONIZED,43,WEAPONIZED Episode #43 — The Unreleased Philip Corso Tapes,2023-weaponized-episode-43,10 existing related entities; 10 episodes across 1 podcast series; 0 recognized cases; 0 linked people; 0 documents; 0 organizations; 1 explicit years.,established content base,"missing podcast series: MERGED, Need to Know, WEAPONIZED; limited witness/investigator diversity; limited document coverage; limited organization/investigation coverage; limited explicit chronology; limited recognized Case entity coverage",yes,material improvement,unique witness; unique evidence; historical context,missing podcast series; witness/investigator diversity; organization/investigation coverage; recognized Case coverage,Adds complementary perspective,No material redundancy identified,80,Broadens topic coverage; Deepens existing research; Adds unique evidence; Adds unique witness; Improves chronology; Strengthens cross-series research; Fills research gap,pass,pass,pass,"This episode broadens and deepens the Historical UFO Cases destination topic. It is already connected to 2017 Iraq Jellyfish UAP Incident, Roswell Incident; it contributes unique witness, unique evidence, historical context; it fills gaps in missing podcast series, witness/investigator diversity, organization/investigation coverage, recognized Case coverage. Topic Coverage Score 80/100 indicates material improvement. The candidate contributes unique witness, unique evidence, historical context; it fills missing podcast series, witness/investigator diversity, organization/investigation coverage, recognized Case coverage.",high,recommend_approval,pending,
Historical UFO Cases,WEAPONIZED,44,WEAPONIZED Episode #44 — The Fight Over the UAP Disclosure Act,2023-weaponized-episode-44,10 existing related entities; 10 episodes across 1 podcast series; 0 recognized cases; 0 linked people; 0 documents; 0 organizations; 1 explicit years.,established content base,"missing podcast series: MERGED, Need to Know, WEAPONIZED; limited witness/investigator diversity; limited document coverage; limited organization/investigation coverage; limited explicit chronology; limited recognized Case entity coverage",yes,material improvement,unique evidence,missing podcast series; witness/investigator diversity; organization/investigation coverage; chronology; recognized Case coverage,Adds complementary perspective,No material redundancy identified,78,Broadens topic coverage; Deepens existing research; Adds unique evidence; Adds unique witness; Improves chronology; Strengthens cross-series research; Fills research gap,fail,pass,pass,"This episode broadens and deepens the Historical UFO Cases destination topic. It is already connected to 2017 Iraq Jellyfish UAP Incident, Skinwalker Ranch; it contributes unique evidence; it fills gaps in missing podcast series, witness/investigator diversity, organization/investigation coverage, chronology, recognized Case coverage. Topic Coverage Score 78/100 indicates material improvement. The candidate contributes unique evidence; it fills missing podcast series, witness/investigator diversity, organization/investigation coverage, chronology, recognized Case coverage.",low,do_not_recommend,pending,
Historical UFO Cases,WEAPONIZED,45,"WEAPONIZED Episode #45 — John Alexander on Crash Retrievals, NIDS, and the Sol Conference",2023-weaponized-episode-45,10 existing related entities; 10 episodes across 1 podcast series; 0 recognized cases; 0 linked people; 0 documents; 0 organizations; 1 explicit years.,established content base,"missing podcast series: MERGED, Need to Know, WEAPONIZED; limited witness/investigator diversity; limited document coverage; limited organization/investigation coverage; limited explicit chronology; limited recognized Case entity coverage",yes,material improvement,unique witness; historical context; technical analysis,missing podcast series; witness/investigator diversity; organization/investigation coverage; recognized Case coverage,Adds complementary perspective,No material redundancy identified,78,Broadens topic coverage; Deepens existing research; Adds unique witness; Improves chronology; Strengthens cross-series research; Fills research gap,pass,pass,pass,"This episode broadens and deepens the Historical UFO Cases destination topic. It is already connected to 2017 Iraq Jellyfish UAP Incident, Roswell Incident; it contributes unique witness, historical context, technical analysis; it fills gaps in missing podcast series, witness/investigator diversity, organization/investigation coverage, recognized Case coverage. Topic Coverage Score 78/100 indicates material improvement. The candidate contributes unique witness, historical context, technical analysis; it fills missing podcast series, witness/investigator diversity, organization/investigation coverage, recognized Case coverage.",high,recommend_approval,pending,
Historical UFO Cases,WEAPONIZED,5,WEAPONIZED Episode #5 — Colm Kelleher — AAWSAP and Scientific Anomaly Research,2023-weaponized-episode-5,10 existing related entities; 10 episodes across 1 podcast series; 0 recognized cases; 0 linked people; 0 documents; 0 organizations; 1 explicit years.,established content base,"missing podcast series: MERGED, Need to Know, WEAPONIZED; limited witness/investigator diversity; limited document coverage; limited organization/investigation coverage; limited explicit chronology; limited recognized Case entity coverage",yes,material improvement,unique investigator; technical analysis,missing podcast series; witness/investigator diversity; organization/investigation coverage; recognized Case coverage,Adds complementary perspective,No material redundancy identified,69,Broadens topic coverage; Deepens existing research; Adds unique witness; Adds unique investigator; Strengthens cross-series research; Fills research gap,pass,pass,pass,"This episode broadens and deepens the Historical UFO Cases destination topic. It is already connected to 2017 Iraq Jellyfish UAP Incident, Skinwalker Ranch; it contributes unique investigator, technical analysis; it fills gaps in missing podcast series, witness/investigator diversity, organization/investigation coverage, recognized Case coverage. Topic Coverage Score 69/100 indicates material improvement. The candidate contributes unique investigator, technical analysis; it fills missing podcast series, witness/investigator diversity, organization/investigation coverage, recognized Case coverage.",high,recommend_approval,pending,
Historical UFO Cases,WEAPONIZED,6,"WEAPONIZED Episode #6 — The Defense Executive, a Recovered Craft, and a Living Occupant",2023-weaponized-episode-6,10 existing related entities; 10 episodes across 1 podcast series; 0 recognized cases; 0 linked people; 0 documents; 0 organizations; 1 explicit years.,established content base,"missing podcast series: MERGED, Need to Know, WEAPONIZED; limited witness/investigator diversity; limited document coverage; limited organization/investigation coverage; limited explicit chronology; limited recognized Case entity coverage",yes,material improvement,unique witness; unique evidence,missing podcast series; witness/investigator diversity; recognized Case coverage,Adds complementary perspective,No material redundancy identified,63,Broadens topic coverage; Deepens existing research; Adds unique evidence; Adds unique witness; Strengthens cross-series research; Fills research gap,fail,pass,pass,"This episode broadens and deepens the Historical UFO Cases destination topic. It is already connected to 2017 Iraq Jellyfish UAP Incident, Area 51; it contributes unique witness, unique evidence; it fills gaps in missing podcast series, witness/investigator diversity, recognized Case coverage. Topic Coverage Score 63/100 indicates material improvement. The candidate contributes unique witness, unique evidence; it fills missing podcast series, witness/investigator diversity, recognized Case coverage.",low,do_not_recommend,pending,
Historical UFO Cases,WEAPONIZED,7,WEAPONIZED Episode #7 — Storm Area 51 and the Baghdad Phantom,2023-weaponized-episode-7,10 existing related entities; 10 episodes across 1 podcast series; 0 recognized cases; 0 linked people; 0 documents; 0 organizations; 1 explicit years.,established content base,"missing podcast series: MERGED, Need to Know, WEAPONIZED; limited witness/investigator diversity; limited document coverage; limited organization/investigation coverage; limited explicit chronology; limited recognized Case entity coverage",yes,material improvement,unique evidence,missing podcast series; witness/investigator diversity; recognized Case coverage,Adds complementary perspective,No material redundancy identified,60,Broadens topic coverage; Deepens existing research; Adds unique evidence; Adds unique witness; Strengthens cross-series research; Fills research gap,fail,pass,pass,"This episode broadens and deepens the Historical UFO Cases destination topic. It is already connected to 2017 Iraq Jellyfish UAP Incident, Area 51; it contributes unique evidence; it fills gaps in missing podcast series, witness/investigator diversity, recognized Case coverage. Topic Coverage Score 60/100 indicates material improvement. The candidate contributes unique evidence; it fills missing podcast series, witness/investigator diversity, recognized Case coverage.",low,do_not_recommend,pending,
Historical UFO Cases,WEAPONIZED,8,WEAPONIZED Episode #8 — Baghdad Phantom Analysis and the UFO “Silver Bullet”,2023-weaponized-episode-8,10 existing related entities; 10 episodes across 1 podcast series; 0 recognized cases; 0 linked people; 0 documents; 0 organizations; 1 explicit years.,established content base,"missing podcast series: MERGED, Need to Know, WEAPONIZED; limited witness/investigator diversity; limited document coverage; limited organization/investigation coverage; limited explicit chronology; limited recognized Case entity coverage",yes,material improvement,technical analysis,missing podcast series; witness/investigator diversity; chronology; recognized Case coverage,Adds complementary perspective,No material redundancy identified,68,Broadens topic coverage; Deepens existing research; Adds unique witness; Improves chronology; Strengthens cross-series research; Fills research gap,fail,pass,pass,"This episode broadens and deepens the Historical UFO Cases destination topic. It is already connected to 2017 Iraq Jellyfish UAP Incident, Skinwalker Ranch; it contributes technical analysis; it fills gaps in missing podcast series, witness/investigator diversity, chronology, recognized Case coverage. Topic Coverage Score 68/100 indicates material improvement. The candidate contributes technical analysis; it fills missing podcast series, witness/investigator diversity, chronology, recognized Case coverage.",low,do_not_recommend,pending,
Historical UFO Cases,WEAPONIZED,9,WEAPONIZED Episode #9 — Harry Reid’s AAWSAP Briefing and the Hidden History of AATIP,2023-weaponized-episode-9,10 existing related entities; 10 episodes across 1 podcast series; 0 recognized cases; 0 linked people; 0 documents; 0 organizations; 1 explicit years.,established content base,"missing podcast series: MERGED, Need to Know, WEAPONIZED; limited witness/investigator diversity; limited document coverage; limited organization/investigation coverage; limited explicit chronology; limited recognized Case entity coverage",yes,material improvement,unique witness; unique evidence; historical context,missing podcast series; witness/investigator diversity; organization/investigation coverage; chronology; recognized Case coverage,Adds complementary perspective,No material redundancy identified,79,Broadens topic coverage; Deepens existing research; Adds unique evidence; Adds unique witness; Improves chronology; Strengthens cross-series research; Fills research gap,fail,pass,pass,"This episode broadens and deepens the Historical UFO Cases destination topic. It is already connected to 2017 Iraq Jellyfish UAP Incident, Skinwalker Ranch; it contributes unique witness, unique evidence, historical context; it fills gaps in missing podcast series, witness/investigator diversity, organization/investigation coverage, chronology, recognized Case coverage. Topic Coverage Score 79/100 indicates material improvement. The candidate contributes unique witness, unique evidence, historical context; it fills missing podcast series, witness/investigator diversity, organization/investigation coverage, chronology, recognized Case coverage.",low,do_not_recommend,pending,
Historical UFO Cases,Need to Know,49,"Need to Know Episode #49 — Adios, Voldemort",2024-need-to-know-episode-49,10 existing related entities; 10 episodes across 1 podcast series; 0 recognized cases; 0 linked people; 0 documents; 0 organizations; 1 explicit years.,established content base,"missing podcast series: MERGED, Need to Know, WEAPONIZED; limited witness/investigator diversity; limited document coverage; limited organization/investigation coverage; limited explicit chronology; limited recognized Case entity coverage",yes,material improvement,unique evidence; historical context,missing podcast series; witness/investigator diversity; organization/investigation coverage; recognized Case coverage,Adds complementary perspective,No material redundancy identified,72,Broadens topic coverage; Deepens existing research; Adds unique evidence; Adds unique witness; Improves chronology; Strengthens cross-series research; Fills research gap,fail,pass,pass,"This episode broadens and deepens the Historical UFO Cases destination topic. It is already connected to Kona Blue Proposed UAP Program; it contributes unique evidence, historical context; it fills gaps in missing podcast series, witness/investigator diversity, organization/investigation coverage, recognized Case coverage. Topic Coverage Score 72/100 indicates material improvement. The candidate contributes unique evidence, historical context; it fills missing podcast series, witness/investigator diversity, organization/investigation coverage, recognized Case coverage.",low,do_not_recommend,pending,
Historical UFO Cases,Need to Know,50,Need to Know Episode #50 — More UFO Lies & Coverup,2024-need-to-know-episode-50,10 existing related entities; 10 episodes across 1 podcast series; 0 recognized cases; 0 linked people; 0 documents; 0 organizations; 1 explicit years.,established content base,"missing podcast series: MERGED, Need to Know, WEAPONIZED; limited witness/investigator diversity; limited document coverage; limited organization/investigation coverage; limited explicit chronology; limited recognized Case entity coverage",yes,material improvement,unique evidence; historical context,missing podcast series; witness/investigator diversity; organization/investigation coverage; recognized Case coverage,Adds complementary perspective,No material redundancy identified,70,Broadens topic coverage; Deepens existing research; Adds unique evidence; Adds unique witness; Improves chronology; Strengthens cross-series research; Fills research gap,fail,pass,pass,"This episode broadens and deepens the Historical UFO Cases destination topic. It is already connected to Kona Blue Proposed UAP Program; it contributes unique evidence, historical context; it fills gaps in missing podcast series, witness/investigator diversity, organization/investigation coverage, recognized Case coverage. Topic Coverage Score 70/100 indicates material improvement. The candidate contributes unique evidence, historical context; it fills missing podcast series, witness/investigator diversity, organization/investigation coverage, recognized Case coverage.",low,do_not_recommend,pending,
Historical UFO Cases,Need to Know,52,Need to Know Episode #52 — Swagger and Secrets,2024-need-to-know-episode-52,10 existing related entities; 10 episodes across 1 podcast series; 0 recognized cases; 0 linked people; 0 documents; 0 organizations; 1 explicit years.,established content base,"missing podcast series: MERGED, Need to Know, WEAPONIZED; limited witness/investigator diversity; limited document coverage; limited organization/investigation coverage; limited explicit chronology; limited recognized Case entity coverage",yes,material improvement,unique evidence; historical context,missing podcast series; witness/investigator diversity; organization/investigation coverage; recognized Case coverage,Adds complementary perspective,No material redundancy identified,70,Broadens topic coverage; Deepens existing research; Adds unique evidence; Adds unique witness; Improves chronology; Strengthens cross-series research; Fills research gap,fail,pass,pass,"This episode broadens and deepens the Historical UFO Cases destination topic. It is already connected to Kona Blue Proposed UAP Program; it contributes unique evidence, historical context; it fills gaps in missing podcast series, witness/investigator diversity, organization/investigation coverage, recognized Case coverage. Topic Coverage Score 70/100 indicates material improvement. The candidate contributes unique evidence, historical context; it fills missing podcast series, witness/investigator diversity, organization/investigation coverage, recognized Case coverage.",low,do_not_recommend,pending,
Historical UFO Cases,WEAPONIZED,46,"WEAPONIZED Episode #46 — Richard Dolan on Disclosure, History, and USO Cases",2024-weaponized-episode-46,10 existing related entities; 10 episodes across 1 podcast series; 0 recognized cases; 0 linked people; 0 documents; 0 organizations; 1 explicit years.,established content base,"missing podcast series: MERGED, Need to Know, WEAPONIZED; limited witness/investigator diversity; limited document coverage; limited organization/investigation coverage; limited explicit chronology; limited recognized Case entity coverage",yes,material improvement,unique investigator; historical context; technical analysis,missing podcast series; witness/investigator diversity; organization/investigation coverage; recognized Case coverage,Adds complementary perspective,No material redundancy identified,80,Broadens topic coverage; Deepens existing research; Adds unique witness; Adds unique investigator; Improves chronology; Strengthens cross-series research; Fills research gap,pass,pass,pass,"This episode broadens and deepens the Historical UFO Cases destination topic. It is already connected to 2017 Iraq Jellyfish UAP Incident, Skinwalker Ranch; it contributes unique investigator, historical context, technical analysis; it fills gaps in missing podcast series, witness/investigator diversity, organization/investigation coverage, recognized Case coverage. Topic Coverage Score 80/100 indicates material improvement. The candidate contributes unique investigator, historical context, technical analysis; it fills missing podcast series, witness/investigator diversity, organization/investigation coverage, recognized Case coverage.",high,recommend_approval,pending,
Historical UFO Cases,WEAPONIZED,47,WEAPONIZED Episode #47 — The Jellyfish UAP Investigation,2024-weaponized-episode-47,10 existing related entities; 10 episodes across 1 podcast series; 0 recognized cases; 0 linked people; 0 documents; 0 organizations; 1 explicit years.,established content base,"missing podcast series: MERGED, Need to Know, WEAPONIZED; limited witness/investigator diversity; limited document coverage; limited organization/investigation coverage; limited explicit chronology; limited recognized Case entity coverage",yes,material improvement,unique investigator; unique evidence; historical context,missing podcast series; witness/investigator diversity; organization/investigation coverage; chronology; recognized Case coverage,Adds complementary perspective,No material redundancy identified,82,Broadens topic coverage; Deepens existing research; Adds unique evidence; Adds unique witness; Adds unique investigator; Improves chronology; Strengthens cross-series research; Fills research gap,pass,pass,pass,"This episode broadens and deepens the Historical UFO Cases destination topic. It is already connected to 2017 Iraq Jellyfish UAP Incident, Skinwalker Ranch; it contributes unique investigator, unique evidence, historical context; it fills gaps in missing podcast series, witness/investigator diversity, organization/investigation coverage, chronology, recognized Case coverage. Topic Coverage Score 82/100 indicates material improvement. The candidate contributes unique investigator, unique evidence, historical context; it fills missing podcast series, witness/investigator diversity, organization/investigation coverage, chronology, recognized Case coverage.",high,recommend_approval,pending,
Historical UFO Cases,WEAPONIZED,48,"WEAPONIZED Episode #48 — Ernest Cline, UFO History, and Science-Fiction Culture",2024-weaponized-episode-48,10 existing related entities; 10 episodes across 1 podcast series; 0 recognized cases; 0 linked people; 0 documents; 0 organizations; 1 explicit years.,established content base,"missing podcast series: MERGED, Need to Know, WEAPONIZED; limited witness/investigator diversity; limited document coverage; limited organization/investigation coverage; limited explicit chronology; limited recognized Case entity coverage",yes,material improvement,unique investigator; historical context; technical analysis,missing podcast series; witness/investigator diversity; recognized Case coverage,Adds complementary perspective,No material redundancy identified,66,Broadens topic coverage; Deepens existing research; Adds unique witness; Adds unique investigator; Improves chronology; Strengthens cross-series research; Fills research gap,pass,pass,pass,"This episode broadens and deepens the Historical UFO Cases destination topic. It is already connected to 2017 Iraq Jellyfish UAP Incident, Skinwalker Ranch; it contributes unique investigator, historical context, technical analysis; it fills gaps in missing podcast series, witness/investigator diversity, recognized Case coverage. Topic Coverage Score 66/100 indicates material improvement. The candidate contributes unique investigator, historical context, technical analysis; it fills missing podcast series, witness/investigator diversity, recognized Case coverage.",high,recommend_approval,pending,
Historical UFO Cases,WEAPONIZED,49,"WEAPONIZED Episode #49 — Pushback, AARO, and the UFO Information War",2024-weaponized-episode-49,10 existing related entities; 10 episodes across 1 podcast series; 0 recognized cases; 0 linked people; 0 documents; 0 organizations; 1 explicit years.,established content base,"missing podcast series: MERGED, Need to Know, WEAPONIZED; limited witness/investigator diversity; limited document coverage; limited organization/investigation coverage; limited explicit chronology; limited recognized Case entity coverage",yes,material improvement,,missing podcast series; witness/investigator diversity; organization/investigation coverage; recognized Case coverage,Adds complementary perspective,No material redundancy identified,62,Broadens topic coverage; Deepens existing research; Adds unique witness; Strengthens cross-series research; Fills research gap,fail,pass,pass,"This episode broadens and deepens the Historical UFO Cases destination topic. It is already connected to 2017 Iraq Jellyfish UAP Incident, Area 51; it fills gaps in missing podcast series, witness/investigator diversity, organization/investigation coverage, recognized Case coverage. Topic Coverage Score 62/100 indicates material improvement. The candidate contributes no clearly machine-identifiable unique contribution; it fills missing podcast series, witness/investigator diversity, organization/investigation coverage, recognized Case coverage.",low,do_not_recommend,pending,
Historical UFO Cases,WEAPONIZED,50,WEAPONIZED Episode #50 — Washington Update on UAP Transparency and Congressional Oversight,2024-weaponized-episode-50,10 existing related entities; 10 episodes across 1 podcast series; 0 recognized cases; 0 linked people; 0 documents; 0 organizations; 1 explicit years.,established content base,"missing podcast series: MERGED, Need to Know, WEAPONIZED; limited witness/investigator diversity; limited document coverage; limited organization/investigation coverage; limited explicit chronology; limited recognized Case entity coverage",yes,material improvement,unique witness; unique evidence; primary-source discussion,missing podcast series; witness/investigator diversity; organization/investigation coverage; recognized Case coverage,Adds complementary perspective,No material redundancy identified,70,Broadens topic coverage; Deepens existing research; Adds unique evidence; Adds unique witness; Strengthens cross-series research; Fills research gap,fail,pass,pass,"This episode broadens and deepens the Historical UFO Cases destination topic. It is already connected to 2017 Iraq Jellyfish UAP Incident, Skinwalker Ranch; it contributes unique witness, unique evidence, primary-source discussion; it fills gaps in missing podcast series, witness/investigator diversity, organization/investigation coverage, recognized Case coverage. Topic Coverage Score 70/100 indicates material improvement. The candidate contributes unique witness, unique evidence, primary-source discussion; it fills missing podcast series, witness/investigator diversity, organization/investigation coverage, recognized Case coverage.",low,do_not_recommend,pending,
Historical UFO Cases,WEAPONIZED,51,WEAPONIZED Episode #51 — Unreleased Episode Placeholder,2024-weaponized-episode-51,10 existing related entities; 10 episodes across 1 podcast series; 0 recognized cases; 0 linked people; 0 documents; 0 organizations; 1 explicit years.,established content base,"missing podcast series: MERGED, Need to Know, WEAPONIZED; limited witness/investigator diversity; limited document coverage; limited organization/investigation coverage; limited explicit chronology; limited recognized Case entity coverage",uncertain,possible improvement requiring human review,,missing podcast series; witness/investigator diversity; recognized Case coverage,Adds complementary perspective,No material redundancy identified,50,Broadens topic coverage; Deepens existing research; Adds unique witness; Strengthens cross-series research; Fills research gap,fail,needs_review,pass,"This episode broadens and deepens the Historical UFO Cases destination topic. It is already connected to 2017 Iraq Jellyfish UAP Incident, Skinwalker Ranch; it fills gaps in missing podcast series, witness/investigator diversity, recognized Case coverage. Topic Coverage Score 50/100 indicates possible improvement requiring human review. The candidate contributes no clearly machine-identifiable unique contribution; it fills missing podcast series, witness/investigator diversity, recognized Case coverage.",low,do_not_recommend,pending,
Historical UFO Cases,WEAPONIZED,52,WEAPONIZED Episode #52 — Season Finale and AARO Historical Report Review,2024-weaponized-episode-52,10 existing related entities; 10 episodes across 1 podcast series; 0 recognized cases; 0 linked people; 0 documents; 0 organizations; 1 explicit years.,established content base,"missing podcast series: MERGED, Need to Know, WEAPONIZED; limited witness/investigator diversity; limited document coverage; limited organization/investigation coverage; limited explicit chronology; limited recognized Case entity coverage",yes,material improvement,unique investigator; unique evidence; historical context,missing podcast series; witness/investigator diversity; organization/investigation coverage; recognized Case coverage,Adds complementary perspective,No material redundancy identified,82,Broadens topic coverage; Deepens existing research; Adds unique evidence; Adds unique witness; Adds unique investigator; Improves chronology; Strengthens cross-series research; Fills research gap,pass,pass,pass,"This episode broadens and deepens the Historical UFO Cases destination topic. It is already connected to 2017 Iraq Jellyfish UAP Incident, Kona Blue Proposed UAP Program; it contributes unique investigator, unique evidence, historical context; it fills gaps in missing podcast series, witness/investigator diversity, organization/investigation coverage, recognized Case coverage. Topic Coverage Score 82/100 indicates material improvement. The candidate contributes unique investigator, unique evidence, historical context; it fills missing podcast series, witness/investigator diversity, organization/investigation coverage, recognized Case coverage.",high,recommend_approval,pending,
Historical UFO Cases,WEAPONIZED,53,"WEAPONIZED Episode #53 — Kona Blue, AARO, and Continuing UAP Incursions",2024-weaponized-episode-53,10 existing related entities; 10 episodes across 1 podcast series; 0 recognized cases; 0 linked people; 0 documents; 0 organizations; 1 explicit years.,established content base,"missing podcast series: MERGED, Need to Know, WEAPONIZED; limited witness/investigator diversity; limited document coverage; limited organization/investigation coverage; limited explicit chronology; limited recognized Case entity coverage",yes,material improvement,unique witness; unique evidence; competing interpretation; primary-source discussion,missing podcast series; witness/investigator diversity; organization/investigation coverage; recognized Case coverage,Adds complementary perspective,No material redundancy identified,78,Broadens topic coverage; Deepens existing research; Adds unique evidence; Adds unique witness; Strengthens cross-series research; Fills research gap,pass,pass,pass,"This episode broadens and deepens the Historical UFO Cases destination topic. It is already connected to 2017 Iraq Jellyfish UAP Incident, Kona Blue Proposed UAP Program; it contributes unique witness, unique evidence, competing interpretation; it fills gaps in missing podcast series, witness/investigator diversity, organization/investigation coverage, recognized Case coverage. Topic Coverage Score 78/100 indicates material improvement. The candidate contributes unique witness, unique evidence, competing interpretation; it fills missing podcast series, witness/investigator diversity, organization/investigation coverage, recognized Case coverage.",medium,recommend_approval,pending,
Historical UFO Cases,WEAPONIZED,54,"WEAPONIZED Episode #54 — Pantex, Nuclear-Site UAP Incursions, and FOIA Records",2024-weaponized-episode-54,10 existing related entities; 10 episodes across 1 podcast series; 0 recognized cases; 0 linked people; 0 documents; 0 organizations; 1 explicit years.,established content base,"missing podcast series: MERGED, Need to Know, WEAPONIZED; limited witness/investigator diversity; limited document coverage; limited organization/investigation coverage; limited explicit chronology; limited recognized Case entity coverage",yes,material improvement,unique evidence,missing podcast series; witness/investigator diversity; organization/investigation coverage; chronology; recognized Case coverage,Adds complementary perspective,No material redundancy identified,77,Broadens topic coverage; Deepens existing research; Adds unique evidence; Adds unique witness; Improves chronology; Strengthens cross-series research; Fills research gap,pass,pass,pass,"This episode broadens and deepens the Historical UFO Cases destination topic. It is already connected to 2015 Pantex Diamond-Shaped UAP Incident, 2017 Iraq Jellyfish UAP Incident; it contributes unique evidence; it fills gaps in missing podcast series, witness/investigator diversity, organization/investigation coverage, chronology, recognized Case coverage. Topic Coverage Score 77/100 indicates material improvement. The candidate contributes unique evidence; it fills missing podcast series, witness/investigator diversity, organization/investigation coverage, chronology, recognized Case coverage.",high,recommend_approval,pending,
Historical UFO Cases,WEAPONIZED,55,"WEAPONIZED Episode #55 — AARO, Congressional Oversight, and the Kirkpatrick Interview",2024-weaponized-episode-55,10 existing related entities; 10 episodes across 1 podcast series; 0 recognized cases; 0 linked people; 0 documents; 0 organizations; 1 explicit years.,established content base,"missing podcast series: MERGED, Need to Know, WEAPONIZED; limited witness/investigator diversity; limited document coverage; limited organization/investigation coverage; limited explicit chronology; limited recognized Case entity coverage",yes,material improvement,competing interpretation,missing podcast series; witness/investigator diversity; organization/investigation coverage; chronology; recognized Case coverage,Adds complementary perspective,No material redundancy identified,82,Broadens topic coverage; Deepens existing research; Adds unique witness; Improves chronology; Strengthens cross-series research; Fills research gap,pass,pass,pass,"This episode broadens and deepens the Historical UFO Cases destination topic. It is already connected to 2004 Nimitz Encounter, 2014–2015 East Coast Navy Encounters; it contributes competing interpretation; it fills gaps in missing podcast series, witness/investigator diversity, organization/investigation coverage, chronology, recognized Case coverage. Topic Coverage Score 82/100 indicates material improvement. The candidate contributes competing interpretation; it fills missing podcast series, witness/investigator diversity, organization/investigation coverage, chronology, recognized Case coverage.",medium,recommend_approval,pending,
Historical UFO Cases,WEAPONIZED,56,"WEAPONIZED Episode #56 — Las Vegas Update, Dave Navarro, and Crop Circle History",2024-weaponized-episode-56,10 existing related entities; 10 episodes across 1 podcast series; 0 recognized cases; 0 linked people; 0 documents; 0 organizations; 1 explicit years.,established content base,"missing podcast series: MERGED, Need to Know, WEAPONIZED; limited witness/investigator diversity; limited document coverage; limited organization/investigation coverage; limited explicit chronology; limited recognized Case entity coverage",yes,material improvement,unique investigator; historical context,missing podcast series; witness/investigator diversity; chronology; recognized Case coverage,Adds complementary perspective,No material redundancy identified,75,Broadens topic coverage; Deepens existing research; Adds unique witness; Adds unique investigator; Improves chronology; Strengthens cross-series research; Fills research gap,pass,pass,pass,"This episode broadens and deepens the Historical UFO Cases destination topic. It is already connected to 2017 Iraq Jellyfish UAP Incident, Skinwalker Ranch; it contributes unique investigator, historical context; it fills gaps in missing podcast series, witness/investigator diversity, chronology, recognized Case coverage. Topic Coverage Score 75/100 indicates material improvement. The candidate contributes unique investigator, historical context; it fills missing podcast series, witness/investigator diversity, chronology, recognized Case coverage.",high,recommend_approval,pending,
Historical UFO Cases,WEAPONIZED,57,WEAPONIZED Episode #57 — The Colares UFO Attacks and Brazilian Military Files,2024-weaponized-episode-57,10 existing related entities; 10 episodes across 1 podcast series; 0 recognized cases; 0 linked people; 0 documents; 0 organizations; 1 explicit years.,established content base,"missing podcast series: MERGED, Need to Know, WEAPONIZED; limited witness/investigator diversity; limited document coverage; limited organization/investigation coverage; limited explicit chronology; limited recognized Case entity coverage",yes,material improvement,unique investigator; historical context,missing podcast series; witness/investigator diversity; organization/investigation coverage; chronology; recognized Case coverage,Adds complementary perspective,No material redundancy identified,86,Broadens topic coverage; Deepens existing research; Adds unique witness; Adds unique investigator; Improves chronology; Strengthens cross-series research; Fills research gap,pass,pass,pass,"This episode broadens and deepens the Historical UFO Cases destination topic. It is already connected to 2017 Iraq Jellyfish UAP Incident, Colares UFO Incidents; it contributes unique investigator, historical context; it fills gaps in missing podcast series, witness/investigator diversity, organization/investigation coverage, chronology, recognized Case coverage. Topic Coverage Score 86/100 indicates material improvement. The candidate contributes unique investigator, historical context; it fills missing podcast series, witness/investigator diversity, organization/investigation coverage, chronology, recognized Case coverage.",high,recommend_approval,pending,
Historical UFO Cases,WEAPONIZED,58,WEAPONIZED Episode #58 — UFO Transparency in the Corridors of Power,2024-weaponized-episode-58,10 existing related entities; 10 episodes across 1 podcast series; 0 recognized cases; 0 linked people; 0 documents; 0 organizations; 1 explicit years.,established content base,"missing podcast series: MERGED, Need to Know, WEAPONIZED; limited witness/investigator diversity; limited document coverage; limited organization/investigation coverage; limited explicit chronology; limited recognized Case entity coverage",yes,material improvement,,missing podcast series; witness/investigator diversity; organization/investigation coverage; chronology; recognized Case coverage,Adds complementary perspective,No material redundancy identified,64,Broadens topic coverage; Deepens existing research; Adds unique witness; Improves chronology; Strengthens cross-series research; Fills research gap,fail,pass,pass,"This episode broadens and deepens the Historical UFO Cases destination topic. It is already connected to 2017 Iraq Jellyfish UAP Incident, Skinwalker Ranch; it fills gaps in missing podcast series, witness/investigator diversity, organization/investigation coverage, chronology, recognized Case coverage. Topic Coverage Score 64/100 indicates material improvement. The candidate contributes no clearly machine-identifiable unique contribution; it fills missing podcast series, witness/investigator diversity, organization/investigation coverage, chronology, recognized Case coverage.",low,do_not_recommend,pending,
Historical UFO Cases,WEAPONIZED,59,WEAPONIZED Episode #59 — Journalists vs. Secrecy,2024-weaponized-episode-59,10 existing related entities; 10 episodes across 1 podcast series; 0 recognized cases; 0 linked people; 0 documents; 0 organizations; 1 explicit years.,established content base,"missing podcast series: MERGED, Need to Know, WEAPONIZED; limited witness/investigator diversity; limited document coverage; limited organization/investigation coverage; limited explicit chronology; limited recognized Case entity coverage",yes,material improvement,unique investigator; unique evidence,missing podcast series; witness/investigator diversity; organization/investigation coverage; recognized Case coverage,Adds complementary perspective,No material redundancy identified,78,Broadens topic coverage; Deepens existing research; Adds unique evidence; Adds unique witness; Adds unique investigator; Strengthens cross-series research; Fills research gap,fail,pass,pass,"This episode broadens and deepens the Historical UFO Cases destination topic. It is already connected to 2017 Iraq Jellyfish UAP Incident, Skinwalker Ranch; it contributes unique investigator, unique evidence; it fills gaps in missing podcast series, witness/investigator diversity, organization/investigation coverage, recognized Case coverage. Topic Coverage Score 78/100 indicates material improvement. The candidate contributes unique investigator, unique evidence; it fills missing podcast series, witness/investigator diversity, organization/investigation coverage, recognized Case coverage.",low,do_not_recommend,pending,
Historical UFO Cases,WEAPONIZED,60,WEAPONIZED Episode #60 — WEAPONIZED Series Overview,2024-weaponized-episode-60,10 existing related entities; 10 episodes across 1 podcast series; 0 recognized cases; 0 linked people; 0 documents; 0 organizations; 1 explicit years.,established content base,"missing podcast series: MERGED, Need to Know, WEAPONIZED; limited witness/investigator diversity; limited document coverage; limited organization/investigation coverage; limited explicit chronology; limited recognized Case entity coverage",yes,material improvement,unique investigator; unique evidence,missing podcast series; witness/investigator diversity; recognized Case coverage,Adds complementary perspective,No material redundancy identified,67,Broadens topic coverage; Deepens existing research; Adds unique evidence; Adds unique witness; Adds unique investigator; Strengthens cross-series research; Fills research gap,pass,pass,pass,"This episode broadens and deepens the Historical UFO Cases destination topic. It is already connected to 2017 Iraq Jellyfish UAP Incident, Skinwalker Ranch; it contributes unique investigator, unique evidence; it fills gaps in missing podcast series, witness/investigator diversity, recognized Case coverage. Topic Coverage Score 67/100 indicates material improvement. The candidate contributes unique investigator, unique evidence; it fills missing podcast series, witness/investigator diversity, recognized Case coverage.",medium,recommend_approval,pending,
Historical UFO Cases,WEAPONIZED,61,WEAPONIZED Episode #61 — The Tic Tac at Twenty,2024-weaponized-episode-61,10 existing related entities; 10 episodes across 1 podcast series; 0 recognized cases; 0 linked people; 0 documents; 0 organizations; 1 explicit years.,established content base,"missing podcast series: MERGED, Need to Know, WEAPONIZED; limited witness/investigator diversity; limited document coverage; limited organization/investigation coverage; limited explicit chronology; limited recognized Case entity coverage",yes,material improvement,unique witness; technical analysis,missing podcast series; witness/investigator diversity; chronology; recognized Case coverage,Adds complementary perspective,No material redundancy identified,77,Broadens topic coverage; Deepens existing research; Adds unique witness; Improves chronology; Strengthens cross-series research; Fills research gap,pass,pass,pass,"This episode broadens and deepens the Historical UFO Cases destination topic. It is already connected to 2004 Nimitz Encounter, 2017 Iraq Jellyfish UAP Incident; it contributes unique witness, technical analysis; it fills gaps in missing podcast series, witness/investigator diversity, chronology, recognized Case coverage. Topic Coverage Score 77/100 indicates material improvement. The candidate contributes unique witness, technical analysis; it fills missing podcast series, witness/investigator diversity, chronology, recognized Case coverage.",high,recommend_approval,pending,
Historical UFO Cases,WEAPONIZED,62,"WEAPONIZED Episode #62 — Sky Intruders, Drones, and a Transmedium UFO Video",2024-weaponized-episode-62,10 existing related entities; 10 episodes across 1 podcast series; 0 recognized cases; 0 linked people; 0 documents; 0 organizations; 1 explicit years.,established content base,"missing podcast series: MERGED, Need to Know, WEAPONIZED; limited witness/investigator diversity; limited document coverage; limited organization/investigation coverage; limited explicit chronology; limited recognized Case entity coverage",yes,material improvement,unique evidence,missing podcast series; witness/investigator diversity; chronology; recognized Case coverage,Adds complementary perspective,No material redundancy identified,78,Broadens topic coverage; Deepens existing research; Adds unique evidence; Adds unique witness; Improves chronology; Strengthens cross-series research; Fills research gap,pass,pass,pass,"This episode broadens and deepens the Historical UFO Cases destination topic. It is already connected to 2004 Nimitz Encounter, 2017 Iraq Jellyfish UAP Incident; it contributes unique evidence; it fills gaps in missing podcast series, witness/investigator diversity, chronology, recognized Case coverage. Topic Coverage Score 78/100 indicates material improvement. The candidate contributes unique evidence; it fills missing podcast series, witness/investigator diversity, chronology, recognized Case coverage.",high,recommend_approval,pending,
Historical UFO Cases,WEAPONIZED,63,WEAPONIZED Episode #63 — Mystery Drones and Australia’s Saucer Nests,2024-weaponized-episode-63,10 existing related entities; 10 episodes across 1 podcast series; 0 recognized cases; 0 linked people; 0 documents; 0 organizations; 1 explicit years.,established content base,"missing podcast series: MERGED, Need to Know, WEAPONIZED; limited witness/investigator diversity; limited document coverage; limited organization/investigation coverage; limited explicit chronology; limited recognized Case entity coverage",yes,material improvement,unique investigator; unique evidence; historical context,missing podcast series; witness/investigator diversity; organization/investigation coverage; recognized Case coverage,Adds complementary perspective,No material redundancy identified,82,Broadens topic coverage; Deepens existing research; Adds unique evidence; Adds unique witness; Adds unique investigator; Improves chronology; Strengthens cross-series research; Fills research gap,pass,pass,pass,"This episode broadens and deepens the Historical UFO Cases destination topic. It is already connected to 2017 Iraq Jellyfish UAP Incident, Queensland Saucer Nests; it contributes unique investigator, unique evidence, historical context; it fills gaps in missing podcast series, witness/investigator diversity, organization/investigation coverage, recognized Case coverage. Topic Coverage Score 82/100 indicates material improvement. The candidate contributes unique investigator, unique evidence, historical context; it fills missing podcast series, witness/investigator diversity, organization/investigation coverage, recognized Case coverage.",high,recommend_approval,pending,
Historical UFO Cases,WEAPONIZED,64,WEAPONIZED Episode #64 — The 2024 UAP Year in Review,2024-weaponized-episode-64,10 existing related entities; 10 episodes across 1 podcast series; 0 recognized cases; 0 linked people; 0 documents; 0 organizations; 1 explicit years.,established content base,"missing podcast series: MERGED, Need to Know, WEAPONIZED; limited witness/investigator diversity; limited document coverage; limited organization/investigation coverage; limited explicit chronology; limited recognized Case entity coverage",yes,material improvement,unique witness; unique investigator; competing interpretation,missing podcast series; witness/investigator diversity; organization/investigation coverage; chronology; recognized Case coverage,Adds complementary perspective,No material redundancy identified,85,Broadens topic coverage; Deepens existing research; Adds unique witness; Adds unique investigator; Improves chronology; Strengthens cross-series research; Fills research gap,fail,pass,pass,"This episode broadens and deepens the Historical UFO Cases destination topic. It is already connected to 2017 Iraq Jellyfish UAP Incident, Kona Blue Proposed UAP Program; it contributes unique witness, unique investigator, competing interpretation; it fills gaps in missing podcast series, witness/investigator diversity, organization/investigation coverage, chronology, recognized Case coverage. Topic Coverage Score 85/100 indicates material improvement. The candidate contributes unique witness, unique investigator, competing interpretation; it fills missing podcast series, witness/investigator diversity, organization/investigation coverage, chronology, recognized Case coverage.",low,do_not_recommend,pending,
Historical UFO Cases,WEAPONIZED,100,WEAPONIZED Episode #100 — Creatures From Another World? The UFO–Cryptid Connection,2025-weaponized-episode-100,10 existing related entities; 10 episodes across 1 podcast series; 0 recognized cases; 0 linked people; 0 documents; 0 organizations; 1 explicit years.,established content base,"missing podcast series: MERGED, Need to Know, WEAPONIZED; limited witness/investigator diversity; limited document coverage; limited organization/investigation coverage; limited explicit chronology; limited recognized Case entity coverage",yes,material improvement,unique evidence,missing podcast series; witness/investigator diversity; organization/investigation coverage; recognized Case coverage,Adds complementary perspective,No material redundancy identified,66,Broadens topic coverage; Deepens existing research; Adds unique evidence; Adds unique witness; Strengthens cross-series research; Fills research gap,pass,pass,pass,"This episode broadens and deepens the Historical UFO Cases destination topic. It is already connected to 2017 Iraq Jellyfish UAP Incident, Skinwalker Ranch; it contributes unique evidence; it fills gaps in missing podcast series, witness/investigator diversity, organization/investigation coverage, recognized Case coverage. Topic Coverage Score 66/100 indicates material improvement. The candidate contributes unique evidence; it fills missing podcast series, witness/investigator diversity, organization/investigation coverage, recognized Case coverage.",high,recommend_approval,pending,
Historical UFO Cases,WEAPONIZED,101,WEAPONIZED Episode #101 — Congressional UAP Champions on What Comes Next,2025-weaponized-episode-101,10 existing related entities; 10 episodes across 1 podcast series; 0 recognized cases; 0 linked people; 0 documents; 0 organizations; 1 explicit years.,established content base,"missing podcast series: MERGED, Need to Know, WEAPONIZED; limited witness/investigator diversity; limited document coverage; limited organization/investigation coverage; limited explicit chronology; limited recognized Case entity coverage",yes,material improvement,unique witness; unique evidence; competing interpretation,missing podcast series; witness/investigator diversity; organization/investigation coverage; recognized Case coverage,Adds complementary perspective,No material redundancy identified,80,Broadens topic coverage; Deepens existing research; Adds unique evidence; Adds unique witness; Strengthens cross-series research; Fills research gap,fail,pass,pass,"This episode broadens and deepens the Historical UFO Cases destination topic. It is already connected to 2017 Iraq Jellyfish UAP Incident, Skinwalker Ranch; it contributes unique witness, unique evidence, competing interpretation; it fills gaps in missing podcast series, witness/investigator diversity, organization/investigation coverage, recognized Case coverage. Topic Coverage Score 80/100 indicates material improvement. The candidate contributes unique witness, unique evidence, competing interpretation; it fills missing podcast series, witness/investigator diversity, organization/investigation coverage, recognized Case coverage.",low,do_not_recommend,pending,
Historical UFO Cases,WEAPONIZED,102,WEAPONIZED Episode #102 — Jacques Vallée — The Bizarre Nature of UFOs,2025-weaponized-episode-102,10 existing related entities; 10 episodes across 1 podcast series; 0 recognized cases; 0 linked people; 0 documents; 0 organizations; 1 explicit years.,established content base,"missing podcast series: MERGED, Need to Know, WEAPONIZED; limited witness/investigator diversity; limited document coverage; limited organization/investigation coverage; limited explicit chronology; limited recognized Case entity coverage",yes,material improvement,unique evidence; historical context; technical analysis,missing podcast series; witness/investigator diversity; organization/investigation coverage; recognized Case coverage,Adds complementary perspective,No material redundancy identified,81,Broadens topic coverage; Deepens existing research; Adds unique evidence; Adds unique witness; Improves chronology; Strengthens cross-series research; Fills research gap,pass,pass,pass,"This episode broadens and deepens the Historical UFO Cases destination topic. It is already connected to 2017 Iraq Jellyfish UAP Incident, Skinwalker Ranch; it contributes unique evidence, historical context, technical analysis; it fills gaps in missing podcast series, witness/investigator diversity, organization/investigation coverage, recognized Case coverage. Topic Coverage Score 81/100 indicates material improvement. The candidate contributes unique evidence, historical context, technical analysis; it fills missing podcast series, witness/investigator diversity, organization/investigation coverage, recognized Case coverage.",high,recommend_approval,pending,
Historical UFO Cases,WEAPONIZED,65,WEAPONIZED Episode #65 — UFO Revolution Premiere Q&A,2025-weaponized-episode-65,10 existing related entities; 10 episodes across 1 podcast series; 0 recognized cases; 0 linked people; 0 documents; 0 organizations; 1 explicit years.,established content base,"missing podcast series: MERGED, Need to Know, WEAPONIZED; limited witness/investigator diversity; limited document coverage; limited organization/investigation coverage; limited explicit chronology; limited recognized Case entity coverage",yes,material improvement,unique witness; unique evidence; competing interpretation; primary-source discussion,missing podcast series; witness/investigator diversity; recognized Case coverage,Adds complementary perspective,No material redundancy identified,73,Broadens topic coverage; Deepens existing research; Adds unique evidence; Adds unique witness; Strengthens cross-series research; Fills research gap,fail,pass,pass,"This episode broadens and deepens the Historical UFO Cases destination topic. It is already connected to 2017 Iraq Jellyfish UAP Incident, Skinwalker Ranch; it contributes unique witness, unique evidence, competing interpretation; it fills gaps in missing podcast series, witness/investigator diversity, recognized Case coverage. Topic Coverage Score 73/100 indicates material improvement. The candidate contributes unique witness, unique evidence, competing interpretation; it fills missing podcast series, witness/investigator diversity, recognized Case coverage.",low,do_not_recommend,pending,
Historical UFO Cases,WEAPONIZED,66,"WEAPONIZED Episode #66 — Mike Gold on NASA, UAP, and Space Research",2025-weaponized-episode-66,10 existing related entities; 10 episodes across 1 podcast series; 0 recognized cases; 0 linked people; 0 documents; 0 organizations; 1 explicit years.,established content base,"missing podcast series: MERGED, Need to Know, WEAPONIZED; limited witness/investigator diversity; limited document coverage; limited organization/investigation coverage; limited explicit chronology; limited recognized Case entity coverage",yes,material improvement,unique investigator; unique evidence; historical context; technical analysis,missing podcast series; witness/investigator diversity; organization/investigation coverage; recognized Case coverage,Adds complementary perspective,No material redundancy identified,77,Broadens topic coverage; Deepens existing research; Adds unique evidence; Adds unique witness; Adds unique investigator; Improves chronology; Strengthens cross-series research; Fills research gap,pass,pass,pass,"This episode broadens and deepens the Historical UFO Cases destination topic. It is already connected to 2017 Iraq Jellyfish UAP Incident, Skinwalker Ranch; it contributes unique investigator, unique evidence, historical context; it fills gaps in missing podcast series, witness/investigator diversity, organization/investigation coverage, recognized Case coverage. Topic Coverage Score 77/100 indicates material improvement. The candidate contributes unique investigator, unique evidence, historical context; it fills missing podcast series, witness/investigator diversity, organization/investigation coverage, recognized Case coverage.",high,recommend_approval,pending,
Historical UFO Cases,WEAPONIZED,67,WEAPONIZED Episode #67 — Richard Dolan’s History of USOs,2025-weaponized-episode-67,10 existing related entities; 10 episodes across 1 podcast series; 0 recognized cases; 0 linked people; 0 documents; 0 organizations; 1 explicit years.,established content base,"missing podcast series: MERGED, Need to Know, WEAPONIZED; limited witness/investigator diversity; limited document coverage; limited organization/investigation coverage; limited explicit chronology; limited recognized Case entity coverage",yes,material improvement,unique witness; unique investigator; unique evidence; historical context; primary-source discussion,missing podcast series; witness/investigator diversity; recognized Case coverage,Adds complementary perspective,No material redundancy identified,72,Broadens topic coverage; Deepens existing research; Adds unique evidence; Adds unique witness; Adds unique investigator; Improves chronology; Strengthens cross-series research; Fills research gap,pass,pass,pass,"This episode broadens and deepens the Historical UFO Cases destination topic. It is already connected to 2017 Iraq Jellyfish UAP Incident, Skinwalker Ranch; it contributes unique witness, unique investigator, unique evidence; it fills gaps in missing podcast series, witness/investigator diversity, recognized Case coverage. Topic Coverage Score 72/100 indicates material improvement. The candidate contributes unique witness, unique investigator, unique evidence; it fills missing podcast series, witness/investigator diversity, recognized Case coverage.",medium,recommend_approval,pending,
Historical UFO Cases,WEAPONIZED,68,WEAPONIZED Episode #68 — Ralph Blumenthal and the 2017 New York Times UFO Story,2025-weaponized-episode-68,10 existing related entities; 10 episodes across 1 podcast series; 0 recognized cases; 0 linked people; 0 documents; 0 organizations; 1 explicit years.,established content base,"missing podcast series: MERGED, Need to Know, WEAPONIZED; limited witness/investigator diversity; limited document coverage; limited organization/investigation coverage; limited explicit chronology; limited recognized Case entity coverage",yes,material improvement,unique evidence,missing podcast series; witness/investigator diversity; organization/investigation coverage; recognized Case coverage,Adds complementary perspective,No material redundancy identified,66,Broadens topic coverage; Deepens existing research; Adds unique evidence; Adds unique witness; Strengthens cross-series research; Fills research gap,pass,pass,pass,"This episode broadens and deepens the Historical UFO Cases destination topic. It is already connected to 2017 Iraq Jellyfish UAP Incident, Skinwalker Ranch; it contributes unique evidence; it fills gaps in missing podcast series, witness/investigator diversity, organization/investigation coverage, recognized Case coverage. Topic Coverage Score 66/100 indicates material improvement. The candidate contributes unique evidence; it fills missing podcast series, witness/investigator diversity, organization/investigation coverage, recognized Case coverage.",high,recommend_approval,pending,
Historical UFO Cases,WEAPONIZED,69,"WEAPONIZED Episode #69 — John Mack, Ariel School, and Reporting the Unreportable",2025-weaponized-episode-69,10 existing related entities; 10 episodes across 1 podcast series; 0 recognized cases; 0 linked people; 0 documents; 0 organizations; 1 explicit years.,established content base,"missing podcast series: MERGED, Need to Know, WEAPONIZED; limited witness/investigator diversity; limited document coverage; limited organization/investigation coverage; limited explicit chronology; limited recognized Case entity coverage",yes,material improvement,unique witness; unique investigator; unique evidence,missing podcast series; witness/investigator diversity; organization/investigation coverage; chronology; recognized Case coverage,Adds complementary perspective,No material redundancy identified,80,Broadens topic coverage; Deepens existing research; Adds unique evidence; Adds unique witness; Adds unique investigator; Improves chronology; Strengthens cross-series research; Fills research gap,pass,pass,pass,"This episode broadens and deepens the Historical UFO Cases destination topic. It is already connected to 1994 Ariel School Encounter, 2017 Iraq Jellyfish UAP Incident; it contributes unique witness, unique investigator, unique evidence; it fills gaps in missing podcast series, witness/investigator diversity, organization/investigation coverage, chronology, recognized Case coverage. Topic Coverage Score 80/100 indicates material improvement. The candidate contributes unique witness, unique investigator, unique evidence; it fills missing podcast series, witness/investigator diversity, organization/investigation coverage, chronology, recognized Case coverage.",high,recommend_approval,pending,
Historical UFO Cases,WEAPONIZED,70,WEAPONIZED Episode #70 — The Age of Disclosure and Media Coverage of UAP,2025-weaponized-episode-70,10 existing related entities; 10 episodes across 1 podcast series; 0 recognized cases; 0 linked people; 0 documents; 0 organizations; 1 explicit years.,established content base,"missing podcast series: MERGED, Need to Know, WEAPONIZED; limited witness/investigator diversity; limited document coverage; limited organization/investigation coverage; limited explicit chronology; limited recognized Case entity coverage",yes,material improvement,unique witness; unique evidence; primary-source discussion,missing podcast series; witness/investigator diversity; organization/investigation coverage; chronology; recognized Case coverage,Adds complementary perspective,No material redundancy identified,80,Broadens topic coverage; Deepens existing research; Adds unique evidence; Adds unique witness; Improves chronology; Strengthens cross-series research; Fills research gap,pass,pass,pass,"This episode broadens and deepens the Historical UFO Cases destination topic. It is already connected to 2004 Nimitz Encounter, 2014–2015 East Coast Navy Encounters; it contributes unique witness, unique evidence, primary-source discussion; it fills gaps in missing podcast series, witness/investigator diversity, organization/investigation coverage, chronology, recognized Case coverage. Topic Coverage Score 80/100 indicates material improvement. The candidate contributes unique witness, unique evidence, primary-source discussion; it fills missing podcast series, witness/investigator diversity, organization/investigation coverage, chronology, recognized Case coverage.",high,recommend_approval,pending,
Historical UFO Cases,WEAPONIZED,71,WEAPONIZED Episode #71 — The Vandenberg Red Square UAP,2025-weaponized-episode-71,10 existing related entities; 10 episodes across 1 podcast series; 0 recognized cases; 0 linked people; 0 documents; 0 organizations; 1 explicit years.,established content base,"missing podcast series: MERGED, Need to Know, WEAPONIZED; limited witness/investigator diversity; limited document coverage; limited organization/investigation coverage; limited explicit chronology; limited recognized Case entity coverage",yes,material improvement,unique witness; unique investigator; unique evidence,missing podcast series; witness/investigator diversity; organization/investigation coverage; recognized Case coverage,Adds complementary perspective,No material redundancy identified,75,Broadens topic coverage; Deepens existing research; Adds unique evidence; Adds unique witness; Adds unique investigator; Strengthens cross-series research; Fills research gap,pass,pass,pass,"This episode broadens and deepens the Historical UFO Cases destination topic. It is already connected to 2017 Iraq Jellyfish UAP Incident, Skinwalker Ranch; it contributes unique witness, unique investigator, unique evidence; it fills gaps in missing podcast series, witness/investigator diversity, organization/investigation coverage, recognized Case coverage. Topic Coverage Score 75/100 indicates material improvement. The candidate contributes unique witness, unique investigator, unique evidence; it fills missing podcast series, witness/investigator diversity, organization/investigation coverage, recognized Case coverage.",high,recommend_approval,pending,
Historical UFO Cases,WEAPONIZED,72,WEAPONIZED Episode #72 — The USS Jackson Tic Tac Video,2025-weaponized-episode-72,10 existing related entities; 10 episodes across 1 podcast series; 0 recognized cases; 0 linked people; 0 documents; 0 organizations; 1 explicit years.,established content base,"missing podcast series: MERGED, Need to Know, WEAPONIZED; limited witness/investigator diversity; limited document coverage; limited organization/investigation coverage; limited explicit chronology; limited recognized Case entity coverage",yes,material improvement,unique evidence,missing podcast series; witness/investigator diversity; organization/investigation coverage; chronology; recognized Case coverage,Adds complementary perspective,No material redundancy identified,76,Broadens topic coverage; Deepens existing research; Adds unique evidence; Adds unique witness; Improves chronology; Strengthens cross-series research; Fills research gap,pass,pass,pass,"This episode broadens and deepens the Historical UFO Cases destination topic. It is already connected to 2004 Nimitz Encounter, 2014–2015 East Coast Navy Encounters; it contributes unique evidence; it fills gaps in missing podcast series, witness/investigator diversity, organization/investigation coverage, chronology, recognized Case coverage. Topic Coverage Score 76/100 indicates material improvement. The candidate contributes unique evidence; it fills missing podcast series, witness/investigator diversity, organization/investigation coverage, chronology, recognized Case coverage.",high,recommend_approval,pending,
Historical UFO Cases,WEAPONIZED,73,WEAPONIZED Episode #73 — USS Jackson Eyewitness Alex Wiggins,2025-weaponized-episode-73,10 existing related entities; 10 episodes across 1 podcast series; 0 recognized cases; 0 linked people; 0 documents; 0 organizations; 1 explicit years.,established content base,"missing podcast series: MERGED, Need to Know, WEAPONIZED; limited witness/investigator diversity; limited document coverage; limited organization/investigation coverage; limited explicit chronology; limited recognized Case entity coverage",yes,material improvement,unique witness; unique evidence; technical analysis,missing podcast series; witness/investigator diversity; organization/investigation coverage; chronology; recognized Case coverage,Adds complementary perspective,No material redundancy identified,81,Broadens topic coverage; Deepens existing research; Adds unique evidence; Adds unique witness; Improves chronology; Strengthens cross-series research; Fills research gap,pass,pass,pass,"This episode broadens and deepens the Historical UFO Cases destination topic. It is already connected to 2004 Nimitz Encounter, 2014–2015 East Coast Navy Encounters; it contributes unique witness, unique evidence, technical analysis; it fills gaps in missing podcast series, witness/investigator diversity, organization/investigation coverage, chronology, recognized Case coverage. Topic Coverage Score 81/100 indicates material improvement. The candidate contributes unique witness, unique evidence, technical analysis; it fills missing podcast series, witness/investigator diversity, organization/investigation coverage, chronology, recognized Case coverage.",high,recommend_approval,pending,
Historical UFO Cases,WEAPONIZED,74,WEAPONIZED Episode #74 — Matthew Brown and Immaculate Constellation — Part 1,2025-weaponized-episode-74,10 existing related entities; 10 episodes across 1 podcast series; 0 recognized cases; 0 linked people; 0 documents; 0 organizations; 1 explicit years.,established content base,"missing podcast series: MERGED, Need to Know, WEAPONIZED; limited witness/investigator diversity; limited document coverage; limited organization/investigation coverage; limited explicit chronology; limited recognized Case entity coverage",yes,material improvement,unique witness; unique evidence; primary-source discussion,missing podcast series; witness/investigator diversity; organization/investigation coverage; recognized Case coverage,Adds complementary perspective,No material redundancy identified,72,Broadens topic coverage; Deepens existing research; Adds unique evidence; Adds unique witness; Strengthens cross-series research; Fills research gap,pass,pass,pass,"This episode broadens and deepens the Historical UFO Cases destination topic. It is already connected to 2017 Iraq Jellyfish UAP Incident, Skinwalker Ranch; it contributes unique witness, unique evidence, primary-source discussion; it fills gaps in missing podcast series, witness/investigator diversity, organization/investigation coverage, recognized Case coverage. Topic Coverage Score 72/100 indicates material improvement. The candidate contributes unique witness, unique evidence, primary-source discussion; it fills missing podcast series, witness/investigator diversity, organization/investigation coverage, recognized Case coverage.",high,recommend_approval,pending,
Historical UFO Cases,WEAPONIZED,75,WEAPONIZED Episode #75 — Matthew Brown and Immaculate Constellation — Part 2,2025-weaponized-episode-75,10 existing related entities; 10 episodes across 1 podcast series; 0 recognized cases; 0 linked people; 0 documents; 0 organizations; 1 explicit years.,established content base,"missing podcast series: MERGED, Need to Know, WEAPONIZED; limited witness/investigator diversity; limited document coverage; limited organization/investigation coverage; limited explicit chronology; limited recognized Case entity coverage",yes,material improvement,unique evidence; primary-source discussion,missing podcast series; witness/investigator diversity; organization/investigation coverage; recognized Case coverage,Adds complementary perspective,No material redundancy identified,72,Broadens topic coverage; Deepens existing research; Adds unique evidence; Adds unique witness; Strengthens cross-series research; Fills research gap,pass,pass,pass,"This episode broadens and deepens the Historical UFO Cases destination topic. It is already connected to 2017 Iraq Jellyfish UAP Incident, Kona Blue Proposed UAP Program; it contributes unique evidence, primary-source discussion; it fills gaps in missing podcast series, witness/investigator diversity, organization/investigation coverage, recognized Case coverage. Topic Coverage Score 72/100 indicates material improvement. The candidate contributes unique evidence, primary-source discussion; it fills missing podcast series, witness/investigator diversity, organization/investigation coverage, recognized Case coverage.",high,recommend_approval,pending,
Historical UFO Cases,WEAPONIZED,76,WEAPONIZED Episode #76 — Matthew Brown and Immaculate Constellation — Part 3,2025-weaponized-episode-76,10 existing related entities; 10 episodes across 1 podcast series; 0 recognized cases; 0 linked people; 0 documents; 0 organizations; 1 explicit years.,established content base,"missing podcast series: MERGED, Need to Know, WEAPONIZED; limited witness/investigator diversity; limited document coverage; limited organization/investigation coverage; limited explicit chronology; limited recognized Case entity coverage",uncertain,possible improvement requiring human review,,missing podcast series; witness/investigator diversity; recognized Case coverage,Adds complementary perspective,No material redundancy identified,52,Broadens topic coverage; Deepens existing research; Adds unique witness; Strengthens cross-series research; Fills research gap,pass,needs_review,pass,"This episode broadens and deepens the Historical UFO Cases destination topic. It is already connected to 2017 Iraq Jellyfish UAP Incident, Skinwalker Ranch; it fills gaps in missing podcast series, witness/investigator diversity, recognized Case coverage. Topic Coverage Score 52/100 indicates possible improvement requiring human review. The candidate contributes no clearly machine-identifiable unique contribution; it fills missing podcast series, witness/investigator diversity, recognized Case coverage.",medium,human_review_needed,pending,
Historical UFO Cases,WEAPONIZED,77,"WEAPONIZED Episode #77 — UAP Briefings, Immaculate Constellation, and the Jellyfish Debate",2025-weaponized-episode-77,10 existing related entities; 10 episodes across 1 podcast series; 0 recognized cases; 0 linked people; 0 documents; 0 organizations; 1 explicit years.,established content base,"missing podcast series: MERGED, Need to Know, WEAPONIZED; limited witness/investigator diversity; limited document coverage; limited organization/investigation coverage; limited explicit chronology; limited recognized Case entity coverage",yes,material improvement,competing interpretation,missing podcast series; witness/investigator diversity; organization/investigation coverage; recognized Case coverage,Adds complementary perspective,No material redundancy identified,70,Broadens topic coverage; Deepens existing research; Adds unique witness; Strengthens cross-series research; Fills research gap,pass,pass,pass,"This episode broadens and deepens the Historical UFO Cases destination topic. It is already connected to 2017 Iraq Jellyfish UAP Incident, Kona Blue Proposed UAP Program; it contributes competing interpretation; it fills gaps in missing podcast series, witness/investigator diversity, organization/investigation coverage, recognized Case coverage. Topic Coverage Score 70/100 indicates material improvement. The candidate contributes competing interpretation; it fills missing podcast series, witness/investigator diversity, organization/investigation coverage, recognized Case coverage.",medium,recommend_approval,pending,
Historical UFO Cases,WEAPONIZED,78,"WEAPONIZED Episode #78 — Sean Kirkpatrick, AARO, and UFO Politics",2025-weaponized-episode-78,10 existing related entities; 10 episodes across 1 podcast series; 0 recognized cases; 0 linked people; 0 documents; 0 organizations; 1 explicit years.,established content base,"missing podcast series: MERGED, Need to Know, WEAPONIZED; limited witness/investigator diversity; limited document coverage; limited organization/investigation coverage; limited explicit chronology; limited recognized Case entity coverage",yes,material improvement,unique witness; historical context,missing podcast series; witness/investigator diversity; organization/investigation coverage; recognized Case coverage,Adds complementary perspective,No material redundancy identified,74,Broadens topic coverage; Deepens existing research; Adds unique witness; Improves chronology; Strengthens cross-series research; Fills research gap,fail,pass,pass,"This episode broadens and deepens the Historical UFO Cases destination topic. It is already connected to 2017 Iraq Jellyfish UAP Incident, Kona Blue Proposed UAP Program; it contributes unique witness, historical context; it fills gaps in missing podcast series, witness/investigator diversity, organization/investigation coverage, recognized Case coverage. Topic Coverage Score 74/100 indicates material improvement. The candidate contributes unique witness, historical context; it fills missing podcast series, witness/investigator diversity, organization/investigation coverage, recognized Case coverage.",low,do_not_recommend,pending,
Historical UFO Cases,WEAPONIZED,79,WEAPONIZED Episode #79 — The Large Disc UAP Video,2025-weaponized-episode-79,10 existing related entities; 10 episodes across 1 podcast series; 0 recognized cases; 0 linked people; 0 documents; 0 organizations; 1 explicit years.,established content base,"missing podcast series: MERGED, Need to Know, WEAPONIZED; limited witness/investigator diversity; limited document coverage; limited organization/investigation coverage; limited explicit chronology; limited recognized Case entity coverage",yes,material improvement,unique evidence; technical analysis,missing podcast series; witness/investigator diversity; organization/investigation coverage; chronology; recognized Case coverage,Adds complementary perspective,No material redundancy identified,75,Broadens topic coverage; Deepens existing research; Adds unique evidence; Adds unique witness; Improves chronology; Strengthens cross-series research; Fills research gap,pass,pass,pass,"This episode broadens and deepens the Historical UFO Cases destination topic. It is already connected to 2017 Iraq Jellyfish UAP Incident, Large Disc UAP Video; it contributes unique evidence, technical analysis; it fills gaps in missing podcast series, witness/investigator diversity, organization/investigation coverage, chronology, recognized Case coverage. Topic Coverage Score 75/100 indicates material improvement. The candidate contributes unique evidence, technical analysis; it fills missing podcast series, witness/investigator diversity, organization/investigation coverage, chronology, recognized Case coverage.",medium,recommend_approval,pending,
Historical UFO Cases,WEAPONIZED,80,"WEAPONIZED Episode #80 — UFOs, Nuclear Weapons, and the Wall Street Journal",2025-weaponized-episode-80,10 existing related entities; 10 episodes across 1 podcast series; 0 recognized cases; 0 linked people; 0 documents; 0 organizations; 1 explicit years.,established content base,"missing podcast series: MERGED, Need to Know, WEAPONIZED; limited witness/investigator diversity; limited document coverage; limited organization/investigation coverage; limited explicit chronology; limited recognized Case entity coverage",yes,material improvement,unique witness; unique investigator; unique evidence; historical context,missing podcast series; witness/investigator diversity; organization/investigation coverage; recognized Case coverage,Adds complementary perspective,No material redundancy identified,81,Broadens topic coverage; Deepens existing research; Adds unique evidence; Adds unique witness; Adds unique investigator; Improves chronology; Strengthens cross-series research; Fills research gap,pass,pass,pass,"This episode broadens and deepens the Historical UFO Cases destination topic. It is already connected to 2017 Iraq Jellyfish UAP Incident, Kona Blue Proposed UAP Program; it contributes unique witness, unique investigator, unique evidence; it fills gaps in missing podcast series, witness/investigator diversity, organization/investigation coverage, recognized Case coverage. Topic Coverage Score 81/100 indicates material improvement. The candidate contributes unique witness, unique investigator, unique evidence; it fills missing podcast series, witness/investigator diversity, organization/investigation coverage, recognized Case coverage.",high,recommend_approval,pending,
Historical UFO Cases,WEAPONIZED,81,WEAPONIZED Episode #81 — The Full Mosul Orb Video,2025-weaponized-episode-81,10 existing related entities; 10 episodes across 1 podcast series; 0 recognized cases; 0 linked people; 0 documents; 0 organizations; 1 explicit years.,established content base,"missing podcast series: MERGED, Need to Know, WEAPONIZED; limited witness/investigator diversity; limited document coverage; limited organization/investigation coverage; limited explicit chronology; limited recognized Case entity coverage",yes,material improvement,unique investigator; unique evidence,missing podcast series; witness/investigator diversity; organization/investigation coverage; chronology; recognized Case coverage,Adds complementary perspective,No material redundancy identified,78,Broadens topic coverage; Deepens existing research; Adds unique evidence; Adds unique witness; Adds unique investigator; Improves chronology; Strengthens cross-series research; Fills research gap,pass,pass,pass,"This episode broadens and deepens the Historical UFO Cases destination topic. It is already connected to 2016 Mosul Orb Incident, 2017 Iraq Jellyfish UAP Incident; it contributes unique investigator, unique evidence; it fills gaps in missing podcast series, witness/investigator diversity, organization/investigation coverage, chronology, recognized Case coverage. Topic Coverage Score 78/100 indicates material improvement. The candidate contributes unique investigator, unique evidence; it fills missing podcast series, witness/investigator diversity, organization/investigation coverage, chronology, recognized Case coverage.",high,recommend_approval,pending,
Historical UFO Cases,WEAPONIZED,82,"WEAPONIZED Episode #82 — Disclosure, Drones, and Competition for Crash Materials",2025-weaponized-episode-82,10 existing related entities; 10 episodes across 1 podcast series; 0 recognized cases; 0 linked people; 0 documents; 0 organizations; 1 explicit years.,established content base,"missing podcast series: MERGED, Need to Know, WEAPONIZED; limited witness/investigator diversity; limited document coverage; limited organization/investigation coverage; limited explicit chronology; limited recognized Case entity coverage",yes,material improvement,unique witness; unique evidence; competing interpretation,missing podcast series; witness/investigator diversity; organization/investigation coverage; recognized Case coverage,Adds complementary perspective,No material redundancy identified,76,Broadens topic coverage; Deepens existing research; Adds unique evidence; Adds unique witness; Strengthens cross-series research; Fills research gap,fail,pass,pass,"This episode broadens and deepens the Historical UFO Cases destination topic. It is already connected to 2017 Iraq Jellyfish UAP Incident, Skinwalker Ranch; it contributes unique witness, unique evidence, competing interpretation; it fills gaps in missing podcast series, witness/investigator diversity, organization/investigation coverage, recognized Case coverage. Topic Coverage Score 76/100 indicates material improvement. The candidate contributes unique witness, unique evidence, competing interpretation; it fills missing podcast series, witness/investigator diversity, organization/investigation coverage, recognized Case coverage.",low,do_not_recommend,pending,
Historical UFO Cases,WEAPONIZED,83,WEAPONIZED Episode #83 — Storming the Silence — Dave Foley and the Fight for UAP Transparency,2025-weaponized-episode-83,10 existing related entities; 10 episodes across 1 podcast series; 0 recognized cases; 0 linked people; 0 documents; 0 organizations; 1 explicit years.,established content base,"missing podcast series: MERGED, Need to Know, WEAPONIZED; limited witness/investigator diversity; limited document coverage; limited organization/investigation coverage; limited explicit chronology; limited recognized Case entity coverage",yes,material improvement,unique witness,missing podcast series; witness/investigator diversity; organization/investigation coverage; recognized Case coverage,Adds complementary perspective,No material redundancy identified,72,Broadens topic coverage; Deepens existing research; Adds unique witness; Strengthens cross-series research; Fills research gap,fail,pass,pass,"This episode broadens and deepens the Historical UFO Cases destination topic. It is already connected to 2017 Iraq Jellyfish UAP Incident, Skinwalker Ranch; it contributes unique witness; it fills gaps in missing podcast series, witness/investigator diversity, organization/investigation coverage, recognized Case coverage. Topic Coverage Score 72/100 indicates material improvement. The candidate contributes unique witness; it fills missing podcast series, witness/investigator diversity, organization/investigation coverage, recognized Case coverage.",low,do_not_recommend,pending,
Historical UFO Cases,WEAPONIZED,84,WEAPONIZED Episode #84 — False Prophets and Flying Objects — The Whistleblower Wave,2025-weaponized-episode-84,10 existing related entities; 10 episodes across 1 podcast series; 0 recognized cases; 0 linked people; 0 documents; 0 organizations; 1 explicit years.,established content base,"missing podcast series: MERGED, Need to Know, WEAPONIZED; limited witness/investigator diversity; limited document coverage; limited organization/investigation coverage; limited explicit chronology; limited recognized Case entity coverage",yes,material improvement,unique witness; unique evidence; competing interpretation; primary-source discussion,missing podcast series; witness/investigator diversity; organization/investigation coverage; recognized Case coverage,Adds complementary perspective,No material redundancy identified,84,Broadens topic coverage; Deepens existing research; Adds unique evidence; Adds unique witness; Strengthens cross-series research; Fills research gap,pass,pass,pass,"This episode broadens and deepens the Historical UFO Cases destination topic. It is already connected to 2017 Iraq Jellyfish UAP Incident, Skinwalker Ranch; it contributes unique witness, unique evidence, competing interpretation; it fills gaps in missing podcast series, witness/investigator diversity, organization/investigation coverage, recognized Case coverage. Topic Coverage Score 84/100 indicates material improvement. The candidate contributes unique witness, unique evidence, competing interpretation; it fills missing podcast series, witness/investigator diversity, organization/investigation coverage, recognized Case coverage.",medium,recommend_approval,pending,
Historical UFO Cases,WEAPONIZED,85,WEAPONIZED Episode #85 — Weaponized Silence — The UFO Disclosure Dilemma,2025-weaponized-episode-85,10 existing related entities; 10 episodes across 1 podcast series; 0 recognized cases; 0 linked people; 0 documents; 0 organizations; 1 explicit years.,established content base,"missing podcast series: MERGED, Need to Know, WEAPONIZED; limited witness/investigator diversity; limited document coverage; limited organization/investigation coverage; limited explicit chronology; limited recognized Case entity coverage",yes,material improvement,unique witness; unique evidence; primary-source discussion,missing podcast series; witness/investigator diversity; organization/investigation coverage; chronology; recognized Case coverage,Adds complementary perspective,No material redundancy identified,86,Broadens topic coverage; Deepens existing research; Adds unique evidence; Adds unique witness; Improves chronology; Strengthens cross-series research; Fills research gap,fail,pass,pass,"This episode broadens and deepens the Historical UFO Cases destination topic. It is already connected to 2017 Iraq Jellyfish UAP Incident, Skinwalker Ranch; it contributes unique witness, unique evidence, primary-source discussion; it fills gaps in missing podcast series, witness/investigator diversity, organization/investigation coverage, chronology, recognized Case coverage. Topic Coverage Score 86/100 indicates material improvement. The candidate contributes unique witness, unique evidence, primary-source discussion; it fills missing podcast series, witness/investigator diversity, organization/investigation coverage, chronology, recognized Case coverage.",low,do_not_recommend,pending,
Historical UFO Cases,WEAPONIZED,86,"WEAPONIZED Episode #86 — Threats, Intimidation, Prosecution — The Daunting Risks for UFO Whistleblowers",2025-weaponized-episode-86,10 existing related entities; 10 episodes across 1 podcast series; 0 recognized cases; 0 linked people; 0 documents; 0 organizations; 1 explicit years.,established content base,"missing podcast series: MERGED, Need to Know, WEAPONIZED; limited witness/investigator diversity; limited document coverage; limited organization/investigation coverage; limited explicit chronology; limited recognized Case entity coverage",yes,material improvement,unique witness,missing podcast series; witness/investigator diversity; document coverage; organization/investigation coverage; recognized Case coverage,Adds complementary perspective,No material redundancy identified,84,Broadens topic coverage; Deepens existing research; Adds unique evidence; Adds unique witness; Strengthens cross-series research; Fills research gap,fail,pass,pass,"This episode broadens and deepens the Historical UFO Cases destination topic. It is already connected to 2017 Iraq Jellyfish UAP Incident, Skinwalker Ranch; it contributes unique witness; it fills gaps in missing podcast series, witness/investigator diversity, document coverage, organization/investigation coverage, recognized Case coverage. Topic Coverage Score 84/100 indicates material improvement. The candidate contributes unique witness; it fills missing podcast series, witness/investigator diversity, document coverage, organization/investigation coverage, recognized Case coverage.",low,do_not_recommend,pending,
Historical UFO Cases,WEAPONIZED,87,WEAPONIZED Episode #87 — Alien Bodies and Technology — The Lost Tapes of UFO Whistleblower Col. Corso,2025-weaponized-episode-87,10 existing related entities; 10 episodes across 1 podcast series; 0 recognized cases; 0 linked people; 0 documents; 0 organizations; 1 explicit years.,established content base,"missing podcast series: MERGED, Need to Know, WEAPONIZED; limited witness/investigator diversity; limited document coverage; limited organization/investigation coverage; limited explicit chronology; limited recognized Case entity coverage",yes,material improvement,unique evidence; historical context; technical analysis,missing podcast series; witness/investigator diversity; document coverage; organization/investigation coverage; recognized Case coverage,Adds complementary perspective,No material redundancy identified,84,Broadens topic coverage; Deepens existing research; Adds unique evidence; Adds unique witness; Improves chronology; Strengthens cross-series research; Fills research gap,pass,pass,pass,"This episode broadens and deepens the Historical UFO Cases destination topic. It is already connected to 2017 Iraq Jellyfish UAP Incident, Roswell Incident; it contributes unique evidence, historical context, technical analysis; it fills gaps in missing podcast series, witness/investigator diversity, document coverage, organization/investigation coverage, recognized Case coverage. Topic Coverage Score 84/100 indicates material improvement. The candidate contributes unique evidence, historical context, technical analysis; it fills missing podcast series, witness/investigator diversity, document coverage, organization/investigation coverage, recognized Case coverage.",high,recommend_approval,pending,
Historical UFO Cases,WEAPONIZED,88,WEAPONIZED Episode #88 — Injured by UFOs — The Case-by-Case Medical Evidence,2025-weaponized-episode-88,10 existing related entities; 10 episodes across 1 podcast series; 0 recognized cases; 0 linked people; 0 documents; 0 organizations; 1 explicit years.,established content base,"missing podcast series: MERGED, Need to Know, WEAPONIZED; limited witness/investigator diversity; limited document coverage; limited organization/investigation coverage; limited explicit chronology; limited recognized Case entity coverage",yes,material improvement,unique evidence; technical analysis,missing podcast series; witness/investigator diversity; document coverage; organization/investigation coverage; recognized Case coverage,Adds complementary perspective,No material redundancy identified,87,Broadens topic coverage; Deepens existing research; Adds unique evidence; Adds unique witness; Strengthens cross-series research; Fills research gap,pass,pass,pass,"This episode broadens and deepens the Historical UFO Cases destination topic. It is already connected to 2017 Iraq Jellyfish UAP Incident, Skinwalker Ranch; it contributes unique evidence, technical analysis; it fills gaps in missing podcast series, witness/investigator diversity, document coverage, organization/investigation coverage, recognized Case coverage. Topic Coverage Score 87/100 indicates material improvement. The candidate contributes unique evidence, technical analysis; it fills missing podcast series, witness/investigator diversity, document coverage, organization/investigation coverage, recognized Case coverage.",high,recommend_approval,pending,
Historical UFO Cases,WEAPONIZED,89,WEAPONIZED Episode #89 — The 2025 UAP Hearing — Did It Move the Needle?,2025-weaponized-episode-89,10 existing related entities; 10 episodes across 1 podcast series; 0 recognized cases; 0 linked people; 0 documents; 0 organizations; 1 explicit years.,established content base,"missing podcast series: MERGED, Need to Know, WEAPONIZED; limited witness/investigator diversity; limited document coverage; limited organization/investigation coverage; limited explicit chronology; limited recognized Case entity coverage",yes,material improvement,unique witness; unique evidence; primary-source discussion,missing podcast series; witness/investigator diversity; organization/investigation coverage; chronology; recognized Case coverage,Adds complementary perspective,No material redundancy identified,82,Broadens topic coverage; Deepens existing research; Adds unique evidence; Adds unique witness; Improves chronology; Strengthens cross-series research; Fills research gap,pass,pass,pass,"This episode broadens and deepens the Historical UFO Cases destination topic. It is already connected to 2017 Iraq Jellyfish UAP Incident, September 2025 House UAP Hearing; it contributes unique witness, unique evidence, primary-source discussion; it fills gaps in missing podcast series, witness/investigator diversity, organization/investigation coverage, chronology, recognized Case coverage. Topic Coverage Score 82/100 indicates material improvement. The candidate contributes unique witness, unique evidence, primary-source discussion; it fills missing podcast series, witness/investigator diversity, organization/investigation coverage, chronology, recognized Case coverage.",medium,recommend_approval,pending,
Historical UFO Cases,WEAPONIZED,90,WEAPONIZED Episode #90 — The Reluctant UFO Whistleblower — Dylan Borland Tells All: Part 1,2025-weaponized-episode-90,10 existing related entities; 10 episodes across 1 podcast series; 0 recognized cases; 0 linked people; 0 documents; 0 organizations; 1 explicit years.,established content base,"missing podcast series: MERGED, Need to Know, WEAPONIZED; limited witness/investigator diversity; limited document coverage; limited organization/investigation coverage; limited explicit chronology; limited recognized Case entity coverage",yes,material improvement,unique witness; unique investigator; unique evidence; primary-source discussion,missing podcast series; witness/investigator diversity; organization/investigation coverage; recognized Case coverage,Adds complementary perspective,No material redundancy identified,82,Broadens topic coverage; Deepens existing research; Adds unique evidence; Adds unique witness; Adds unique investigator; Strengthens cross-series research; Fills research gap,pass,pass,pass,"This episode broadens and deepens the Historical UFO Cases destination topic. It is already connected to 2017 Iraq Jellyfish UAP Incident, Skinwalker Ranch; it contributes unique witness, unique investigator, unique evidence; it fills gaps in missing podcast series, witness/investigator diversity, organization/investigation coverage, recognized Case coverage. Topic Coverage Score 82/100 indicates material improvement. The candidate contributes unique witness, unique investigator, unique evidence; it fills missing podcast series, witness/investigator diversity, organization/investigation coverage, recognized Case coverage.",high,recommend_approval,pending,
Historical UFO Cases,WEAPONIZED,91,WEAPONIZED Episode #91 — Dylan Borland Unloads — The Truth About Legacy UFO Programs: Part 2,2025-weaponized-episode-91,10 existing related entities; 10 episodes across 1 podcast series; 0 recognized cases; 0 linked people; 0 documents; 0 organizations; 1 explicit years.,established content base,"missing podcast series: MERGED, Need to Know, WEAPONIZED; limited witness/investigator diversity; limited document coverage; limited organization/investigation coverage; limited explicit chronology; limited recognized Case entity coverage",yes,material improvement,,missing podcast series; witness/investigator diversity; organization/investigation coverage; recognized Case coverage,Adds complementary perspective,No material redundancy identified,64,Broadens topic coverage; Deepens existing research; Adds unique witness; Strengthens cross-series research; Fills research gap,pass,pass,pass,"This episode broadens and deepens the Historical UFO Cases destination topic. It is already connected to 2017 Iraq Jellyfish UAP Incident, Skinwalker Ranch; it fills gaps in missing podcast series, witness/investigator diversity, organization/investigation coverage, recognized Case coverage. Topic Coverage Score 64/100 indicates material improvement. The candidate contributes no clearly machine-identifiable unique contribution; it fills missing podcast series, witness/investigator diversity, organization/investigation coverage, recognized Case coverage.",high,recommend_approval,pending,
Historical UFO Cases,WEAPONIZED,92,WEAPONIZED Episode #92 — The UAP Witness That Didn’t Testify — Congress Wanted You to Hear This,2025-weaponized-episode-92,10 existing related entities; 10 episodes across 1 podcast series; 0 recognized cases; 0 linked people; 0 documents; 0 organizations; 1 explicit years.,established content base,"missing podcast series: MERGED, Need to Know, WEAPONIZED; limited witness/investigator diversity; limited document coverage; limited organization/investigation coverage; limited explicit chronology; limited recognized Case entity coverage",yes,material improvement,unique witness; unique evidence,missing podcast series; witness/investigator diversity; organization/investigation coverage; recognized Case coverage,Adds complementary perspective,No material redundancy identified,78,Broadens topic coverage; Deepens existing research; Adds unique evidence; Adds unique witness; Strengthens cross-series research; Fills research gap,pass,pass,pass,"This episode broadens and deepens the Historical UFO Cases destination topic. It is already connected to 2017 Iraq Jellyfish UAP Incident, Eglin Runway UAP Incident; it contributes unique witness, unique evidence; it fills gaps in missing podcast series, witness/investigator diversity, organization/investigation coverage, recognized Case coverage. Topic Coverage Score 78/100 indicates material improvement. The candidate contributes unique witness, unique evidence; it fills missing podcast series, witness/investigator diversity, organization/investigation coverage, recognized Case coverage.",high,recommend_approval,pending,
Historical UFO Cases,WEAPONIZED,93,"WEAPONIZED Episode #93 — Mystery Drones, Eglin’s Black Triangle, and Chris Sharp",2025-weaponized-episode-93,10 existing related entities; 10 episodes across 1 podcast series; 0 recognized cases; 0 linked people; 0 documents; 0 organizations; 1 explicit years.,established content base,"missing podcast series: MERGED, Need to Know, WEAPONIZED; limited witness/investigator diversity; limited document coverage; limited organization/investigation coverage; limited explicit chronology; limited recognized Case entity coverage",yes,material improvement,unique evidence,missing podcast series; witness/investigator diversity; organization/investigation coverage; recognized Case coverage,Adds complementary perspective,No material redundancy identified,67,Broadens topic coverage; Deepens existing research; Adds unique evidence; Adds unique witness; Strengthens cross-series research; Fills research gap,fail,pass,pass,"This episode broadens and deepens the Historical UFO Cases destination topic. It is already connected to 2017 Iraq Jellyfish UAP Incident, Skinwalker Ranch; it contributes unique evidence; it fills gaps in missing podcast series, witness/investigator diversity, organization/investigation coverage, recognized Case coverage. Topic Coverage Score 67/100 indicates material improvement. The candidate contributes unique evidence; it fills missing podcast series, witness/investigator diversity, organization/investigation coverage, recognized Case coverage.",low,do_not_recommend,pending,
Historical UFO Cases,WEAPONIZED,94,WEAPONIZED Episode #94 — Is UFO Disclosure Dead?,2025-weaponized-episode-94,10 existing related entities; 10 episodes across 1 podcast series; 0 recognized cases; 0 linked people; 0 documents; 0 organizations; 1 explicit years.,established content base,"missing podcast series: MERGED, Need to Know, WEAPONIZED; limited witness/investigator diversity; limited document coverage; limited organization/investigation coverage; limited explicit chronology; limited recognized Case entity coverage",yes,material improvement,unique evidence,missing podcast series; witness/investigator diversity; organization/investigation coverage; recognized Case coverage,Adds complementary perspective,No material redundancy identified,64,Broadens topic coverage; Deepens existing research; Adds unique evidence; Adds unique witness; Strengthens cross-series research; Fills research gap,fail,pass,pass,"This episode broadens and deepens the Historical UFO Cases destination topic. It is already connected to 2017 Iraq Jellyfish UAP Incident, Skinwalker Ranch; it contributes unique evidence; it fills gaps in missing podcast series, witness/investigator diversity, organization/investigation coverage, recognized Case coverage. Topic Coverage Score 64/100 indicates material improvement. The candidate contributes unique evidence; it fills missing podcast series, witness/investigator diversity, organization/investigation coverage, recognized Case coverage.",low,do_not_recommend,pending,
Historical UFO Cases,WEAPONIZED,95,WEAPONIZED Episode #95 — The Area 51 Crash Retrieval and Its Cover Story,2025-weaponized-episode-95,10 existing related entities; 10 episodes across 1 podcast series; 0 recognized cases; 0 linked people; 0 documents; 0 organizations; 1 explicit years.,established content base,"missing podcast series: MERGED, Need to Know, WEAPONIZED; limited witness/investigator diversity; limited document coverage; limited organization/investigation coverage; limited explicit chronology; limited recognized Case entity coverage",yes,material improvement,,missing podcast series; witness/investigator diversity; organization/investigation coverage; chronology; recognized Case coverage,Adds complementary perspective,No material redundancy identified,64,Broadens topic coverage; Deepens existing research; Adds unique witness; Improves chronology; Strengthens cross-series research; Fills research gap,fail,pass,pass,"This episode broadens and deepens the Historical UFO Cases destination topic. It is already connected to 2017 Iraq Jellyfish UAP Incident, Area 51; it fills gaps in missing podcast series, witness/investigator diversity, organization/investigation coverage, chronology, recognized Case coverage. Topic Coverage Score 64/100 indicates material improvement. The candidate contributes no clearly machine-identifiable unique contribution; it fills missing podcast series, witness/investigator diversity, organization/investigation coverage, chronology, recognized Case coverage.",low,do_not_recommend,pending,
Historical UFO Cases,WEAPONIZED,96,"WEAPONIZED Episode #96 — James Lacatski on AAWSAP, Kona Blue, and a Recovered Craft — Part 1",2025-weaponized-episode-96,10 existing related entities; 10 episodes across 1 podcast series; 0 recognized cases; 0 linked people; 0 documents; 0 organizations; 1 explicit years.,established content base,"missing podcast series: MERGED, Need to Know, WEAPONIZED; limited witness/investigator diversity; limited document coverage; limited organization/investigation coverage; limited explicit chronology; limited recognized Case entity coverage",yes,material improvement,unique witness; unique evidence,missing podcast series; witness/investigator diversity; organization/investigation coverage; recognized Case coverage,Adds complementary perspective,No material redundancy identified,73,Broadens topic coverage; Deepens existing research; Adds unique evidence; Adds unique witness; Strengthens cross-series research; Fills research gap,fail,pass,pass,"This episode broadens and deepens the Historical UFO Cases destination topic. It is already connected to 2017 Iraq Jellyfish UAP Incident, Kona Blue Proposed UAP Program; it contributes unique witness, unique evidence; it fills gaps in missing podcast series, witness/investigator diversity, organization/investigation coverage, recognized Case coverage. Topic Coverage Score 73/100 indicates material improvement. The candidate contributes unique witness, unique evidence; it fills missing podcast series, witness/investigator diversity, organization/investigation coverage, recognized Case coverage.",low,do_not_recommend,pending,
Historical UFO Cases,WEAPONIZED,97,"WEAPONIZED Episode #97 — James Lacatski on Disclosure, Hitchhikers, and the Tic Tac — Part 2",2025-weaponized-episode-97,10 existing related entities; 10 episodes across 1 podcast series; 0 recognized cases; 0 linked people; 0 documents; 0 organizations; 1 explicit years.,established content base,"missing podcast series: MERGED, Need to Know, WEAPONIZED; limited witness/investigator diversity; limited document coverage; limited organization/investigation coverage; limited explicit chronology; limited recognized Case entity coverage",yes,material improvement,unique investigator; unique evidence,missing podcast series; witness/investigator diversity; organization/investigation coverage; recognized Case coverage,Adds complementary perspective,No material redundancy identified,76,Broadens topic coverage; Deepens existing research; Adds unique evidence; Adds unique witness; Adds unique investigator; Strengthens cross-series research; Fills research gap,pass,pass,pass,"This episode broadens and deepens the Historical UFO Cases destination topic. It is already connected to 2017 Iraq Jellyfish UAP Incident, Skinwalker Ranch; it contributes unique investigator, unique evidence; it fills gaps in missing podcast series, witness/investigator diversity, organization/investigation coverage, recognized Case coverage. Topic Coverage Score 76/100 indicates material improvement. The candidate contributes unique investigator, unique evidence; it fills missing podcast series, witness/investigator diversity, organization/investigation coverage, recognized Case coverage.",high,recommend_approval,pending,
Historical UFO Cases,WEAPONIZED,98,WEAPONIZED Episode #98 — Reassessing the James Lacatski Revelations,2025-weaponized-episode-98,10 existing related entities; 10 episodes across 1 podcast series; 0 recognized cases; 0 linked people; 0 documents; 0 organizations; 1 explicit years.,established content base,"missing podcast series: MERGED, Need to Know, WEAPONIZED; limited witness/investigator diversity; limited document coverage; limited organization/investigation coverage; limited explicit chronology; limited recognized Case entity coverage",yes,material improvement,unique evidence,missing podcast series; witness/investigator diversity; organization/investigation coverage; recognized Case coverage,Adds complementary perspective,No material redundancy identified,70,Broadens topic coverage; Deepens existing research; Adds unique evidence; Adds unique witness; Strengthens cross-series research; Fills research gap,fail,pass,pass,"This episode broadens and deepens the Historical UFO Cases destination topic. It is already connected to 2017 Iraq Jellyfish UAP Incident, Kona Blue Proposed UAP Program; it contributes unique evidence; it fills gaps in missing podcast series, witness/investigator diversity, organization/investigation coverage, recognized Case coverage. Topic Coverage Score 70/100 indicates material improvement. The candidate contributes unique evidence; it fills missing podcast series, witness/investigator diversity, organization/investigation coverage, recognized Case coverage.",low,do_not_recommend,pending,
Historical UFO Cases,WEAPONIZED,99,WEAPONIZED Episode #99 — Is This a Pivotal Moment for UFO Disclosure?,2025-weaponized-episode-99,10 existing related entities; 10 episodes across 1 podcast series; 0 recognized cases; 0 linked people; 0 documents; 0 organizations; 1 explicit years.,established content base,"missing podcast series: MERGED, Need to Know, WEAPONIZED; limited witness/investigator diversity; limited document coverage; limited organization/investigation coverage; limited explicit chronology; limited recognized Case entity coverage",yes,material improvement,,missing podcast series; witness/investigator diversity; organization/investigation coverage; chronology; recognized Case coverage,Adds complementary perspective,No material redundancy identified,68,Broadens topic coverage; Deepens existing research; Adds unique witness; Improves chronology; Strengthens cross-series research; Fills research gap,fail,pass,pass,"This episode broadens and deepens the Historical UFO Cases destination topic. It is already connected to 2017 Iraq Jellyfish UAP Incident, Skinwalker Ranch; it fills gaps in missing podcast series, witness/investigator diversity, organization/investigation coverage, chronology, recognized Case coverage. Topic Coverage Score 68/100 indicates material improvement. The candidate contributes no clearly machine-identifiable unique contribution; it fills missing podcast series, witness/investigator diversity, organization/investigation coverage, chronology, recognized Case coverage.",low,do_not_recommend,pending,
Historical UFO Cases,Need to Know,72,Need to Know Episode #72 — UFO Hail Mary,2026-need-to-know-episode-72,10 existing related entities; 10 episodes across 1 podcast series; 0 recognized cases; 0 linked people; 0 documents; 0 organizations; 1 explicit years.,established content base,"missing podcast series: MERGED, Need to Know, WEAPONIZED; limited witness/investigator diversity; limited document coverage; limited organization/investigation coverage; limited explicit chronology; limited recognized Case entity coverage",yes,material improvement,unique evidence; historical context,missing podcast series; witness/investigator diversity; recognized Case coverage,Adds complementary perspective,No material redundancy identified,64,Broadens topic coverage; Deepens existing research; Adds unique evidence; Adds unique witness; Improves chronology; Strengthens cross-series research; Fills research gap,pass,pass,pass,"This episode broadens and deepens the Historical UFO Cases destination topic. It is already connected to Roswell Incident; it contributes unique evidence, historical context; it fills gaps in missing podcast series, witness/investigator diversity, recognized Case coverage. Topic Coverage Score 64/100 indicates material improvement. The candidate contributes unique evidence, historical context; it fills missing podcast series, witness/investigator diversity, recognized Case coverage.",high,recommend_approval,pending,
Historical UFO Cases,WEAPONIZED,103,"WEAPONIZED Episode #103 — 2025 Year in Review — Progress, Evidence, and Pushback",2026-weaponized-episode-103,10 existing related entities; 10 episodes across 1 podcast series; 0 recognized cases; 0 linked people; 0 documents; 0 organizations; 1 explicit years.,established content base,"missing podcast series: MERGED, Need to Know, WEAPONIZED; limited witness/investigator diversity; limited document coverage; limited organization/investigation coverage; limited explicit chronology; limited recognized Case entity coverage",yes,material improvement,unique witness; unique evidence,missing podcast series; witness/investigator diversity; organization/investigation coverage; chronology; recognized Case coverage,Adds complementary perspective,No material redundancy identified,85,Broadens topic coverage; Deepens existing research; Adds unique evidence; Adds unique witness; Improves chronology; Strengthens cross-series research; Fills research gap,fail,pass,pass,"This episode broadens and deepens the Historical UFO Cases destination topic. It is already connected to 2017 Iraq Jellyfish UAP Incident, Roswell Incident; it contributes unique witness, unique evidence; it fills gaps in missing podcast series, witness/investigator diversity, organization/investigation coverage, chronology, recognized Case coverage. Topic Coverage Score 85/100 indicates material improvement. The candidate contributes unique witness, unique evidence; it fills missing podcast series, witness/investigator diversity, organization/investigation coverage, chronology, recognized Case coverage.",low,do_not_recommend,pending,
Historical UFO Cases,WEAPONIZED,104,WEAPONIZED Episode #104 — Nazca Mummies — Scientific Criticism and Evidence Tampering,2026-weaponized-episode-104,10 existing related entities; 10 episodes across 1 podcast series; 0 recognized cases; 0 linked people; 0 documents; 0 organizations; 1 explicit years.,established content base,"missing podcast series: MERGED, Need to Know, WEAPONIZED; limited witness/investigator diversity; limited document coverage; limited organization/investigation coverage; limited explicit chronology; limited recognized Case entity coverage",yes,material improvement,unique evidence; technical analysis,missing podcast series; witness/investigator diversity; recognized Case coverage,Adds complementary perspective,No material redundancy identified,73,Broadens topic coverage; Deepens existing research; Adds unique evidence; Adds unique witness; Strengthens cross-series research; Fills research gap,fail,pass,pass,"This episode broadens and deepens the Historical UFO Cases destination topic. It is already connected to 2017 Iraq Jellyfish UAP Incident, Nazca Mummies; it contributes unique evidence, technical analysis; it fills gaps in missing podcast series, witness/investigator diversity, recognized Case coverage. Topic Coverage Score 73/100 indicates material improvement. The candidate contributes unique evidence, technical analysis; it fills missing podcast series, witness/investigator diversity, recognized Case coverage.",low,do_not_recommend,pending,
Historical UFO Cases,WEAPONIZED,105,WEAPONIZED Episode #105 — James Fox — New Varginha Witnesses and the Continuing Cover-Up,2026-weaponized-episode-105,10 existing related entities; 10 episodes across 1 podcast series; 0 recognized cases; 0 linked people; 0 documents; 0 organizations; 1 explicit years.,established content base,"missing podcast series: MERGED, Need to Know, WEAPONIZED; limited witness/investigator diversity; limited document coverage; limited organization/investigation coverage; limited explicit chronology; limited recognized Case entity coverage",yes,material improvement,unique witness; unique investigator; unique evidence; historical context; primary-source discussion,missing podcast series; witness/investigator diversity; organization/investigation coverage; chronology; recognized Case coverage,Adds complementary perspective,No material redundancy identified,93,Broadens topic coverage; Deepens existing research; Adds unique evidence; Adds unique witness; Adds unique investigator; Improves chronology; Strengthens cross-series research; Fills research gap,pass,pass,pass,"This episode broadens and deepens the Historical UFO Cases destination topic. It is already connected to 2017 Iraq Jellyfish UAP Incident, Skinwalker Ranch; it contributes unique witness, unique investigator, unique evidence; it fills gaps in missing podcast series, witness/investigator diversity, organization/investigation coverage, chronology, recognized Case coverage. Topic Coverage Score 93/100 indicates material improvement. The candidate contributes unique witness, unique investigator, unique evidence; it fills missing podcast series, witness/investigator diversity, organization/investigation coverage, chronology, recognized Case coverage.",high,recommend_approval,pending,
Historical UFO Cases,WEAPONIZED,106,WEAPONIZED Episode #106 — Ryan “Neo” Bodenheimer — Four Pilot UAP Encounters,2026-weaponized-episode-106,10 existing related entities; 10 episodes across 1 podcast series; 0 recognized cases; 0 linked people; 0 documents; 0 organizations; 1 explicit years.,established content base,"missing podcast series: MERGED, Need to Know, WEAPONIZED; limited witness/investigator diversity; limited document coverage; limited organization/investigation coverage; limited explicit chronology; limited recognized Case entity coverage",yes,material improvement,unique evidence,missing podcast series; witness/investigator diversity; organization/investigation coverage; recognized Case coverage,Adds complementary perspective,No material redundancy identified,73,Broadens topic coverage; Deepens existing research; Adds unique evidence; Adds unique witness; Strengthens cross-series research; Fills research gap,pass,pass,pass,"This episode broadens and deepens the Historical UFO Cases destination topic. It is already connected to 2017 Iraq Jellyfish UAP Incident, Skinwalker Ranch; it contributes unique evidence; it fills gaps in missing podcast series, witness/investigator diversity, organization/investigation coverage, recognized Case coverage. Topic Coverage Score 73/100 indicates material improvement. The candidate contributes unique evidence; it fills missing podcast series, witness/investigator diversity, organization/investigation coverage, recognized Case coverage.",high,recommend_approval,pending,
Historical UFO Cases,WEAPONIZED,107,"WEAPONIZED Episode #107 — Soviet UFO Programs — SETKA, Thread 3, and Nuclear Incursions",2026-weaponized-episode-107,10 existing related entities; 10 episodes across 1 podcast series; 0 recognized cases; 0 linked people; 0 documents; 0 organizations; 1 explicit years.,established content base,"missing podcast series: MERGED, Need to Know, WEAPONIZED; limited witness/investigator diversity; limited document coverage; limited organization/investigation coverage; limited explicit chronology; limited recognized Case entity coverage",yes,material improvement,unique investigator; unique evidence; technical analysis; primary-source discussion,missing podcast series; witness/investigator diversity; organization/investigation coverage; chronology; recognized Case coverage,Adds complementary perspective,No material redundancy identified,90,Broadens topic coverage; Deepens existing research; Adds unique evidence; Adds unique witness; Adds unique investigator; Improves chronology; Strengthens cross-series research; Fills research gap,pass,pass,pass,"This episode broadens and deepens the Historical UFO Cases destination topic. It is already connected to 2017 Iraq Jellyfish UAP Incident, Nuclear Facility Uap Incidents; it contributes unique investigator, unique evidence, technical analysis; it fills gaps in missing podcast series, witness/investigator diversity, organization/investigation coverage, chronology, recognized Case coverage. Topic Coverage Score 90/100 indicates material improvement. The candidate contributes unique investigator, unique evidence, technical analysis; it fills missing podcast series, witness/investigator diversity, organization/investigation coverage, chronology, recognized Case coverage.",high,recommend_approval,pending,
Historical UFO Cases,WEAPONIZED,108,WEAPONIZED Episode #108 — Syria UAP Video — Apparent Instantaneous Acceleration,2026-weaponized-episode-108,10 existing related entities; 10 episodes across 1 podcast series; 0 recognized cases; 0 linked people; 0 documents; 0 organizations; 1 explicit years.,established content base,"missing podcast series: MERGED, Need to Know, WEAPONIZED; limited witness/investigator diversity; limited document coverage; limited organization/investigation coverage; limited explicit chronology; limited recognized Case entity coverage",yes,material improvement,unique evidence; technical analysis,missing podcast series; witness/investigator diversity; organization/investigation coverage; chronology; recognized Case coverage,Adds complementary perspective,No material redundancy identified,83,Broadens topic coverage; Deepens existing research; Adds unique evidence; Adds unique witness; Improves chronology; Strengthens cross-series research; Fills research gap,fail,pass,pass,"This episode broadens and deepens the Historical UFO Cases destination topic. It is already connected to 2017 Iraq Jellyfish UAP Incident, Skinwalker Ranch; it contributes unique evidence, technical analysis; it fills gaps in missing podcast series, witness/investigator diversity, organization/investigation coverage, chronology, recognized Case coverage. Topic Coverage Score 83/100 indicates material improvement. The candidate contributes unique evidence, technical analysis; it fills missing podcast series, witness/investigator diversity, organization/investigation coverage, chronology, recognized Case coverage.",low,do_not_recommend,pending,
Historical UFO Cases,WEAPONIZED,109,"WEAPONIZED Episode #109 — Bob Lazar in Austin, Syria UAP Debate, and Area 51 Access",2026-weaponized-episode-109,10 existing related entities; 10 episodes across 1 podcast series; 0 recognized cases; 0 linked people; 0 documents; 0 organizations; 1 explicit years.,established content base,"missing podcast series: MERGED, Need to Know, WEAPONIZED; limited witness/investigator diversity; limited document coverage; limited organization/investigation coverage; limited explicit chronology; limited recognized Case entity coverage",yes,material improvement,unique investigator,missing podcast series; witness/investigator diversity; organization/investigation coverage; chronology; recognized Case coverage,Adds complementary perspective,No material redundancy identified,83,Broadens topic coverage; Deepens existing research; Adds unique witness; Adds unique investigator; Improves chronology; Strengthens cross-series research; Fills research gap,pass,pass,pass,"This episode broadens and deepens the Historical UFO Cases destination topic. It is already connected to 2017 Iraq Jellyfish UAP Incident, Area 51; it contributes unique investigator; it fills gaps in missing podcast series, witness/investigator diversity, organization/investigation coverage, chronology, recognized Case coverage. Topic Coverage Score 83/100 indicates material improvement. The candidate contributes unique investigator; it fills missing podcast series, witness/investigator diversity, organization/investigation coverage, chronology, recognized Case coverage.",medium,recommend_approval,pending,
Historical UFO Cases,WEAPONIZED,110,WEAPONIZED Episode #110 — Chris Sharp — Former AARO Deputy Director Describes Unexplained Cases,2026-weaponized-episode-110,10 existing related entities; 10 episodes across 1 podcast series; 0 recognized cases; 0 linked people; 0 documents; 0 organizations; 1 explicit years.,established content base,"missing podcast series: MERGED, Need to Know, WEAPONIZED; limited witness/investigator diversity; limited document coverage; limited organization/investigation coverage; limited explicit chronology; limited recognized Case entity coverage",yes,material improvement,unique investigator; unique evidence,missing podcast series; witness/investigator diversity; organization/investigation coverage; recognized Case coverage,Adds complementary perspective,No material redundancy identified,82,Broadens topic coverage; Deepens existing research; Adds unique evidence; Adds unique witness; Adds unique investigator; Strengthens cross-series research; Fills research gap,pass,pass,pass,"This episode broadens and deepens the Historical UFO Cases destination topic. It is already connected to 2017 Iraq Jellyfish UAP Incident, Kona Blue Proposed UAP Program; it contributes unique investigator, unique evidence; it fills gaps in missing podcast series, witness/investigator diversity, organization/investigation coverage, recognized Case coverage. Topic Coverage Score 82/100 indicates material improvement. The candidate contributes unique investigator, unique evidence; it fills missing podcast series, witness/investigator diversity, organization/investigation coverage, recognized Case coverage.",medium,recommend_approval,pending,
Historical UFO Cases,WEAPONIZED,111,WEAPONIZED Episode #111 — Lenval Logan — UAP Task Force Analysis and Better Classified Evidence,2026-weaponized-episode-111,10 existing related entities; 10 episodes across 1 podcast series; 0 recognized cases; 0 linked people; 0 documents; 0 organizations; 1 explicit years.,established content base,"missing podcast series: MERGED, Need to Know, WEAPONIZED; limited witness/investigator diversity; limited document coverage; limited organization/investigation coverage; limited explicit chronology; limited recognized Case entity coverage",yes,material improvement,unique investigator; unique evidence; technical analysis,missing podcast series; witness/investigator diversity; organization/investigation coverage; chronology; recognized Case coverage,Adds complementary perspective,No material redundancy identified,93,Broadens topic coverage; Deepens existing research; Adds unique evidence; Adds unique witness; Adds unique investigator; Improves chronology; Strengthens cross-series research; Fills research gap,fail,pass,pass,"This episode broadens and deepens the Historical UFO Cases destination topic. It is already connected to 2017 Iraq Jellyfish UAP Incident, Calvine Ufo; it contributes unique investigator, unique evidence, technical analysis; it fills gaps in missing podcast series, witness/investigator diversity, organization/investigation coverage, chronology, recognized Case coverage. Topic Coverage Score 93/100 indicates material improvement. The candidate contributes unique investigator, unique evidence, technical analysis; it fills missing podcast series, witness/investigator diversity, organization/investigation coverage, chronology, recognized Case coverage.",low,do_not_recommend,pending,
Historical UFO Cases,WEAPONIZED,112,WEAPONIZED Episode #112 — Eric Burlison — Classified Site Visit and Congressional UAP Oversight,2026-weaponized-episode-112,10 existing related entities; 10 episodes across 1 podcast series; 0 recognized cases; 0 linked people; 0 documents; 0 organizations; 1 explicit years.,established content base,"missing podcast series: MERGED, Need to Know, WEAPONIZED; limited witness/investigator diversity; limited document coverage; limited organization/investigation coverage; limited explicit chronology; limited recognized Case entity coverage",yes,material improvement,unique witness; unique evidence; primary-source discussion,missing podcast series; witness/investigator diversity; organization/investigation coverage; recognized Case coverage,Adds complementary perspective,No material redundancy identified,78,Broadens topic coverage; Deepens existing research; Adds unique evidence; Adds unique witness; Strengthens cross-series research; Fills research gap,fail,pass,pass,"This episode broadens and deepens the Historical UFO Cases destination topic. It is already connected to 2017 Iraq Jellyfish UAP Incident, Skinwalker Ranch; it contributes unique witness, unique evidence, primary-source discussion; it fills gaps in missing podcast series, witness/investigator diversity, organization/investigation coverage, recognized Case coverage. Topic Coverage Score 78/100 indicates material improvement. The candidate contributes unique witness, unique evidence, primary-source discussion; it fills missing podcast series, witness/investigator diversity, organization/investigation coverage, recognized Case coverage.",low,do_not_recommend,pending,
Historical UFO Cases,WEAPONIZED,113,WEAPONIZED Episode #113 — Matthew Brown Exposes How Whistleblowers Are Being Set Up,2026-weaponized-episode-113,10 existing related entities; 10 episodes across 1 podcast series; 0 recognized cases; 0 linked people; 0 documents; 0 organizations; 1 explicit years.,established content base,"missing podcast series: MERGED, Need to Know, WEAPONIZED; limited witness/investigator diversity; limited document coverage; limited organization/investigation coverage; limited explicit chronology; limited recognized Case entity coverage",yes,material improvement,unique investigator; unique evidence,missing podcast series; witness/investigator diversity; organization/investigation coverage; recognized Case coverage,Adds complementary perspective,No material redundancy identified,76,Broadens topic coverage; Deepens existing research; Adds unique evidence; Adds unique witness; Adds unique investigator; Strengthens cross-series research; Fills research gap,fail,pass,pass,"This episode broadens and deepens the Historical UFO Cases destination topic. It is already connected to 2017 Iraq Jellyfish UAP Incident, Skinwalker Ranch; it contributes unique investigator, unique evidence; it fills gaps in missing podcast series, witness/investigator diversity, organization/investigation coverage, recognized Case coverage. Topic Coverage Score 76/100 indicates material improvement. The candidate contributes unique investigator, unique evidence; it fills missing podcast series, witness/investigator diversity, organization/investigation coverage, recognized Case coverage.",low,do_not_recommend,pending,
Historical UFO Cases,WEAPONIZED,114,"WEAPONIZED Episode #114 — Dr. James Lacatski — This Is UFO Disclosure, As Far As It Can Go",2026-weaponized-episode-114,10 existing related entities; 10 episodes across 1 podcast series; 0 recognized cases; 0 linked people; 0 documents; 0 organizations; 1 explicit years.,established content base,"missing podcast series: MERGED, Need to Know, WEAPONIZED; limited witness/investigator diversity; limited document coverage; limited organization/investigation coverage; limited explicit chronology; limited recognized Case entity coverage",yes,material improvement,unique investigator; unique evidence; historical context,missing podcast series; witness/investigator diversity; organization/investigation coverage; recognized Case coverage,Adds complementary perspective,No material redundancy identified,79,Broadens topic coverage; Deepens existing research; Adds unique evidence; Adds unique witness; Adds unique investigator; Improves chronology; Strengthens cross-series research; Fills research gap,pass,pass,pass,"This episode broadens and deepens the Historical UFO Cases destination topic. It is already connected to 2017 Iraq Jellyfish UAP Incident, Skinwalker Ranch; it contributes unique investigator, unique evidence, historical context; it fills gaps in missing podcast series, witness/investigator diversity, organization/investigation coverage, recognized Case coverage. Topic Coverage Score 79/100 indicates material improvement. The candidate contributes unique investigator, unique evidence, historical context; it fills missing podcast series, witness/investigator diversity, organization/investigation coverage, recognized Case coverage.",high,recommend_approval,pending,
Historical UFO Cases,WEAPONIZED,115,WEAPONIZED Episode #115 — A New Chapter in the Bob Lazar Saga,2026-weaponized-episode-115,10 existing related entities; 10 episodes across 1 podcast series; 0 recognized cases; 0 linked people; 0 documents; 0 organizations; 1 explicit years.,established content base,"missing podcast series: MERGED, Need to Know, WEAPONIZED; limited witness/investigator diversity; limited document coverage; limited organization/investigation coverage; limited explicit chronology; limited recognized Case entity coverage",yes,material improvement,unique investigator; unique evidence; technical analysis; primary-source discussion,missing podcast series; witness/investigator diversity; recognized Case coverage,Adds complementary perspective,No material redundancy identified,73,Broadens topic coverage; Deepens existing research; Adds unique evidence; Adds unique witness; Adds unique investigator; Strengthens cross-series research; Fills research gap,pass,pass,pass,"This episode broadens and deepens the Historical UFO Cases destination topic. It is already connected to 2017 Iraq Jellyfish UAP Incident, Area 51; it contributes unique investigator, unique evidence, technical analysis; it fills gaps in missing podcast series, witness/investigator diversity, recognized Case coverage. Topic Coverage Score 73/100 indicates material improvement. The candidate contributes unique investigator, unique evidence, technical analysis; it fills missing podcast series, witness/investigator diversity, recognized Case coverage.",high,recommend_approval,pending,
Historical UFO Cases,WEAPONIZED,116,WEAPONIZED Episode #116 — UAP Transparency at the National Space Symposium,2026-weaponized-episode-116,10 existing related entities; 10 episodes across 1 podcast series; 0 recognized cases; 0 linked people; 0 documents; 0 organizations; 1 explicit years.,established content base,"missing podcast series: MERGED, Need to Know, WEAPONIZED; limited witness/investigator diversity; limited document coverage; limited organization/investigation coverage; limited explicit chronology; limited recognized Case entity coverage",yes,material improvement,unique witness; unique evidence; primary-source discussion,missing podcast series; witness/investigator diversity; organization/investigation coverage; recognized Case coverage,Adds complementary perspective,No material redundancy identified,80,Broadens topic coverage; Deepens existing research; Adds unique evidence; Adds unique witness; Strengthens cross-series research; Fills research gap,fail,pass,pass,"This episode broadens and deepens the Historical UFO Cases destination topic. It is already connected to 2017 Iraq Jellyfish UAP Incident, Skinwalker Ranch; it contributes unique witness, unique evidence, primary-source discussion; it fills gaps in missing podcast series, witness/investigator diversity, organization/investigation coverage, recognized Case coverage. Topic Coverage Score 80/100 indicates material improvement. The candidate contributes unique witness, unique evidence, primary-source discussion; it fills missing podcast series, witness/investigator diversity, organization/investigation coverage, recognized Case coverage.",low,do_not_recommend,pending,
Historical UFO Cases,WEAPONIZED,117,"WEAPONIZED Episode #117 — Federal UFO Files, Public Expectations, and Sleeping Dog",2026-weaponized-episode-117,10 existing related entities; 10 episodes across 1 podcast series; 0 recognized cases; 0 linked people; 0 documents; 0 organizations; 1 explicit years.,established content base,"missing podcast series: MERGED, Need to Know, WEAPONIZED; limited witness/investigator diversity; limited document coverage; limited organization/investigation coverage; limited explicit chronology; limited recognized Case entity coverage",yes,material improvement,unique investigator; unique evidence; primary-source discussion,missing podcast series; witness/investigator diversity; organization/investigation coverage; recognized Case coverage,Adds complementary perspective,No material redundancy identified,78,Broadens topic coverage; Deepens existing research; Adds unique evidence; Adds unique witness; Adds unique investigator; Strengthens cross-series research; Fills research gap,fail,pass,pass,"This episode broadens and deepens the Historical UFO Cases destination topic. It is already connected to 2017 Iraq Jellyfish UAP Incident, Skinwalker Ranch; it contributes unique investigator, unique evidence, primary-source discussion; it fills gaps in missing podcast series, witness/investigator diversity, organization/investigation coverage, recognized Case coverage. Topic Coverage Score 78/100 indicates material improvement. The candidate contributes unique investigator, unique evidence, primary-source discussion; it fills missing podcast series, witness/investigator diversity, organization/investigation coverage, recognized Case coverage.",low,do_not_recommend,pending,
Historical UFO Cases,WEAPONIZED,118,WEAPONIZED Episode #118 — Dylan Borland on the Costs of Coming Forward,2026-weaponized-episode-118,10 existing related entities; 10 episodes across 1 podcast series; 0 recognized cases; 0 linked people; 0 documents; 0 organizations; 1 explicit years.,established content base,"missing podcast series: MERGED, Need to Know, WEAPONIZED; limited witness/investigator diversity; limited document coverage; limited organization/investigation coverage; limited explicit chronology; limited recognized Case entity coverage",yes,material improvement,unique witness; unique investigator; primary-source discussion,missing podcast series; witness/investigator diversity; organization/investigation coverage; recognized Case coverage,Adds complementary perspective,No material redundancy identified,79,Broadens topic coverage; Deepens existing research; Adds unique witness; Adds unique investigator; Strengthens cross-series research; Fills research gap,pass,pass,pass,"This episode broadens and deepens the Historical UFO Cases destination topic. It is already connected to 2017 Iraq Jellyfish UAP Incident, Skinwalker Ranch; it contributes unique witness, unique investigator, primary-source discussion; it fills gaps in missing podcast series, witness/investigator diversity, organization/investigation coverage, recognized Case coverage. Topic Coverage Score 79/100 indicates material improvement. The candidate contributes unique witness, unique investigator, primary-source discussion; it fills missing podcast series, witness/investigator diversity, organization/investigation coverage, recognized Case coverage.",high,recommend_approval,pending,
Historical UFO Cases,WEAPONIZED,119,WEAPONIZED Episode #119 — The Price Paid by UAP Whistleblowers,2026-weaponized-episode-119,10 existing related entities; 10 episodes across 1 podcast series; 0 recognized cases; 0 linked people; 0 documents; 0 organizations; 1 explicit years.,established content base,"missing podcast series: MERGED, Need to Know, WEAPONIZED; limited witness/investigator diversity; limited document coverage; limited organization/investigation coverage; limited explicit chronology; limited recognized Case entity coverage",yes,material improvement,unique witness; unique evidence; primary-source discussion,missing podcast series; witness/investigator diversity; organization/investigation coverage; recognized Case coverage,Adds complementary perspective,No material redundancy identified,80,Broadens topic coverage; Deepens existing research; Adds unique evidence; Adds unique witness; Strengthens cross-series research; Fills research gap,fail,pass,pass,"This episode broadens and deepens the Historical UFO Cases destination topic. It is already connected to 2017 Iraq Jellyfish UAP Incident, Skinwalker Ranch; it contributes unique witness, unique evidence, primary-source discussion; it fills gaps in missing podcast series, witness/investigator diversity, organization/investigation coverage, recognized Case coverage. Topic Coverage Score 80/100 indicates material improvement. The candidate contributes unique witness, unique evidence, primary-source discussion; it fills missing podcast series, witness/investigator diversity, organization/investigation coverage, recognized Case coverage.",low,do_not_recommend,pending,
Historical UFO Cases,WEAPONIZED,120,WEAPONIZED Episode #120 — Whitley Strieber — Transformation 2026 and the Meaning of Close Encounters,2026-weaponized-episode-120,10 existing related entities; 10 episodes across 1 podcast series; 0 recognized cases; 0 linked people; 0 documents; 0 organizations; 1 explicit years.,established content base,"missing podcast series: MERGED, Need to Know, WEAPONIZED; limited witness/investigator diversity; limited document coverage; limited organization/investigation coverage; limited explicit chronology; limited recognized Case entity coverage",yes,material improvement,unique witness,missing podcast series; witness/investigator diversity; document coverage; chronology; recognized Case coverage,Adds complementary perspective,No material redundancy identified,82,Broadens topic coverage; Deepens existing research; Adds unique evidence; Adds unique witness; Improves chronology; Strengthens cross-series research; Fills research gap,pass,pass,pass,"This episode broadens and deepens the Historical UFO Cases destination topic. It is already connected to 2017 Iraq Jellyfish UAP Incident, Skinwalker Ranch; it contributes unique witness; it fills gaps in missing podcast series, witness/investigator diversity, document coverage, chronology, recognized Case coverage. Topic Coverage Score 82/100 indicates material improvement. The candidate contributes unique witness; it fills missing podcast series, witness/investigator diversity, document coverage, chronology, recognized Case coverage.",high,recommend_approval,pending,
Historical UFO Cases,WEAPONIZED,74,WEAPONIZED Episode #74 — Matthew Brown Part 1: Immaculate Constellation,weaponized-matthew-brown-part-1,10 existing related entities; 10 episodes across 1 podcast series; 0 recognized cases; 0 linked people; 0 documents; 0 organizations; 1 explicit years.,established content base,"missing podcast series: MERGED, Need to Know, WEAPONIZED; limited witness/investigator diversity; limited document coverage; limited organization/investigation coverage; limited explicit chronology; limited recognized Case entity coverage",yes,material improvement,unique evidence; historical context,missing podcast series; witness/investigator diversity; recognized Case coverage,Adds complementary perspective,No material redundancy identified,69,Broadens topic coverage; Deepens existing research; Adds unique evidence; Adds unique witness; Improves chronology; Strengthens cross-series research; Fills research gap,fail,pass,pass,"This episode broadens and deepens the Historical UFO Cases destination topic. It is already connected to 2017 Iraq Jellyfish UAP Incident, Skinwalker Ranch; it contributes unique evidence, historical context; it fills gaps in missing podcast series, witness/investigator diversity, recognized Case coverage. Topic Coverage Score 69/100 indicates material improvement. The candidate contributes unique evidence, historical context; it fills missing podcast series, witness/investigator diversity, recognized Case coverage.",low,do_not_recommend,pending,
Historical UFO Cases,WEAPONIZED,75,WEAPONIZED Episode #75 — Matthew Brown Part 2: Immaculate Constellation,weaponized-matthew-brown-part-2,10 existing related entities; 10 episodes across 1 podcast series; 0 recognized cases; 0 linked people; 0 documents; 0 organizations; 1 explicit years.,established content base,"missing podcast series: MERGED, Need to Know, WEAPONIZED; limited witness/investigator diversity; limited document coverage; limited organization/investigation coverage; limited explicit chronology; limited recognized Case entity coverage",yes,material improvement,unique evidence; historical context; primary-source discussion,missing podcast series; witness/investigator diversity; recognized Case coverage,Adds complementary perspective,No material redundancy identified,72,Broadens topic coverage; Deepens existing research; Adds unique evidence; Adds unique witness; Improves chronology; Strengthens cross-series research; Fills research gap,fail,pass,pass,"This episode broadens and deepens the Historical UFO Cases destination topic. It is already connected to 2017 Iraq Jellyfish UAP Incident, Skinwalker Ranch; it contributes unique evidence, historical context, primary-source discussion; it fills gaps in missing podcast series, witness/investigator diversity, recognized Case coverage. Topic Coverage Score 72/100 indicates material improvement. The candidate contributes unique evidence, historical context, primary-source discussion; it fills missing podcast series, witness/investigator diversity, recognized Case coverage.",low,do_not_recommend,pending,
Historical UFO Cases,WEAPONIZED,76,WEAPONIZED Episode #76 — Matthew Brown Part 3: Immaculate Constellation,weaponized-matthew-brown-part-3,10 existing related entities; 10 episodes across 1 podcast series; 0 recognized cases; 0 linked people; 0 documents; 0 organizations; 1 explicit years.,established content base,"missing podcast series: MERGED, Need to Know, WEAPONIZED; limited witness/investigator diversity; limited document coverage; limited organization/investigation coverage; limited explicit chronology; limited recognized Case entity coverage",yes,material improvement,unique evidence; historical context,missing podcast series; witness/investigator diversity; recognized Case coverage,Adds complementary perspective,No material redundancy identified,69,Broadens topic coverage; Deepens existing research; Adds unique evidence; Adds unique witness; Improves chronology; Strengthens cross-series research; Fills research gap,fail,pass,pass,"This episode broadens and deepens the Historical UFO Cases destination topic. It is already connected to 2017 Iraq Jellyfish UAP Incident, Skinwalker Ranch; it contributes unique evidence, historical context; it fills gaps in missing podcast series, witness/investigator diversity, recognized Case coverage. Topic Coverage Score 69/100 indicates material improvement. The candidate contributes unique evidence, historical context; it fills missing podcast series, witness/investigator diversity, recognized Case coverage.",low,do_not_recommend,pending,
Witness Accounts,Somewhere in the Skies,11,"Somewhere in the Skies Episode #11 — Erica Lukes: Dugway, Skinwalker Ranch, and UFOs over Utah",2017-somewhere-in-the-skies-episode-11,11 existing related entities; 11 episodes across 1 podcast series; 0 recognized cases; 0 linked people; 0 documents; 0 organizations; 1 explicit years.,established content base,"missing podcast series: MERGED, Need to Know, WEAPONIZED; limited witness/investigator diversity; limited document coverage; limited organization/investigation coverage; limited explicit chronology",no,little additional improvement,unique witness; unique investigator; unique evidence; historical context,,No clear complementary contribution,Primarily redundant,0,Adds unique evidence; Adds unique witness; Adds unique investigator; Improves chronology; Primarily redundant,pass,fail,not_applicable,"This episode does not materially expand the Witness Accounts destination topic. it contributes unique witness, unique investigator, unique evidence; however, substantial existing coverage makes it primarily redundant. Topic Coverage Score 0/100 indicates little additional improvement. The candidate contributes unique witness, unique investigator, unique evidence; it fills no identified coverage gap.",low,do_not_recommend,pending,
Witness Accounts,Somewhere in the Skies,19,Somewhere in the Skies Episode #19 — Ben Mezrich: The 37th Parallel,2017-somewhere-in-the-skies-episode-19,11 existing related entities; 11 episodes across 1 podcast series; 0 recognized cases; 0 linked people; 0 documents; 0 organizations; 1 explicit years.,established content base,"missing podcast series: MERGED, Need to Know, WEAPONIZED; limited witness/investigator diversity; limited document coverage; limited organization/investigation coverage; limited explicit chronology",no,little additional improvement,unique witness; unique investigator; unique evidence; historical context,,No clear complementary contribution,Primarily redundant,0,Adds unique evidence; Adds unique witness; Adds unique investigator; Improves chronology; Primarily redundant,pass,fail,not_applicable,"This episode does not materially expand the Witness Accounts destination topic. it contributes unique witness, unique investigator, unique evidence; however, substantial existing coverage makes it primarily redundant. Topic Coverage Score 0/100 indicates little additional improvement. The candidate contributes unique witness, unique investigator, unique evidence; it fills no identified coverage gap.",low,do_not_recommend,pending,
Witness Accounts,Somewhere in the Skies,24,Somewhere in the Skies Episode #24 — Chris Garetano: Dark Files and the Montauk Project,2017-somewhere-in-the-skies-episode-24,11 existing related entities; 11 episodes across 1 podcast series; 0 recognized cases; 0 linked people; 0 documents; 0 organizations; 1 explicit years.,established content base,"missing podcast series: MERGED, Need to Know, WEAPONIZED; limited witness/investigator diversity; limited document coverage; limited organization/investigation coverage; limited explicit chronology",no,little additional improvement,unique witness; unique investigator; unique evidence; historical context,,No clear complementary contribution,Primarily redundant,0,Adds unique evidence; Adds unique witness; Adds unique investigator; Improves chronology; Primarily redundant,pass,fail,not_applicable,"This episode does not materially expand the Witness Accounts destination topic. it contributes unique witness, unique investigator, unique evidence; however, substantial existing coverage makes it primarily redundant. Topic Coverage Score 0/100 indicates little additional improvement. The candidate contributes unique witness, unique investigator, unique evidence; it fills no identified coverage gap.",low,do_not_recommend,pending,
Witness Accounts,Somewhere in the Skies,25,Somewhere in the Skies Episode #25 — Seth Breedlove: Invasion on Chestnut Ridge,2017-somewhere-in-the-skies-episode-25,11 existing related entities; 11 episodes across 1 podcast series; 0 recognized cases; 0 linked people; 0 documents; 0 organizations; 1 explicit years.,established content base,"missing podcast series: MERGED, Need to Know, WEAPONIZED; limited witness/investigator diversity; limited document coverage; limited organization/investigation coverage; limited explicit chronology",no,little additional improvement,unique witness; unique investigator; unique evidence; historical context,,No clear complementary contribution,Primarily redundant,0,Adds unique evidence; Adds unique witness; Adds unique investigator; Improves chronology; Primarily redundant,pass,fail,not_applicable,"This episode does not materially expand the Witness Accounts destination topic. it contributes unique witness, unique investigator, unique evidence; however, substantial existing coverage makes it primarily redundant. Topic Coverage Score 0/100 indicates little additional improvement. The candidate contributes unique witness, unique investigator, unique evidence; it fills no identified coverage gap.",low,do_not_recommend,pending,
Witness Accounts,Somewhere in the Skies,29,Somewhere in the Skies Episode #29 — Brian Bethel: Black Eyed Kid Phenomenon,2017-somewhere-in-the-skies-episode-29,11 existing related entities; 11 episodes across 1 podcast series; 0 recognized cases; 0 linked people; 0 documents; 0 organizations; 1 explicit years.,established content base,"missing podcast series: MERGED, Need to Know, WEAPONIZED; limited witness/investigator diversity; limited document coverage; limited organization/investigation coverage; limited explicit chronology",no,little additional improvement,unique witness; unique investigator; unique evidence; historical context,,No clear complementary contribution,Primarily redundant,0,Adds unique evidence; Adds unique witness; Adds unique investigator; Improves chronology; Primarily redundant,pass,fail,not_applicable,"This episode does not materially expand the Witness Accounts destination topic. it contributes unique witness, unique investigator, unique evidence; however, substantial existing coverage makes it primarily redundant. Topic Coverage Score 0/100 indicates little additional improvement. The candidate contributes unique witness, unique investigator, unique evidence; it fills no identified coverage gap.",low,do_not_recommend,pending,
Witness Accounts,Somewhere in the Skies,30,Somewhere in the Skies Episode #30 — The Andreasson Abduction,2017-somewhere-in-the-skies-episode-30,11 existing related entities; 11 episodes across 1 podcast series; 0 recognized cases; 0 linked people; 0 documents; 0 organizations; 1 explicit years.,established content base,"missing podcast series: MERGED, Need to Know, WEAPONIZED; limited witness/investigator diversity; limited document coverage; limited organization/investigation coverage; limited explicit chronology",no,little additional improvement,unique witness; unique investigator; unique evidence; historical context,,No clear complementary contribution,Primarily redundant,0,Adds unique evidence; Adds unique witness; Adds unique investigator; Improves chronology; Primarily redundant,pass,fail,not_applicable,"This episode does not materially expand the Witness Accounts destination topic. it contributes unique witness, unique investigator, unique evidence; however, substantial existing coverage makes it primarily redundant. Topic Coverage Score 0/100 indicates little additional improvement. The candidate contributes unique witness, unique investigator, unique evidence; it fills no identified coverage gap.",low,do_not_recommend,pending,
Witness Accounts,Somewhere in the Skies,33,Somewhere in the Skies Episode #33 — Michael Huntington: Childhood UFO Encounters,2017-somewhere-in-the-skies-episode-33,11 existing related entities; 11 episodes across 1 podcast series; 0 recognized cases; 0 linked people; 0 documents; 0 organizations; 1 explicit years.,established content base,"missing podcast series: MERGED, Need to Know, WEAPONIZED; limited witness/investigator diversity; limited document coverage; limited organization/investigation coverage; limited explicit chronology",no,little additional improvement,unique witness; unique investigator; unique evidence; historical context,,No clear complementary contribution,Primarily redundant,0,Adds unique evidence; Adds unique witness; Adds unique investigator; Improves chronology; Primarily redundant,pass,fail,not_applicable,"This episode does not materially expand the Witness Accounts destination topic. it contributes unique witness, unique investigator, unique evidence; however, substantial existing coverage makes it primarily redundant. Topic Coverage Score 0/100 indicates little additional improvement. The candidate contributes unique witness, unique investigator, unique evidence; it fills no identified coverage gap.",low,do_not_recommend,pending,
Witness Accounts,Somewhere in the Skies,34,Somewhere in the Skies Episode #34 — Witness Accounts: Volume One,2017-somewhere-in-the-skies-episode-34,11 existing related entities; 11 episodes across 1 podcast series; 0 recognized cases; 0 linked people; 0 documents; 0 organizations; 1 explicit years.,established content base,"missing podcast series: MERGED, Need to Know, WEAPONIZED; limited witness/investigator diversity; limited document coverage; limited organization/investigation coverage; limited explicit chronology",no,little additional improvement,unique witness; unique evidence; historical context,,No clear complementary contribution,Primarily redundant,0,Adds unique evidence; Adds unique witness; Improves chronology; Primarily redundant,pass,fail,not_applicable,"This episode does not materially expand the Witness Accounts destination topic. it contributes unique witness, unique evidence, historical context; however, substantial existing coverage makes it primarily redundant. Topic Coverage Score 0/100 indicates little additional improvement. The candidate contributes unique witness, unique evidence, historical context; it fills no identified coverage gap.",low,do_not_recommend,pending,
Witness Accounts,Somewhere in the Skies,5,Somewhere in the Skies Episode #5 — Ruben Uriarte: UFOs Over Mexico and the Southwest,2017-somewhere-in-the-skies-episode-5,11 existing related entities; 11 episodes across 1 podcast series; 0 recognized cases; 0 linked people; 0 documents; 0 organizations; 1 explicit years.,established content base,"missing podcast series: MERGED, Need to Know, WEAPONIZED; limited witness/investigator diversity; limited document coverage; limited organization/investigation coverage; limited explicit chronology",no,little additional improvement,unique witness; unique investigator; unique evidence; historical context,,No clear complementary contribution,Primarily redundant,0,Adds unique evidence; Adds unique witness; Adds unique investigator; Improves chronology; Primarily redundant,pass,fail,not_applicable,"This episode does not materially expand the Witness Accounts destination topic. it contributes unique witness, unique investigator, unique evidence; however, substantial existing coverage makes it primarily redundant. Topic Coverage Score 0/100 indicates little additional improvement. The candidate contributes unique witness, unique investigator, unique evidence; it fills no identified coverage gap.",low,do_not_recommend,pending,
Witness Accounts,Somewhere in the Skies,7,Somewhere in the Skies Episode #7 — Nick Redfern: The Roswell UFO Conspiracy,2017-somewhere-in-the-skies-episode-7,11 existing related entities; 11 episodes across 1 podcast series; 0 recognized cases; 0 linked people; 0 documents; 0 organizations; 1 explicit years.,established content base,"missing podcast series: MERGED, Need to Know, WEAPONIZED; limited witness/investigator diversity; limited document coverage; limited organization/investigation coverage; limited explicit chronology",no,little additional improvement,unique witness; unique investigator; unique evidence; historical context,,No clear complementary contribution,Primarily redundant,0,Adds unique evidence; Adds unique witness; Adds unique investigator; Improves chronology; Primarily redundant,pass,fail,not_applicable,"This episode does not materially expand the Witness Accounts destination topic. it contributes unique witness, unique investigator, unique evidence; however, substantial existing coverage makes it primarily redundant. Topic Coverage Score 0/100 indicates little additional improvement. The candidate contributes unique witness, unique investigator, unique evidence; it fills no identified coverage gap.",low,do_not_recommend,pending,
Witness Accounts,Somewhere in the Skies,8,Somewhere in the Skies Episode #8 — Jane Kyle: UFOs Over Texas,2017-somewhere-in-the-skies-episode-8,11 existing related entities; 11 episodes across 1 podcast series; 0 recognized cases; 0 linked people; 0 documents; 0 organizations; 1 explicit years.,established content base,"missing podcast series: MERGED, Need to Know, WEAPONIZED; limited witness/investigator diversity; limited document coverage; limited organization/investigation coverage; limited explicit chronology",no,little additional improvement,unique witness; unique investigator; unique evidence; historical context,,No clear complementary contribution,Primarily redundant,0,Adds unique evidence; Adds unique witness; Adds unique investigator; Improves chronology; Primarily redundant,pass,fail,not_applicable,"This episode does not materially expand the Witness Accounts destination topic. it contributes unique witness, unique investigator, unique evidence; however, substantial existing coverage makes it primarily redundant. Topic Coverage Score 0/100 indicates little additional improvement. The candidate contributes unique witness, unique investigator, unique evidence; it fills no identified coverage gap.",low,do_not_recommend,pending,
Witness Accounts,Need to Know,17,Need to Know Episode #17 — Beyond Nimitz,2022-need-to-know-episode-17,11 existing related entities; 11 episodes across 1 podcast series; 0 recognized cases; 0 linked people; 0 documents; 0 organizations; 1 explicit years.,established content base,"missing podcast series: MERGED, Need to Know, WEAPONIZED; limited witness/investigator diversity; limited document coverage; limited organization/investigation coverage; limited explicit chronology",yes,material improvement,unique witness; unique evidence; historical context; primary-source discussion,missing podcast series; witness/investigator diversity; chronology; recognized Case coverage,Adds complementary perspective,No material redundancy identified,60,Broadens topic coverage; Deepens existing research; Adds unique evidence; Adds unique witness; Improves chronology; Strengthens cross-series research; Fills research gap,pass,pass,not_applicable,"This episode broadens and deepens the Witness Accounts destination topic. It is already connected to 2004 Nimitz Encounter; it contributes unique witness, unique evidence, historical context; it fills gaps in missing podcast series, witness/investigator diversity, chronology, recognized Case coverage. Topic Coverage Score 60/100 indicates material improvement. The candidate contributes unique witness, unique evidence, historical context; it fills missing podcast series, witness/investigator diversity, chronology, recognized Case coverage.",medium,recommend_approval,pending,
Witness Accounts,Need to Know,20,Need to Know Episode #20 — 7NEWS Spotlight Special Edition,2022-need-to-know-episode-20,11 existing related entities; 11 episodes across 1 podcast series; 0 recognized cases; 0 linked people; 0 documents; 0 organizations; 1 explicit years.,established content base,"missing podcast series: MERGED, Need to Know, WEAPONIZED; limited witness/investigator diversity; limited document coverage; limited organization/investigation coverage; limited explicit chronology",yes,material improvement,unique witness; unique investigator,missing podcast series; witness/investigator diversity; chronology; recognized Case coverage,Adds complementary perspective,No material redundancy identified,71,Broadens topic coverage; Deepens existing research; Adds unique witness; Adds unique investigator; Improves chronology; Strengthens cross-series research; Fills research gap,fail,pass,not_applicable,"This episode broadens and deepens the Witness Accounts destination topic. It is already connected to 2004 Nimitz Encounter, 2014–2015 East Coast Navy Encounters; it contributes unique witness, unique investigator; it fills gaps in missing podcast series, witness/investigator diversity, chronology, recognized Case coverage. Topic Coverage Score 71/100 indicates material improvement. The candidate contributes unique witness, unique investigator; it fills missing podcast series, witness/investigator diversity, chronology, recognized Case coverage.",low,do_not_recommend,pending,
Witness Accounts,Need to Know,22,Need to Know Episode #22 — Witness to a UFO — In the Middle of Battle in Ukraine,2022-need-to-know-episode-22,11 existing related entities; 11 episodes across 1 podcast series; 0 recognized cases; 0 linked people; 0 documents; 0 organizations; 1 explicit years.,established content base,"missing podcast series: MERGED, Need to Know, WEAPONIZED; limited witness/investigator diversity; limited document coverage; limited organization/investigation coverage; limited explicit chronology",uncertain,possible improvement requiring human review,unique witness; unique evidence; historical context,missing podcast series; witness/investigator diversity,Adds complementary perspective,No material redundancy identified,42,Broadens topic coverage; Deepens existing research; Adds unique evidence; Adds unique witness; Improves chronology; Strengthens cross-series research; Fills research gap,fail,needs_review,not_applicable,"This episode broadens and deepens the Witness Accounts destination topic. it contributes unique witness, unique evidence, historical context; it fills gaps in missing podcast series, witness/investigator diversity. Topic Coverage Score 42/100 indicates possible improvement requiring human review. The candidate contributes unique witness, unique evidence, historical context; it fills missing podcast series, witness/investigator diversity.",low,do_not_recommend,pending,
Witness Accounts,MERGED,11,MERGED Episode #11 — Beyond the Stigma: A UAP Call to Action,2023-merged-episode-11,11 existing related entities; 11 episodes across 1 podcast series; 0 recognized cases; 0 linked people; 0 documents; 0 organizations; 1 explicit years.,established content base,"missing podcast series: MERGED, Need to Know, WEAPONIZED; limited witness/investigator diversity; limited document coverage; limited organization/investigation coverage; limited explicit chronology",yes,material improvement,unique investigator; unique evidence,missing podcast series; witness/investigator diversity; chronology; recognized Case coverage,Adds complementary perspective,No material redundancy identified,55,Broadens topic coverage; Deepens existing research; Adds unique evidence; Adds unique witness; Adds unique investigator; Improves chronology; Strengthens cross-series research; Fills research gap,fail,pass,not_applicable,"This episode broadens and deepens the Witness Accounts destination topic. It is already connected to 2004 Nimitz Encounter, 2014–2015 East Coast Navy Encounters; it contributes unique investigator, unique evidence; it fills gaps in missing podcast series, witness/investigator diversity, chronology, recognized Case coverage. Topic Coverage Score 55/100 indicates material improvement. The candidate contributes unique investigator, unique evidence; it fills missing podcast series, witness/investigator diversity, chronology, recognized Case coverage.",low,do_not_recommend,pending,
Witness Accounts,MERGED,14,MERGED Episode #14 — Pilots & Witnesses: Systematic UAP Reporting for Pilots,2023-merged-episode-14,11 existing related entities; 11 episodes across 1 podcast series; 0 recognized cases; 0 linked people; 0 documents; 0 organizations; 1 explicit years.,established content base,"missing podcast series: MERGED, Need to Know, WEAPONIZED; limited witness/investigator diversity; limited document coverage; limited organization/investigation coverage; limited explicit chronology",yes,material improvement,unique witness; unique evidence; primary-source discussion,missing podcast series; witness/investigator diversity; chronology; recognized Case coverage,Adds complementary perspective,No material redundancy identified,58,Broadens topic coverage; Deepens existing research; Adds unique evidence; Adds unique witness; Improves chronology; Strengthens cross-series research; Fills research gap,fail,pass,not_applicable,"This episode broadens and deepens the Witness Accounts destination topic. It is already connected to 2004 Nimitz Encounter, 2014–2015 East Coast Navy Encounters; it contributes unique witness, unique evidence, primary-source discussion; it fills gaps in missing podcast series, witness/investigator diversity, chronology, recognized Case coverage. Topic Coverage Score 58/100 indicates material improvement. The candidate contributes unique witness, unique evidence, primary-source discussion; it fills missing podcast series, witness/investigator diversity, chronology, recognized Case coverage.",low,do_not_recommend,pending,
Witness Accounts,MERGED,17,MERGED Episode #17 — Asking Difficult Questions: Congressional Accountability on UAP,2023-merged-episode-17,11 existing related entities; 11 episodes across 1 podcast series; 0 recognized cases; 0 linked people; 0 documents; 0 organizations; 1 explicit years.,established content base,"missing podcast series: MERGED, Need to Know, WEAPONIZED; limited witness/investigator diversity; limited document coverage; limited organization/investigation coverage; limited explicit chronology",uncertain,possible improvement requiring human review,unique witness; unique evidence,missing podcast series; witness/investigator diversity; chronology; recognized Case coverage,Adds complementary perspective,No material redundancy identified,52,Broadens topic coverage; Deepens existing research; Adds unique evidence; Adds unique witness; Improves chronology; Strengthens cross-series research; Fills research gap,fail,needs_review,not_applicable,"This episode broadens and deepens the Witness Accounts destination topic. It is already connected to 2014–2015 East Coast Navy Encounters; it contributes unique witness, unique evidence; it fills gaps in missing podcast series, witness/investigator diversity, chronology, recognized Case coverage. Topic Coverage Score 52/100 indicates possible improvement requiring human review. The candidate contributes unique witness, unique evidence; it fills missing podcast series, witness/investigator diversity, chronology, recognized Case coverage.",low,do_not_recommend,pending,
Witness Accounts,MERGED,19,MERGED Episode #19 — Vandenberg “Red Square” Witness Speaks for First Time,2023-merged-episode-19,11 existing related entities; 11 episodes across 1 podcast series; 0 recognized cases; 0 linked people; 0 documents; 0 organizations; 1 explicit years.,established content base,"missing podcast series: MERGED, Need to Know, WEAPONIZED; limited witness/investigator diversity; limited document coverage; limited organization/investigation coverage; limited explicit chronology",yes,material improvement,unique witness; unique evidence,missing podcast series; witness/investigator diversity; organization/investigation coverage; chronology; recognized Case coverage,Adds complementary perspective,No material redundancy identified,61,Broadens topic coverage; Deepens existing research; Adds unique evidence; Adds unique witness; Improves chronology; Strengthens cross-series research; Fills research gap,pass,pass,not_applicable,"This episode broadens and deepens the Witness Accounts destination topic. It is already connected to 2014–2015 East Coast Navy Encounters, Kona Blue Proposed UAP Program; it contributes unique witness, unique evidence; it fills gaps in missing podcast series, witness/investigator diversity, organization/investigation coverage, chronology, recognized Case coverage. Topic Coverage Score 61/100 indicates material improvement. The candidate contributes unique witness, unique evidence; it fills missing podcast series, witness/investigator diversity, organization/investigation coverage, chronology, recognized Case coverage.",medium,recommend_approval,pending,
Witness Accounts,MERGED,2,MERGED Episode #2 — Pilot’s Shocking UAP Sightings & What This Means For Aviation,2023-merged-episode-2,11 existing related entities; 11 episodes across 1 podcast series; 0 recognized cases; 0 linked people; 0 documents; 0 organizations; 1 explicit years.,established content base,"missing podcast series: MERGED, Need to Know, WEAPONIZED; limited witness/investigator diversity; limited document coverage; limited organization/investigation coverage; limited explicit chronology",uncertain,possible improvement requiring human review,unique witness; unique evidence; technical analysis; primary-source discussion,missing podcast series; witness/investigator diversity; recognized Case coverage,Adds complementary perspective,No material redundancy identified,52,Broadens topic coverage; Deepens existing research; Adds unique evidence; Adds unique witness; Strengthens cross-series research; Fills research gap,fail,needs_review,not_applicable,"This episode broadens and deepens the Witness Accounts destination topic. It is already connected to 2014–2015 East Coast Navy Encounters; it contributes unique witness, unique evidence, technical analysis; it fills gaps in missing podcast series, witness/investigator diversity, recognized Case coverage. Topic Coverage Score 52/100 indicates possible improvement requiring human review. The candidate contributes unique witness, unique evidence, technical analysis; it fills missing podcast series, witness/investigator diversity, recognized Case coverage.",low,do_not_recommend,pending,
Witness Accounts,MERGED,4,MERGED Episode #4 — Pilot Breaks the Silence on UAP Encounters,2023-merged-episode-4,11 existing related entities; 11 episodes across 1 podcast series; 0 recognized cases; 0 linked people; 0 documents; 0 organizations; 1 explicit years.,established content base,"missing podcast series: MERGED, Need to Know, WEAPONIZED; limited witness/investigator diversity; limited document coverage; limited organization/investigation coverage; limited explicit chronology",uncertain,possible improvement requiring human review,unique evidence,missing podcast series; witness/investigator diversity; recognized Case coverage,Adds complementary perspective,No material redundancy identified,43,Broadens topic coverage; Deepens existing research; Adds unique evidence; Adds unique witness; Strengthens cross-series research; Fills research gap,fail,needs_review,not_applicable,"This episode broadens and deepens the Witness Accounts destination topic. It is already connected to 2014–2015 East Coast Navy Encounters; it contributes unique evidence; it fills gaps in missing podcast series, witness/investigator diversity, recognized Case coverage. Topic Coverage Score 43/100 indicates possible improvement requiring human review. The candidate contributes unique evidence; it fills missing podcast series, witness/investigator diversity, recognized Case coverage.",low,do_not_recommend,pending,
Witness Accounts,MERGED,5,MERGED Episode #5 — Decoding UAP Sightings: Insights from a 747 Pilot,2023-merged-episode-5,11 existing related entities; 11 episodes across 1 podcast series; 0 recognized cases; 0 linked people; 0 documents; 0 organizations; 1 explicit years.,established content base,"missing podcast series: MERGED, Need to Know, WEAPONIZED; limited witness/investigator diversity; limited document coverage; limited organization/investigation coverage; limited explicit chronology",uncertain,possible improvement requiring human review,unique investigator; unique evidence; technical analysis,missing podcast series; witness/investigator diversity; recognized Case coverage,Adds complementary perspective,No material redundancy identified,49,Broadens topic coverage; Deepens existing research; Adds unique evidence; Adds unique witness; Adds unique investigator; Strengthens cross-series research; Fills research gap,fail,needs_review,not_applicable,"This episode broadens and deepens the Witness Accounts destination topic. It is already connected to 2014–2015 East Coast Navy Encounters; it contributes unique investigator, unique evidence, technical analysis; it fills gaps in missing podcast series, witness/investigator diversity, recognized Case coverage. Topic Coverage Score 49/100 indicates possible improvement requiring human review. The candidate contributes unique investigator, unique evidence, technical analysis; it fills missing podcast series, witness/investigator diversity, recognized Case coverage.",low,do_not_recommend,pending,
Witness Accounts,WEAPONIZED,18,WEAPONIZED Episode #18 — The Mojave Triangle UAP — Marine Witnesses at Twentynine Palms,2023-weaponized-episode-18,11 existing related entities; 11 episodes across 1 podcast series; 0 recognized cases; 0 linked people; 0 documents; 0 organizations; 1 explicit years.,established content base,"missing podcast series: MERGED, Need to Know, WEAPONIZED; limited witness/investigator diversity; limited document coverage; limited organization/investigation coverage; limited explicit chronology",yes,material improvement,unique witness; unique evidence,missing podcast series; witness/investigator diversity; chronology; recognized Case coverage,Adds complementary perspective,No material redundancy identified,57,Broadens topic coverage; Deepens existing research; Adds unique evidence; Adds unique witness; Improves chronology; Strengthens cross-series research; Fills research gap,pass,pass,not_applicable,"This episode broadens and deepens the Witness Accounts destination topic. It is already connected to 2017 Iraq Jellyfish UAP Incident, Skinwalker Ranch; it contributes unique witness, unique evidence; it fills gaps in missing podcast series, witness/investigator diversity, chronology, recognized Case coverage. Topic Coverage Score 57/100 indicates material improvement. The candidate contributes unique witness, unique evidence; it fills missing podcast series, witness/investigator diversity, chronology, recognized Case coverage.",medium,recommend_approval,pending,
Witness Accounts,WEAPONIZED,21,WEAPONIZED Episode #21 — The David Grusch Revelations,2023-weaponized-episode-21,11 existing related entities; 11 episodes across 1 podcast series; 0 recognized cases; 0 linked people; 0 documents; 0 organizations; 1 explicit years.,established content base,"missing podcast series: MERGED, Need to Know, WEAPONIZED; limited witness/investigator diversity; limited document coverage; limited organization/investigation coverage; limited explicit chronology",uncertain,possible improvement requiring human review,unique witness; unique evidence,missing podcast series; witness/investigator diversity; recognized Case coverage,Adds complementary perspective,No material redundancy identified,51,Broadens topic coverage; Deepens existing research; Adds unique evidence; Adds unique witness; Strengthens cross-series research; Fills research gap,fail,needs_review,not_applicable,"This episode broadens and deepens the Witness Accounts destination topic. It is already connected to 2017 Iraq Jellyfish UAP Incident, Skinwalker Ranch; it contributes unique witness, unique evidence; it fills gaps in missing podcast series, witness/investigator diversity, recognized Case coverage. Topic Coverage Score 51/100 indicates possible improvement requiring human review. The candidate contributes unique witness, unique evidence; it fills missing podcast series, witness/investigator diversity, recognized Case coverage.",low,do_not_recommend,pending,
Witness Accounts,WEAPONIZED,25,"WEAPONIZED Episode #25 — Tim Burchett, Congressional UFO Hearings, and the Coming House Testimony",2023-weaponized-episode-25,11 existing related entities; 11 episodes across 1 podcast series; 0 recognized cases; 0 linked people; 0 documents; 0 organizations; 1 explicit years.,established content base,"missing podcast series: MERGED, Need to Know, WEAPONIZED; limited witness/investigator diversity; limited document coverage; limited organization/investigation coverage; limited explicit chronology",yes,material improvement,unique witness; historical context; primary-source discussion,missing podcast series; witness/investigator diversity; chronology; recognized Case coverage,Adds complementary perspective,No material redundancy identified,66,Broadens topic coverage; Deepens existing research; Adds unique witness; Improves chronology; Strengthens cross-series research; Fills research gap,fail,pass,not_applicable,"This episode broadens and deepens the Witness Accounts destination topic. It is already connected to 2017 Iraq Jellyfish UAP Incident, Skinwalker Ranch; it contributes unique witness, historical context, primary-source discussion; it fills gaps in missing podcast series, witness/investigator diversity, chronology, recognized Case coverage. Topic Coverage Score 66/100 indicates material improvement. The candidate contributes unique witness, historical context, primary-source discussion; it fills missing podcast series, witness/investigator diversity, chronology, recognized Case coverage.",low,do_not_recommend,pending,
Witness Accounts,WEAPONIZED,27,WEAPONIZED Episode #27 — The Historic House UAP Hearing and a Fresh Look at the Nimitz Tic Tac Case,2023-weaponized-episode-27,11 existing related entities; 11 episodes across 1 podcast series; 0 recognized cases; 0 linked people; 0 documents; 0 organizations; 1 explicit years.,established content base,"missing podcast series: MERGED, Need to Know, WEAPONIZED; limited witness/investigator diversity; limited document coverage; limited organization/investigation coverage; limited explicit chronology",yes,material improvement,unique witness; historical context; primary-source discussion,missing podcast series; witness/investigator diversity; chronology; recognized Case coverage,Adds complementary perspective,No material redundancy identified,72,Broadens topic coverage; Deepens existing research; Adds unique witness; Improves chronology; Strengthens cross-series research; Fills research gap,pass,pass,not_applicable,"This episode broadens and deepens the Witness Accounts destination topic. It is already connected to 2004 Nimitz Encounter, 2014–2015 East Coast Navy Encounters; it contributes unique witness, historical context, primary-source discussion; it fills gaps in missing podcast series, witness/investigator diversity, chronology, recognized Case coverage. Topic Coverage Score 72/100 indicates material improvement. The candidate contributes unique witness, historical context, primary-source discussion; it fills missing podcast series, witness/investigator diversity, chronology, recognized Case coverage.",medium,recommend_approval,pending,
Witness Accounts,WEAPONIZED,28,WEAPONIZED Episode #28 — Congressional Hearing Roundtable,2023-weaponized-episode-28,11 existing related entities; 11 episodes across 1 podcast series; 0 recognized cases; 0 linked people; 0 documents; 0 organizations; 1 explicit years.,established content base,"missing podcast series: MERGED, Need to Know, WEAPONIZED; limited witness/investigator diversity; limited document coverage; limited organization/investigation coverage; limited explicit chronology",yes,material improvement,unique witness; primary-source discussion,missing podcast series; witness/investigator diversity; chronology; recognized Case coverage,Adds complementary perspective,No material redundancy identified,61,Broadens topic coverage; Deepens existing research; Adds unique witness; Improves chronology; Strengthens cross-series research; Fills research gap,fail,pass,not_applicable,"This episode broadens and deepens the Witness Accounts destination topic. It is already connected to 2004 Nimitz Encounter, 2014–2015 East Coast Navy Encounters; it contributes unique witness, primary-source discussion; it fills gaps in missing podcast series, witness/investigator diversity, chronology, recognized Case coverage. Topic Coverage Score 61/100 indicates material improvement. The candidate contributes unique witness, primary-source discussion; it fills missing podcast series, witness/investigator diversity, chronology, recognized Case coverage.",low,do_not_recommend,pending,
Witness Accounts,WEAPONIZED,29,WEAPONIZED Episode #29 — David Fravor and the Nimitz Tic Tac Encounter,2023-weaponized-episode-29,11 existing related entities; 11 episodes across 1 podcast series; 0 recognized cases; 0 linked people; 0 documents; 0 organizations; 1 explicit years.,established content base,"missing podcast series: MERGED, Need to Know, WEAPONIZED; limited witness/investigator diversity; limited document coverage; limited organization/investigation coverage; limited explicit chronology",yes,material improvement,unique witness; unique investigator; primary-source discussion,missing podcast series; witness/investigator diversity; chronology; recognized Case coverage,Adds complementary perspective,No material redundancy identified,68,Broadens topic coverage; Deepens existing research; Adds unique witness; Adds unique investigator; Improves chronology; Strengthens cross-series research; Fills research gap,fail,pass,not_applicable,"This episode broadens and deepens the Witness Accounts destination topic. It is already connected to 2004 Nimitz Encounter, 2017 Iraq Jellyfish UAP Incident; it contributes unique witness, unique investigator, primary-source discussion; it fills gaps in missing podcast series, witness/investigator diversity, chronology, recognized Case coverage. Topic Coverage Score 68/100 indicates material improvement. The candidate contributes unique witness, unique investigator, primary-source discussion; it fills missing podcast series, witness/investigator diversity, chronology, recognized Case coverage.",low,do_not_recommend,pending,
Witness Accounts,WEAPONIZED,30,"WEAPONIZED Episode #30 — David Grusch, Whistleblower Retaliation, and the Attempt to Discredit His Testimony",2023-weaponized-episode-30,11 existing related entities; 11 episodes across 1 podcast series; 0 recognized cases; 0 linked people; 0 documents; 0 organizations; 1 explicit years.,established content base,"missing podcast series: MERGED, Need to Know, WEAPONIZED; limited witness/investigator diversity; limited document coverage; limited organization/investigation coverage; limited explicit chronology",yes,material improvement,unique witness; unique evidence; primary-source discussion,missing podcast series; witness/investigator diversity; chronology; recognized Case coverage,Adds complementary perspective,No material redundancy identified,66,Broadens topic coverage; Deepens existing research; Adds unique evidence; Adds unique witness; Improves chronology; Strengthens cross-series research; Fills research gap,fail,pass,not_applicable,"This episode broadens and deepens the Witness Accounts destination topic. It is already connected to 2017 Iraq Jellyfish UAP Incident, Skinwalker Ranch; it contributes unique witness, unique evidence, primary-source discussion; it fills gaps in missing podcast series, witness/investigator diversity, chronology, recognized Case coverage. Topic Coverage Score 66/100 indicates material improvement. The candidate contributes unique witness, unique evidence, primary-source discussion; it fills missing podcast series, witness/investigator diversity, chronology, recognized Case coverage.",low,do_not_recommend,pending,
Witness Accounts,WEAPONIZED,43,WEAPONIZED Episode #43 — The Unreleased Philip Corso Tapes,2023-weaponized-episode-43,11 existing related entities; 11 episodes across 1 podcast series; 0 recognized cases; 0 linked people; 0 documents; 0 organizations; 1 explicit years.,established content base,"missing podcast series: MERGED, Need to Know, WEAPONIZED; limited witness/investigator diversity; limited document coverage; limited organization/investigation coverage; limited explicit chronology",yes,material improvement,unique witness; unique evidence; historical context,missing podcast series; witness/investigator diversity; organization/investigation coverage; recognized Case coverage,Adds complementary perspective,No material redundancy identified,68,Broadens topic coverage; Deepens existing research; Adds unique evidence; Adds unique witness; Improves chronology; Strengthens cross-series research; Fills research gap,fail,pass,not_applicable,"This episode broadens and deepens the Witness Accounts destination topic. It is already connected to 2017 Iraq Jellyfish UAP Incident, Roswell Incident; it contributes unique witness, unique evidence, historical context; it fills gaps in missing podcast series, witness/investigator diversity, organization/investigation coverage, recognized Case coverage. Topic Coverage Score 68/100 indicates material improvement. The candidate contributes unique witness, unique evidence, historical context; it fills missing podcast series, witness/investigator diversity, organization/investigation coverage, recognized Case coverage.",low,do_not_recommend,pending,
Witness Accounts,WEAPONIZED,45,"WEAPONIZED Episode #45 — John Alexander on Crash Retrievals, NIDS, and the Sol Conference",2023-weaponized-episode-45,11 existing related entities; 11 episodes across 1 podcast series; 0 recognized cases; 0 linked people; 0 documents; 0 organizations; 1 explicit years.,established content base,"missing podcast series: MERGED, Need to Know, WEAPONIZED; limited witness/investigator diversity; limited document coverage; limited organization/investigation coverage; limited explicit chronology",yes,material improvement,unique witness; historical context; technical analysis,missing podcast series; witness/investigator diversity; organization/investigation coverage; recognized Case coverage,Adds complementary perspective,No material redundancy identified,66,Broadens topic coverage; Deepens existing research; Adds unique witness; Improves chronology; Strengthens cross-series research; Fills research gap,fail,pass,not_applicable,"This episode broadens and deepens the Witness Accounts destination topic. It is already connected to 2017 Iraq Jellyfish UAP Incident, Roswell Incident; it contributes unique witness, historical context, technical analysis; it fills gaps in missing podcast series, witness/investigator diversity, organization/investigation coverage, recognized Case coverage. Topic Coverage Score 66/100 indicates material improvement. The candidate contributes unique witness, historical context, technical analysis; it fills missing podcast series, witness/investigator diversity, organization/investigation coverage, recognized Case coverage.",low,do_not_recommend,pending,
Witness Accounts,WEAPONIZED,6,"WEAPONIZED Episode #6 — The Defense Executive, a Recovered Craft, and a Living Occupant",2023-weaponized-episode-6,11 existing related entities; 11 episodes across 1 podcast series; 0 recognized cases; 0 linked people; 0 documents; 0 organizations; 1 explicit years.,established content base,"missing podcast series: MERGED, Need to Know, WEAPONIZED; limited witness/investigator diversity; limited document coverage; limited organization/investigation coverage; limited explicit chronology",uncertain,possible improvement requiring human review,unique witness; unique evidence,missing podcast series; witness/investigator diversity; recognized Case coverage,Adds complementary perspective,No material redundancy identified,51,Broadens topic coverage; Deepens existing research; Adds unique evidence; Adds unique witness; Strengthens cross-series research; Fills research gap,fail,needs_review,not_applicable,"This episode broadens and deepens the Witness Accounts destination topic. It is already connected to 2017 Iraq Jellyfish UAP Incident, Area 51; it contributes unique witness, unique evidence; it fills gaps in missing podcast series, witness/investigator diversity, recognized Case coverage. Topic Coverage Score 51/100 indicates possible improvement requiring human review. The candidate contributes unique witness, unique evidence; it fills missing podcast series, witness/investigator diversity, recognized Case coverage.",low,do_not_recommend,pending,
Witness Accounts,WEAPONIZED,9,WEAPONIZED Episode #9 — Harry Reid’s AAWSAP Briefing and the Hidden History of AATIP,2023-weaponized-episode-9,11 existing related entities; 11 episodes across 1 podcast series; 0 recognized cases; 0 linked people; 0 documents; 0 organizations; 1 explicit years.,established content base,"missing podcast series: MERGED, Need to Know, WEAPONIZED; limited witness/investigator diversity; limited document coverage; limited organization/investigation coverage; limited explicit chronology",yes,material improvement,unique witness; unique evidence; historical context,missing podcast series; witness/investigator diversity; organization/investigation coverage; chronology; recognized Case coverage,Adds complementary perspective,No material redundancy identified,67,Broadens topic coverage; Deepens existing research; Adds unique evidence; Adds unique witness; Improves chronology; Strengthens cross-series research; Fills research gap,fail,pass,not_applicable,"This episode broadens and deepens the Witness Accounts destination topic. It is already connected to 2017 Iraq Jellyfish UAP Incident, Skinwalker Ranch; it contributes unique witness, unique evidence, historical context; it fills gaps in missing podcast series, witness/investigator diversity, organization/investigation coverage, chronology, recognized Case coverage. Topic Coverage Score 67/100 indicates material improvement. The candidate contributes unique witness, unique evidence, historical context; it fills missing podcast series, witness/investigator diversity, organization/investigation coverage, chronology, recognized Case coverage.",low,do_not_recommend,pending,
Witness Accounts,WEAPONIZED,50,WEAPONIZED Episode #50 — Washington Update on UAP Transparency and Congressional Oversight,2024-weaponized-episode-50,11 existing related entities; 11 episodes across 1 podcast series; 0 recognized cases; 0 linked people; 0 documents; 0 organizations; 1 explicit years.,established content base,"missing podcast series: MERGED, Need to Know, WEAPONIZED; limited witness/investigator diversity; limited document coverage; limited organization/investigation coverage; limited explicit chronology",yes,material improvement,unique witness; unique evidence; primary-source discussion,missing podcast series; witness/investigator diversity; organization/investigation coverage; recognized Case coverage,Adds complementary perspective,No material redundancy identified,58,Broadens topic coverage; Deepens existing research; Adds unique evidence; Adds unique witness; Strengthens cross-series research; Fills research gap,pass,pass,not_applicable,"This episode broadens and deepens the Witness Accounts destination topic. It is already connected to 2017 Iraq Jellyfish UAP Incident, Skinwalker Ranch; it contributes unique witness, unique evidence, primary-source discussion; it fills gaps in missing podcast series, witness/investigator diversity, organization/investigation coverage, recognized Case coverage. Topic Coverage Score 58/100 indicates material improvement. The candidate contributes unique witness, unique evidence, primary-source discussion; it fills missing podcast series, witness/investigator diversity, organization/investigation coverage, recognized Case coverage.",medium,recommend_approval,pending,
Witness Accounts,WEAPONIZED,61,WEAPONIZED Episode #61 — The Tic Tac at Twenty,2024-weaponized-episode-61,11 existing related entities; 11 episodes across 1 podcast series; 0 recognized cases; 0 linked people; 0 documents; 0 organizations; 1 explicit years.,established content base,"missing podcast series: MERGED, Need to Know, WEAPONIZED; limited witness/investigator diversity; limited document coverage; limited organization/investigation coverage; limited explicit chronology",yes,material improvement,unique witness; technical analysis,missing podcast series; witness/investigator diversity; chronology; recognized Case coverage,Adds complementary perspective,No material redundancy identified,65,Broadens topic coverage; Deepens existing research; Adds unique witness; Improves chronology; Strengthens cross-series research; Fills research gap,fail,pass,not_applicable,"This episode broadens and deepens the Witness Accounts destination topic. It is already connected to 2004 Nimitz Encounter, 2017 Iraq Jellyfish UAP Incident; it contributes unique witness, technical analysis; it fills gaps in missing podcast series, witness/investigator diversity, chronology, recognized Case coverage. Topic Coverage Score 65/100 indicates material improvement. The candidate contributes unique witness, technical analysis; it fills missing podcast series, witness/investigator diversity, chronology, recognized Case coverage.",low,do_not_recommend,pending,
Witness Accounts,WEAPONIZED,64,WEAPONIZED Episode #64 — The 2024 UAP Year in Review,2024-weaponized-episode-64,11 existing related entities; 11 episodes across 1 podcast series; 0 recognized cases; 0 linked people; 0 documents; 0 organizations; 1 explicit years.,established content base,"missing podcast series: MERGED, Need to Know, WEAPONIZED; limited witness/investigator diversity; limited document coverage; limited organization/investigation coverage; limited explicit chronology",yes,material improvement,unique witness; unique investigator; competing interpretation,missing podcast series; witness/investigator diversity; organization/investigation coverage; chronology; recognized Case coverage,Adds complementary perspective,No material redundancy identified,73,Broadens topic coverage; Deepens existing research; Adds unique witness; Adds unique investigator; Improves chronology; Strengthens cross-series research; Fills research gap,fail,pass,not_applicable,"This episode broadens and deepens the Witness Accounts destination topic. It is already connected to 2017 Iraq Jellyfish UAP Incident, Kona Blue Proposed UAP Program; it contributes unique witness, unique investigator, competing interpretation; it fills gaps in missing podcast series, witness/investigator diversity, organization/investigation coverage, chronology, recognized Case coverage. Topic Coverage Score 73/100 indicates material improvement. The candidate contributes unique witness, unique investigator, competing interpretation; it fills missing podcast series, witness/investigator diversity, organization/investigation coverage, chronology, recognized Case coverage.",low,do_not_recommend,pending,
Witness Accounts,WEAPONIZED,101,WEAPONIZED Episode #101 — Congressional UAP Champions on What Comes Next,2025-weaponized-episode-101,11 existing related entities; 11 episodes across 1 podcast series; 0 recognized cases; 0 linked people; 0 documents; 0 organizations; 1 explicit years.,established content base,"missing podcast series: MERGED, Need to Know, WEAPONIZED; limited witness/investigator diversity; limited document coverage; limited organization/investigation coverage; limited explicit chronology",yes,material improvement,unique witness; unique evidence; competing interpretation,missing podcast series; witness/investigator diversity; organization/investigation coverage; recognized Case coverage,Adds complementary perspective,No material redundancy identified,68,Broadens topic coverage; Deepens existing research; Adds unique evidence; Adds unique witness; Strengthens cross-series research; Fills research gap,fail,pass,not_applicable,"This episode broadens and deepens the Witness Accounts destination topic. It is already connected to 2017 Iraq Jellyfish UAP Incident, Skinwalker Ranch; it contributes unique witness, unique evidence, competing interpretation; it fills gaps in missing podcast series, witness/investigator diversity, organization/investigation coverage, recognized Case coverage. Topic Coverage Score 68/100 indicates material improvement. The candidate contributes unique witness, unique evidence, competing interpretation; it fills missing podcast series, witness/investigator diversity, organization/investigation coverage, recognized Case coverage.",low,do_not_recommend,pending,
Witness Accounts,WEAPONIZED,65,WEAPONIZED Episode #65 — UFO Revolution Premiere Q&A,2025-weaponized-episode-65,11 existing related entities; 11 episodes across 1 podcast series; 0 recognized cases; 0 linked people; 0 documents; 0 organizations; 1 explicit years.,established content base,"missing podcast series: MERGED, Need to Know, WEAPONIZED; limited witness/investigator diversity; limited document coverage; limited organization/investigation coverage; limited explicit chronology",yes,material improvement,unique witness; unique evidence; competing interpretation; primary-source discussion,missing podcast series; witness/investigator diversity; recognized Case coverage,Adds complementary perspective,No material redundancy identified,61,Broadens topic coverage; Deepens existing research; Adds unique evidence; Adds unique witness; Strengthens cross-series research; Fills research gap,fail,pass,not_applicable,"This episode broadens and deepens the Witness Accounts destination topic. It is already connected to 2017 Iraq Jellyfish UAP Incident, Skinwalker Ranch; it contributes unique witness, unique evidence, competing interpretation; it fills gaps in missing podcast series, witness/investigator diversity, recognized Case coverage. Topic Coverage Score 61/100 indicates material improvement. The candidate contributes unique witness, unique evidence, competing interpretation; it fills missing podcast series, witness/investigator diversity, recognized Case coverage.",low,do_not_recommend,pending,
Witness Accounts,WEAPONIZED,67,WEAPONIZED Episode #67 — Richard Dolan’s History of USOs,2025-weaponized-episode-67,11 existing related entities; 11 episodes across 1 podcast series; 0 recognized cases; 0 linked people; 0 documents; 0 organizations; 1 explicit years.,established content base,"missing podcast series: MERGED, Need to Know, WEAPONIZED; limited witness/investigator diversity; limited document coverage; limited organization/investigation coverage; limited explicit chronology",yes,material improvement,unique witness; unique investigator; unique evidence; historical context; primary-source discussion,missing podcast series; witness/investigator diversity; recognized Case coverage,Adds complementary perspective,No material redundancy identified,60,Broadens topic coverage; Deepens existing research; Adds unique evidence; Adds unique witness; Adds unique investigator; Improves chronology; Strengthens cross-series research; Fills research gap,fail,pass,not_applicable,"This episode broadens and deepens the Witness Accounts destination topic. It is already connected to 2017 Iraq Jellyfish UAP Incident, Skinwalker Ranch; it contributes unique witness, unique investigator, unique evidence; it fills gaps in missing podcast series, witness/investigator diversity, recognized Case coverage. Topic Coverage Score 60/100 indicates material improvement. The candidate contributes unique witness, unique investigator, unique evidence; it fills missing podcast series, witness/investigator diversity, recognized Case coverage.",low,do_not_recommend,pending,
Witness Accounts,WEAPONIZED,69,"WEAPONIZED Episode #69 — John Mack, Ariel School, and Reporting the Unreportable",2025-weaponized-episode-69,11 existing related entities; 11 episodes across 1 podcast series; 0 recognized cases; 0 linked people; 0 documents; 0 organizations; 1 explicit years.,established content base,"missing podcast series: MERGED, Need to Know, WEAPONIZED; limited witness/investigator diversity; limited document coverage; limited organization/investigation coverage; limited explicit chronology",yes,material improvement,unique witness; unique investigator; unique evidence,missing podcast series; witness/investigator diversity; organization/investigation coverage; chronology; recognized Case coverage,Adds complementary perspective,No material redundancy identified,68,Broadens topic coverage; Deepens existing research; Adds unique evidence; Adds unique witness; Adds unique investigator; Improves chronology; Strengthens cross-series research; Fills research gap,fail,pass,not_applicable,"This episode broadens and deepens the Witness Accounts destination topic. It is already connected to 1994 Ariel School Encounter, 2017 Iraq Jellyfish UAP Incident; it contributes unique witness, unique investigator, unique evidence; it fills gaps in missing podcast series, witness/investigator diversity, organization/investigation coverage, chronology, recognized Case coverage. Topic Coverage Score 68/100 indicates material improvement. The candidate contributes unique witness, unique investigator, unique evidence; it fills missing podcast series, witness/investigator diversity, organization/investigation coverage, chronology, recognized Case coverage.",low,do_not_recommend,pending,
Witness Accounts,WEAPONIZED,70,WEAPONIZED Episode #70 — The Age of Disclosure and Media Coverage of UAP,2025-weaponized-episode-70,11 existing related entities; 11 episodes across 1 podcast series; 0 recognized cases; 0 linked people; 0 documents; 0 organizations; 1 explicit years.,established content base,"missing podcast series: MERGED, Need to Know, WEAPONIZED; limited witness/investigator diversity; limited document coverage; limited organization/investigation coverage; limited explicit chronology",yes,material improvement,unique witness; unique evidence; primary-source discussion,missing podcast series; witness/investigator diversity; organization/investigation coverage; chronology; recognized Case coverage,Adds complementary perspective,No material redundancy identified,68,Broadens topic coverage; Deepens existing research; Adds unique evidence; Adds unique witness; Improves chronology; Strengthens cross-series research; Fills research gap,fail,pass,not_applicable,"This episode broadens and deepens the Witness Accounts destination topic. It is already connected to 2004 Nimitz Encounter, 2014–2015 East Coast Navy Encounters; it contributes unique witness, unique evidence, primary-source discussion; it fills gaps in missing podcast series, witness/investigator diversity, organization/investigation coverage, chronology, recognized Case coverage. Topic Coverage Score 68/100 indicates material improvement. The candidate contributes unique witness, unique evidence, primary-source discussion; it fills missing podcast series, witness/investigator diversity, organization/investigation coverage, chronology, recognized Case coverage.",low,do_not_recommend,pending,
Witness Accounts,WEAPONIZED,71,WEAPONIZED Episode #71 — The Vandenberg Red Square UAP,2025-weaponized-episode-71,11 existing related entities; 11 episodes across 1 podcast series; 0 recognized cases; 0 linked people; 0 documents; 0 organizations; 1 explicit years.,established content base,"missing podcast series: MERGED, Need to Know, WEAPONIZED; limited witness/investigator diversity; limited document coverage; limited organization/investigation coverage; limited explicit chronology",yes,material improvement,unique witness; unique investigator; unique evidence,missing podcast series; witness/investigator diversity; organization/investigation coverage; recognized Case coverage,Adds complementary perspective,No material redundancy identified,63,Broadens topic coverage; Deepens existing research; Adds unique evidence; Adds unique witness; Adds unique investigator; Strengthens cross-series research; Fills research gap,fail,pass,not_applicable,"This episode broadens and deepens the Witness Accounts destination topic. It is already connected to 2017 Iraq Jellyfish UAP Incident, Skinwalker Ranch; it contributes unique witness, unique investigator, unique evidence; it fills gaps in missing podcast series, witness/investigator diversity, organization/investigation coverage, recognized Case coverage. Topic Coverage Score 63/100 indicates material improvement. The candidate contributes unique witness, unique investigator, unique evidence; it fills missing podcast series, witness/investigator diversity, organization/investigation coverage, recognized Case coverage.",low,do_not_recommend,pending,
Witness Accounts,WEAPONIZED,73,WEAPONIZED Episode #73 — USS Jackson Eyewitness Alex Wiggins,2025-weaponized-episode-73,11 existing related entities; 11 episodes across 1 podcast series; 0 recognized cases; 0 linked people; 0 documents; 0 organizations; 1 explicit years.,established content base,"missing podcast series: MERGED, Need to Know, WEAPONIZED; limited witness/investigator diversity; limited document coverage; limited organization/investigation coverage; limited explicit chronology",yes,material improvement,unique witness; unique evidence; technical analysis,missing podcast series; witness/investigator diversity; organization/investigation coverage; chronology; recognized Case coverage,Adds complementary perspective,No material redundancy identified,69,Broadens topic coverage; Deepens existing research; Adds unique evidence; Adds unique witness; Improves chronology; Strengthens cross-series research; Fills research gap,fail,pass,not_applicable,"This episode broadens and deepens the Witness Accounts destination topic. It is already connected to 2004 Nimitz Encounter, 2014–2015 East Coast Navy Encounters; it contributes unique witness, unique evidence, technical analysis; it fills gaps in missing podcast series, witness/investigator diversity, organization/investigation coverage, chronology, recognized Case coverage. Topic Coverage Score 69/100 indicates material improvement. The candidate contributes unique witness, unique evidence, technical analysis; it fills missing podcast series, witness/investigator diversity, organization/investigation coverage, chronology, recognized Case coverage.",low,do_not_recommend,pending,
Witness Accounts,WEAPONIZED,78,"WEAPONIZED Episode #78 — Sean Kirkpatrick, AARO, and UFO Politics",2025-weaponized-episode-78,11 existing related entities; 11 episodes across 1 podcast series; 0 recognized cases; 0 linked people; 0 documents; 0 organizations; 1 explicit years.,established content base,"missing podcast series: MERGED, Need to Know, WEAPONIZED; limited witness/investigator diversity; limited document coverage; limited organization/investigation coverage; limited explicit chronology",yes,material improvement,unique witness; historical context,missing podcast series; witness/investigator diversity; organization/investigation coverage; recognized Case coverage,Adds complementary perspective,No material redundancy identified,62,Broadens topic coverage; Deepens existing research; Adds unique witness; Improves chronology; Strengthens cross-series research; Fills research gap,fail,pass,not_applicable,"This episode broadens and deepens the Witness Accounts destination topic. It is already connected to 2017 Iraq Jellyfish UAP Incident, Kona Blue Proposed UAP Program; it contributes unique witness, historical context; it fills gaps in missing podcast series, witness/investigator diversity, organization/investigation coverage, recognized Case coverage. Topic Coverage Score 62/100 indicates material improvement. The candidate contributes unique witness, historical context; it fills missing podcast series, witness/investigator diversity, organization/investigation coverage, recognized Case coverage.",low,do_not_recommend,pending,
Witness Accounts,WEAPONIZED,80,"WEAPONIZED Episode #80 — UFOs, Nuclear Weapons, and the Wall Street Journal",2025-weaponized-episode-80,11 existing related entities; 11 episodes across 1 podcast series; 0 recognized cases; 0 linked people; 0 documents; 0 organizations; 1 explicit years.,established content base,"missing podcast series: MERGED, Need to Know, WEAPONIZED; limited witness/investigator diversity; limited document coverage; limited organization/investigation coverage; limited explicit chronology",yes,material improvement,unique witness; unique investigator; unique evidence; historical context,missing podcast series; witness/investigator diversity; organization/investigation coverage; recognized Case coverage,Adds complementary perspective,No material redundancy identified,69,Broadens topic coverage; Deepens existing research; Adds unique evidence; Adds unique witness; Adds unique investigator; Improves chronology; Strengthens cross-series research; Fills research gap,fail,pass,not_applicable,"This episode broadens and deepens the Witness Accounts destination topic. It is already connected to 2017 Iraq Jellyfish UAP Incident, Kona Blue Proposed UAP Program; it contributes unique witness, unique investigator, unique evidence; it fills gaps in missing podcast series, witness/investigator diversity, organization/investigation coverage, recognized Case coverage. Topic Coverage Score 69/100 indicates material improvement. The candidate contributes unique witness, unique investigator, unique evidence; it fills missing podcast series, witness/investigator diversity, organization/investigation coverage, recognized Case coverage.",low,do_not_recommend,pending,
Witness Accounts,WEAPONIZED,82,"WEAPONIZED Episode #82 — Disclosure, Drones, and Competition for Crash Materials",2025-weaponized-episode-82,11 existing related entities; 11 episodes across 1 podcast series; 0 recognized cases; 0 linked people; 0 documents; 0 organizations; 1 explicit years.,established content base,"missing podcast series: MERGED, Need to Know, WEAPONIZED; limited witness/investigator diversity; limited document coverage; limited organization/investigation coverage; limited explicit chronology",yes,material improvement,unique witness; unique evidence; competing interpretation,missing podcast series; witness/investigator diversity; organization/investigation coverage; recognized Case coverage,Adds complementary perspective,No material redundancy identified,64,Broadens topic coverage; Deepens existing research; Adds unique evidence; Adds unique witness; Strengthens cross-series research; Fills research gap,fail,pass,not_applicable,"This episode broadens and deepens the Witness Accounts destination topic. It is already connected to 2017 Iraq Jellyfish UAP Incident, Skinwalker Ranch; it contributes unique witness, unique evidence, competing interpretation; it fills gaps in missing podcast series, witness/investigator diversity, organization/investigation coverage, recognized Case coverage. Topic Coverage Score 64/100 indicates material improvement. The candidate contributes unique witness, unique evidence, competing interpretation; it fills missing podcast series, witness/investigator diversity, organization/investigation coverage, recognized Case coverage.",low,do_not_recommend,pending,
Witness Accounts,WEAPONIZED,83,WEAPONIZED Episode #83 — Storming the Silence — Dave Foley and the Fight for UAP Transparency,2025-weaponized-episode-83,11 existing related entities; 11 episodes across 1 podcast series; 0 recognized cases; 0 linked people; 0 documents; 0 organizations; 1 explicit years.,established content base,"missing podcast series: MERGED, Need to Know, WEAPONIZED; limited witness/investigator diversity; limited document coverage; limited organization/investigation coverage; limited explicit chronology",yes,material improvement,unique witness,missing podcast series; witness/investigator diversity; organization/investigation coverage; recognized Case coverage,Adds complementary perspective,No material redundancy identified,60,Broadens topic coverage; Deepens existing research; Adds unique witness; Strengthens cross-series research; Fills research gap,pass,pass,not_applicable,"This episode broadens and deepens the Witness Accounts destination topic. It is already connected to 2017 Iraq Jellyfish UAP Incident, Skinwalker Ranch; it contributes unique witness; it fills gaps in missing podcast series, witness/investigator diversity, organization/investigation coverage, recognized Case coverage. Topic Coverage Score 60/100 indicates material improvement. The candidate contributes unique witness; it fills missing podcast series, witness/investigator diversity, organization/investigation coverage, recognized Case coverage.",medium,recommend_approval,pending,
Witness Accounts,WEAPONIZED,84,WEAPONIZED Episode #84 — False Prophets and Flying Objects — The Whistleblower Wave,2025-weaponized-episode-84,11 existing related entities; 11 episodes across 1 podcast series; 0 recognized cases; 0 linked people; 0 documents; 0 organizations; 1 explicit years.,established content base,"missing podcast series: MERGED, Need to Know, WEAPONIZED; limited witness/investigator diversity; limited document coverage; limited organization/investigation coverage; limited explicit chronology",yes,material improvement,unique witness; unique evidence; competing interpretation; primary-source discussion,missing podcast series; witness/investigator diversity; organization/investigation coverage; recognized Case coverage,Adds complementary perspective,No material redundancy identified,72,Broadens topic coverage; Deepens existing research; Adds unique evidence; Adds unique witness; Strengthens cross-series research; Fills research gap,pass,pass,not_applicable,"This episode broadens and deepens the Witness Accounts destination topic. It is already connected to 2017 Iraq Jellyfish UAP Incident, Skinwalker Ranch; it contributes unique witness, unique evidence, competing interpretation; it fills gaps in missing podcast series, witness/investigator diversity, organization/investigation coverage, recognized Case coverage. Topic Coverage Score 72/100 indicates material improvement. The candidate contributes unique witness, unique evidence, competing interpretation; it fills missing podcast series, witness/investigator diversity, organization/investigation coverage, recognized Case coverage.",medium,recommend_approval,pending,
Witness Accounts,WEAPONIZED,85,WEAPONIZED Episode #85 — Weaponized Silence — The UFO Disclosure Dilemma,2025-weaponized-episode-85,11 existing related entities; 11 episodes across 1 podcast series; 0 recognized cases; 0 linked people; 0 documents; 0 organizations; 1 explicit years.,established content base,"missing podcast series: MERGED, Need to Know, WEAPONIZED; limited witness/investigator diversity; limited document coverage; limited organization/investigation coverage; limited explicit chronology",yes,material improvement,unique witness; unique evidence; primary-source discussion,missing podcast series; witness/investigator diversity; organization/investigation coverage; chronology; recognized Case coverage,Adds complementary perspective,No material redundancy identified,74,Broadens topic coverage; Deepens existing research; Adds unique evidence; Adds unique witness; Improves chronology; Strengthens cross-series research; Fills research gap,pass,pass,not_applicable,"This episode broadens and deepens the Witness Accounts destination topic. It is already connected to 2017 Iraq Jellyfish UAP Incident, Skinwalker Ranch; it contributes unique witness, unique evidence, primary-source discussion; it fills gaps in missing podcast series, witness/investigator diversity, organization/investigation coverage, chronology, recognized Case coverage. Topic Coverage Score 74/100 indicates material improvement. The candidate contributes unique witness, unique evidence, primary-source discussion; it fills missing podcast series, witness/investigator diversity, organization/investigation coverage, chronology, recognized Case coverage.",medium,recommend_approval,pending,
Witness Accounts,WEAPONIZED,86,"WEAPONIZED Episode #86 — Threats, Intimidation, Prosecution — The Daunting Risks for UFO Whistleblowers",2025-weaponized-episode-86,11 existing related entities; 11 episodes across 1 podcast series; 0 recognized cases; 0 linked people; 0 documents; 0 organizations; 1 explicit years.,established content base,"missing podcast series: MERGED, Need to Know, WEAPONIZED; limited witness/investigator diversity; limited document coverage; limited organization/investigation coverage; limited explicit chronology",yes,material improvement,unique witness,missing podcast series; witness/investigator diversity; document coverage; organization/investigation coverage; recognized Case coverage,Adds complementary perspective,No material redundancy identified,72,Broadens topic coverage; Deepens existing research; Adds unique evidence; Adds unique witness; Strengthens cross-series research; Fills research gap,fail,pass,not_applicable,"This episode broadens and deepens the Witness Accounts destination topic. It is already connected to 2017 Iraq Jellyfish UAP Incident, Skinwalker Ranch; it contributes unique witness; it fills gaps in missing podcast series, witness/investigator diversity, document coverage, organization/investigation coverage, recognized Case coverage. Topic Coverage Score 72/100 indicates material improvement. The candidate contributes unique witness; it fills missing podcast series, witness/investigator diversity, document coverage, organization/investigation coverage, recognized Case coverage.",low,do_not_recommend,pending,
Witness Accounts,WEAPONIZED,89,WEAPONIZED Episode #89 — The 2025 UAP Hearing — Did It Move the Needle?,2025-weaponized-episode-89,11 existing related entities; 11 episodes across 1 podcast series; 0 recognized cases; 0 linked people; 0 documents; 0 organizations; 1 explicit years.,established content base,"missing podcast series: MERGED, Need to Know, WEAPONIZED; limited witness/investigator diversity; limited document coverage; limited organization/investigation coverage; limited explicit chronology",yes,material improvement,unique witness; unique evidence; primary-source discussion,missing podcast series; witness/investigator diversity; organization/investigation coverage; chronology; recognized Case coverage,Adds complementary perspective,No material redundancy identified,70,Broadens topic coverage; Deepens existing research; Adds unique evidence; Adds unique witness; Improves chronology; Strengthens cross-series research; Fills research gap,fail,pass,not_applicable,"This episode broadens and deepens the Witness Accounts destination topic. It is already connected to 2017 Iraq Jellyfish UAP Incident, September 2025 House UAP Hearing; it contributes unique witness, unique evidence, primary-source discussion; it fills gaps in missing podcast series, witness/investigator diversity, organization/investigation coverage, chronology, recognized Case coverage. Topic Coverage Score 70/100 indicates material improvement. The candidate contributes unique witness, unique evidence, primary-source discussion; it fills missing podcast series, witness/investigator diversity, organization/investigation coverage, chronology, recognized Case coverage.",low,do_not_recommend,pending,
Witness Accounts,WEAPONIZED,90,WEAPONIZED Episode #90 — The Reluctant UFO Whistleblower — Dylan Borland Tells All: Part 1,2025-weaponized-episode-90,11 existing related entities; 11 episodes across 1 podcast series; 0 recognized cases; 0 linked people; 0 documents; 0 organizations; 1 explicit years.,established content base,"missing podcast series: MERGED, Need to Know, WEAPONIZED; limited witness/investigator diversity; limited document coverage; limited organization/investigation coverage; limited explicit chronology",yes,material improvement,unique witness; unique investigator; unique evidence; primary-source discussion,missing podcast series; witness/investigator diversity; organization/investigation coverage; recognized Case coverage,Adds complementary perspective,No material redundancy identified,70,Broadens topic coverage; Deepens existing research; Adds unique evidence; Adds unique witness; Adds unique investigator; Strengthens cross-series research; Fills research gap,pass,pass,not_applicable,"This episode broadens and deepens the Witness Accounts destination topic. It is already connected to 2017 Iraq Jellyfish UAP Incident, Skinwalker Ranch; it contributes unique witness, unique investigator, unique evidence; it fills gaps in missing podcast series, witness/investigator diversity, organization/investigation coverage, recognized Case coverage. Topic Coverage Score 70/100 indicates material improvement. The candidate contributes unique witness, unique investigator, unique evidence; it fills missing podcast series, witness/investigator diversity, organization/investigation coverage, recognized Case coverage.",medium,recommend_approval,pending,
Witness Accounts,WEAPONIZED,91,WEAPONIZED Episode #91 — Dylan Borland Unloads — The Truth About Legacy UFO Programs: Part 2,2025-weaponized-episode-91,11 existing related entities; 11 episodes across 1 podcast series; 0 recognized cases; 0 linked people; 0 documents; 0 organizations; 1 explicit years.,established content base,"missing podcast series: MERGED, Need to Know, WEAPONIZED; limited witness/investigator diversity; limited document coverage; limited organization/investigation coverage; limited explicit chronology",uncertain,possible improvement requiring human review,,missing podcast series; witness/investigator diversity; organization/investigation coverage; recognized Case coverage,Adds complementary perspective,No material redundancy identified,52,Broadens topic coverage; Deepens existing research; Adds unique witness; Strengthens cross-series research; Fills research gap,fail,needs_review,not_applicable,"This episode broadens and deepens the Witness Accounts destination topic. It is already connected to 2017 Iraq Jellyfish UAP Incident, Skinwalker Ranch; it fills gaps in missing podcast series, witness/investigator diversity, organization/investigation coverage, recognized Case coverage. Topic Coverage Score 52/100 indicates possible improvement requiring human review. The candidate contributes no clearly machine-identifiable unique contribution; it fills missing podcast series, witness/investigator diversity, organization/investigation coverage, recognized Case coverage.",low,do_not_recommend,pending,
Witness Accounts,WEAPONIZED,92,WEAPONIZED Episode #92 — The UAP Witness That Didn’t Testify — Congress Wanted You to Hear This,2025-weaponized-episode-92,11 existing related entities; 11 episodes across 1 podcast series; 0 recognized cases; 0 linked people; 0 documents; 0 organizations; 1 explicit years.,established content base,"missing podcast series: MERGED, Need to Know, WEAPONIZED; limited witness/investigator diversity; limited document coverage; limited organization/investigation coverage; limited explicit chronology",yes,material improvement,unique witness; unique evidence,missing podcast series; witness/investigator diversity; organization/investigation coverage; recognized Case coverage,Adds complementary perspective,No material redundancy identified,66,Broadens topic coverage; Deepens existing research; Adds unique evidence; Adds unique witness; Strengthens cross-series research; Fills research gap,fail,pass,not_applicable,"This episode broadens and deepens the Witness Accounts destination topic. It is already connected to 2017 Iraq Jellyfish UAP Incident, Eglin Runway UAP Incident; it contributes unique witness, unique evidence; it fills gaps in missing podcast series, witness/investigator diversity, organization/investigation coverage, recognized Case coverage. Topic Coverage Score 66/100 indicates material improvement. The candidate contributes unique witness, unique evidence; it fills missing podcast series, witness/investigator diversity, organization/investigation coverage, recognized Case coverage.",low,do_not_recommend,pending,
Witness Accounts,WEAPONIZED,96,"WEAPONIZED Episode #96 — James Lacatski on AAWSAP, Kona Blue, and a Recovered Craft — Part 1",2025-weaponized-episode-96,11 existing related entities; 11 episodes across 1 podcast series; 0 recognized cases; 0 linked people; 0 documents; 0 organizations; 1 explicit years.,established content base,"missing podcast series: MERGED, Need to Know, WEAPONIZED; limited witness/investigator diversity; limited document coverage; limited organization/investigation coverage; limited explicit chronology",yes,material improvement,unique witness; unique evidence,missing podcast series; witness/investigator diversity; organization/investigation coverage; recognized Case coverage,Adds complementary perspective,No material redundancy identified,61,Broadens topic coverage; Deepens existing research; Adds unique evidence; Adds unique witness; Strengthens cross-series research; Fills research gap,fail,pass,not_applicable,"This episode broadens and deepens the Witness Accounts destination topic. It is already connected to 2017 Iraq Jellyfish UAP Incident, Kona Blue Proposed UAP Program; it contributes unique witness, unique evidence; it fills gaps in missing podcast series, witness/investigator diversity, organization/investigation coverage, recognized Case coverage. Topic Coverage Score 61/100 indicates material improvement. The candidate contributes unique witness, unique evidence; it fills missing podcast series, witness/investigator diversity, organization/investigation coverage, recognized Case coverage.",low,do_not_recommend,pending,
Witness Accounts,WEAPONIZED,103,"WEAPONIZED Episode #103 — 2025 Year in Review — Progress, Evidence, and Pushback",2026-weaponized-episode-103,11 existing related entities; 11 episodes across 1 podcast series; 0 recognized cases; 0 linked people; 0 documents; 0 organizations; 1 explicit years.,established content base,"missing podcast series: MERGED, Need to Know, WEAPONIZED; limited witness/investigator diversity; limited document coverage; limited organization/investigation coverage; limited explicit chronology",yes,material improvement,unique witness; unique evidence,missing podcast series; witness/investigator diversity; organization/investigation coverage; chronology; recognized Case coverage,Adds complementary perspective,No material redundancy identified,73,Broadens topic coverage; Deepens existing research; Adds unique evidence; Adds unique witness; Improves chronology; Strengthens cross-series research; Fills research gap,fail,pass,not_applicable,"This episode broadens and deepens the Witness Accounts destination topic. It is already connected to 2017 Iraq Jellyfish UAP Incident, Roswell Incident; it contributes unique witness, unique evidence; it fills gaps in missing podcast series, witness/investigator diversity, organization/investigation coverage, chronology, recognized Case coverage. Topic Coverage Score 73/100 indicates material improvement. The candidate contributes unique witness, unique evidence; it fills missing podcast series, witness/investigator diversity, organization/investigation coverage, chronology, recognized Case coverage.",low,do_not_recommend,pending,
Witness Accounts,WEAPONIZED,105,WEAPONIZED Episode #105 — James Fox — New Varginha Witnesses and the Continuing Cover-Up,2026-weaponized-episode-105,11 existing related entities; 11 episodes across 1 podcast series; 0 recognized cases; 0 linked people; 0 documents; 0 organizations; 1 explicit years.,established content base,"missing podcast series: MERGED, Need to Know, WEAPONIZED; limited witness/investigator diversity; limited document coverage; limited organization/investigation coverage; limited explicit chronology",yes,material improvement,unique witness; unique investigator; unique evidence; historical context; primary-source discussion,missing podcast series; witness/investigator diversity; organization/investigation coverage; chronology; recognized Case coverage,Adds complementary perspective,No material redundancy identified,81,Broadens topic coverage; Deepens existing research; Adds unique evidence; Adds unique witness; Adds unique investigator; Improves chronology; Strengthens cross-series research; Fills research gap,pass,pass,not_applicable,"This episode broadens and deepens the Witness Accounts destination topic. It is already connected to 2017 Iraq Jellyfish UAP Incident, Skinwalker Ranch; it contributes unique witness, unique investigator, unique evidence; it fills gaps in missing podcast series, witness/investigator diversity, organization/investigation coverage, chronology, recognized Case coverage. Topic Coverage Score 81/100 indicates material improvement. The candidate contributes unique witness, unique investigator, unique evidence; it fills missing podcast series, witness/investigator diversity, organization/investigation coverage, chronology, recognized Case coverage.",medium,recommend_approval,pending,
Witness Accounts,WEAPONIZED,106,WEAPONIZED Episode #106 — Ryan “Neo” Bodenheimer — Four Pilot UAP Encounters,2026-weaponized-episode-106,11 existing related entities; 11 episodes across 1 podcast series; 0 recognized cases; 0 linked people; 0 documents; 0 organizations; 1 explicit years.,established content base,"missing podcast series: MERGED, Need to Know, WEAPONIZED; limited witness/investigator diversity; limited document coverage; limited organization/investigation coverage; limited explicit chronology",yes,material improvement,unique evidence,missing podcast series; witness/investigator diversity; organization/investigation coverage; recognized Case coverage,Adds complementary perspective,No material redundancy identified,61,Broadens topic coverage; Deepens existing research; Adds unique evidence; Adds unique witness; Strengthens cross-series research; Fills research gap,fail,pass,not_applicable,"This episode broadens and deepens the Witness Accounts destination topic. It is already connected to 2017 Iraq Jellyfish UAP Incident, Skinwalker Ranch; it contributes unique evidence; it fills gaps in missing podcast series, witness/investigator diversity, organization/investigation coverage, recognized Case coverage. Topic Coverage Score 61/100 indicates material improvement. The candidate contributes unique evidence; it fills missing podcast series, witness/investigator diversity, organization/investigation coverage, recognized Case coverage.",low,do_not_recommend,pending,
Witness Accounts,WEAPONIZED,112,WEAPONIZED Episode #112 — Eric Burlison — Classified Site Visit and Congressional UAP Oversight,2026-weaponized-episode-112,11 existing related entities; 11 episodes across 1 podcast series; 0 recognized cases; 0 linked people; 0 documents; 0 organizations; 1 explicit years.,established content base,"missing podcast series: MERGED, Need to Know, WEAPONIZED; limited witness/investigator diversity; limited document coverage; limited organization/investigation coverage; limited explicit chronology",yes,material improvement,unique witness; unique evidence; primary-source discussion,missing podcast series; witness/investigator diversity; organization/investigation coverage; recognized Case coverage,Adds complementary perspective,No material redundancy identified,66,Broadens topic coverage; Deepens existing research; Adds unique evidence; Adds unique witness; Strengthens cross-series research; Fills research gap,fail,pass,not_applicable,"This episode broadens and deepens the Witness Accounts destination topic. It is already connected to 2017 Iraq Jellyfish UAP Incident, Skinwalker Ranch; it contributes unique witness, unique evidence, primary-source discussion; it fills gaps in missing podcast series, witness/investigator diversity, organization/investigation coverage, recognized Case coverage. Topic Coverage Score 66/100 indicates material improvement. The candidate contributes unique witness, unique evidence, primary-source discussion; it fills missing podcast series, witness/investigator diversity, organization/investigation coverage, recognized Case coverage.",low,do_not_recommend,pending,
Witness Accounts,WEAPONIZED,116,WEAPONIZED Episode #116 — UAP Transparency at the National Space Symposium,2026-weaponized-episode-116,11 existing related entities; 11 episodes across 1 podcast series; 0 recognized cases; 0 linked people; 0 documents; 0 organizations; 1 explicit years.,established content base,"missing podcast series: MERGED, Need to Know, WEAPONIZED; limited witness/investigator diversity; limited document coverage; limited organization/investigation coverage; limited explicit chronology",yes,material improvement,unique witness; unique evidence; primary-source discussion,missing podcast series; witness/investigator diversity; organization/investigation coverage; recognized Case coverage,Adds complementary perspective,No material redundancy identified,68,Broadens topic coverage; Deepens existing research; Adds unique evidence; Adds unique witness; Strengthens cross-series research; Fills research gap,pass,pass,not_applicable,"This episode broadens and deepens the Witness Accounts destination topic. It is already connected to 2017 Iraq Jellyfish UAP Incident, Skinwalker Ranch; it contributes unique witness, unique evidence, primary-source discussion; it fills gaps in missing podcast series, witness/investigator diversity, organization/investigation coverage, recognized Case coverage. Topic Coverage Score 68/100 indicates material improvement. The candidate contributes unique witness, unique evidence, primary-source discussion; it fills missing podcast series, witness/investigator diversity, organization/investigation coverage, recognized Case coverage.",medium,recommend_approval,pending,
Witness Accounts,WEAPONIZED,119,WEAPONIZED Episode #119 — The Price Paid by UAP Whistleblowers,2026-weaponized-episode-119,11 existing related entities; 11 episodes across 1 podcast series; 0 recognized cases; 0 linked people; 0 documents; 0 organizations; 1 explicit years.,established content base,"missing podcast series: MERGED, Need to Know, WEAPONIZED; limited witness/investigator diversity; limited document coverage; limited organization/investigation coverage; limited explicit chronology",yes,material improvement,unique witness; unique evidence; primary-source discussion,missing podcast series; witness/investigator diversity; organization/investigation coverage; recognized Case coverage,Adds complementary perspective,No material redundancy identified,68,Broadens topic coverage; Deepens existing research; Adds unique evidence; Adds unique witness; Strengthens cross-series research; Fills research gap,fail,pass,not_applicable,"This episode broadens and deepens the Witness Accounts destination topic. It is already connected to 2017 Iraq Jellyfish UAP Incident, Skinwalker Ranch; it contributes unique witness, unique evidence, primary-source discussion; it fills gaps in missing podcast series, witness/investigator diversity, organization/investigation coverage, recognized Case coverage. Topic Coverage Score 68/100 indicates material improvement. The candidate contributes unique witness, unique evidence, primary-source discussion; it fills missing podcast series, witness/investigator diversity, organization/investigation coverage, recognized Case coverage.",low,do_not_recommend,pending,
Witness Accounts,WEAPONIZED,120,WEAPONIZED Episode #120 — Whitley Strieber — Transformation 2026 and the Meaning of Close Encounters,2026-weaponized-episode-120,11 existing related entities; 11 episodes across 1 podcast series; 0 recognized cases; 0 linked people; 0 documents; 0 organizations; 1 explicit years.,established content base,"missing podcast series: MERGED, Need to Know, WEAPONIZED; limited witness/investigator diversity; limited document coverage; limited organization/investigation coverage; limited explicit chronology",yes,material improvement,unique witness,missing podcast series; witness/investigator diversity; document coverage; chronology; recognized Case coverage,Adds complementary perspective,No material redundancy identified,70,Broadens topic coverage; Deepens existing research; Adds unique evidence; Adds unique witness; Improves chronology; Strengthens cross-series research; Fills research gap,pass,pass,not_applicable,"This episode broadens and deepens the Witness Accounts destination topic. It is already connected to 2017 Iraq Jellyfish UAP Incident, Skinwalker Ranch; it contributes unique witness; it fills gaps in missing podcast series, witness/investigator diversity, document coverage, chronology, recognized Case coverage. Topic Coverage Score 70/100 indicates material improvement. The candidate contributes unique witness; it fills missing podcast series, witness/investigator diversity, document coverage, chronology, recognized Case coverage.",medium,recommend_approval,pending,
