podcastSeries,episodeNumber,episodeTitle,episodeId,proposedTopic,discoveryMethod,existingCaseRelationships,subjectRelevanceTest,researchValueTest,caseInheritanceTest,supportingEvidence,confidenceLevel,approvalRecommendation,relationshipExplanation,humanDecision,reviewerNotes
Somewhere in the Skies,1,Richard Dolan: Media Bias in UFO Coverage,2017-somewhere-in-the-skies-episode-1,UFO History,Metadata Discovery,,needs_review,pass,not_applicable,Ryan Sprague presents a interview focused on Media Bias in UFO Coverage. This 2017 Somewhere in the Skies release is indexed with source-grounded topics and direct archive references.,medium,human_review_needed,"This episode substantively addresses UFO History and offers a distinct research contribution through its series perspective, evidence, or educational context.",pending,
Somewhere in the Skies,10,Mark O'Connell: The Close Encounters Man,2017-somewhere-in-the-skies-episode-10,UFO History,Metadata Discovery,,pass,fail,not_applicable,Ryan Sprague presents a research discussion focused on The Close Encounters Man. This 2017 Somewhere in the Skies release is indexed with source-grounded topics and direct archive references.,low,do_not_recommend,"This episode substantively addresses UFO History and offers a distinct research contribution through its series perspective, evidence, or educational context.",pending,
Somewhere in the Skies,11,"Erica Lukes: Dugway, Skinwalker Ranch, and UFOs over Utah",2017-somewhere-in-the-skies-episode-11,UFO History,Metadata Discovery,,needs_review,pass,not_applicable,"Ryan Sprague presents a case investigation focused on Dugway, Skinwalker Ranch, and UFOs over Utah. This 2017 Somewhere in the Skies release is indexed with source-grounded topics and direct archive references.",medium,human_review_needed,"This episode substantively addresses UFO History and offers a distinct research contribution through its series perspective, evidence, or educational context.",pending,
Somewhere in the Skies,17,"Peter Robbins: Imagery, Reality, and UFOs: Sorting Truth From Fiction",2017-somewhere-in-the-skies-episode-17,UFO History,Metadata Discovery,,pass,fail,not_applicable,"Ryan Sprague presents a research discussion focused on Imagery, Reality, and UFOs: Sorting Truth From Fiction. This 2017 Somewhere in the Skies release is indexed with source-grounded topics and direct archive references.",low,do_not_recommend,"This episode substantively addresses UFO History and offers a distinct research contribution through its series perspective, evidence, or educational context.",pending,
Somewhere in the Skies,18,"MJ Banias: Whiskey, UFOs, and Shaking the ET Hypothesis",2017-somewhere-in-the-skies-episode-18,UFO History,Metadata Discovery,,pass,fail,not_applicable,"Ryan Sprague presents a research discussion focused on Whiskey, UFOs, and Shaking the ET Hypothesis. This 2017 Somewhere in the Skies release is indexed with source-grounded topics and direct archive references.",low,do_not_recommend,"This episode substantively addresses UFO History and offers a distinct research contribution through its series perspective, evidence, or educational context.",pending,
Somewhere in the Skies,19,Ben Mezrich: The 37th Parallel,2017-somewhere-in-the-skies-episode-19,UFO History,Metadata Discovery,,needs_review,pass,not_applicable,Ryan Sprague presents a case investigation focused on The 37th Parallel. This 2017 Somewhere in the Skies release is indexed with source-grounded topics and direct archive references.,medium,human_review_needed,"This episode substantively addresses UFO History and offers a distinct research contribution through its series perspective, evidence, or educational context.",pending,
Somewhere in the Skies,2,"Micah Hanks: Building a Better UFOlogy | Truth, Myths & the Future of UAP Research",2017-somewhere-in-the-skies-episode-2,UFO History,Metadata Discovery,,pass,fail,not_applicable,"Ryan Sprague presents a research discussion focused on Building a Better UFOlogy | Truth, Myths & the Future of UAP Research. This 2017 Somewhere in the Skies release is indexed with source-grounded topics and direct archive references.",low,do_not_recommend,"This episode substantively addresses UFO History and offers a distinct research contribution through its series perspective, evidence, or educational context.",pending,
Somewhere in the Skies,20,Spooked in Nova Scotia: A Paranormal Roundtable,2017-somewhere-in-the-skies-episode-20,UFO History,Metadata Discovery,,pass,fail,not_applicable,Ryan Sprague presents a roundtable focused on A Paranormal Roundtable. This 2017 Somewhere in the Skies release is indexed with source-grounded topics and direct archive references.,low,do_not_recommend,"This episode substantively addresses UFO History and offers a distinct research contribution through its series perspective, evidence, or educational context.",pending,
Somewhere in the Skies,21,"Jason McClellan: Beers, Ghosts, and UFOs",2017-somewhere-in-the-skies-episode-21,UFO History,Metadata Discovery,,pass,fail,not_applicable,"Ryan Sprague presents a roundtable focused on Beers, Ghosts, and UFOs. This 2017 Somewhere in the Skies release is indexed with source-grounded topics and direct archive references.",low,do_not_recommend,"This episode substantively addresses UFO History and offers a distinct research contribution through its series perspective, evidence, or educational context.",pending,
Somewhere in the Skies,22,Mike Clelland: The Messengers,2017-somewhere-in-the-skies-episode-22,UFO History,Metadata Discovery,,pass,fail,not_applicable,Ryan Sprague presents a research discussion focused on The Messengers. This 2017 Somewhere in the Skies release is indexed with source-grounded topics and direct archive references.,low,do_not_recommend,"This episode substantively addresses UFO History and offers a distinct research contribution through its series perspective, evidence, or educational context.",pending,
Somewhere in the Skies,24,Chris Garetano: Dark Files and the Montauk Project,2017-somewhere-in-the-skies-episode-24,UFO History,Metadata Discovery,,needs_review,pass,not_applicable,Ryan Sprague presents a case investigation focused on Dark Files and the Montauk Project. This 2017 Somewhere in the Skies release is indexed with source-grounded topics and direct archive references.,medium,human_review_needed,"This episode substantively addresses UFO History and offers a distinct research contribution through its series perspective, evidence, or educational context.",pending,
Somewhere in the Skies,25,Seth Breedlove: Invasion on Chestnut Ridge,2017-somewhere-in-the-skies-episode-25,UFO History,Metadata Discovery,,needs_review,pass,not_applicable,Ryan Sprague presents a case investigation focused on Invasion on Chestnut Ridge. This 2017 Somewhere in the Skies release is indexed with source-grounded topics and direct archive references.,medium,human_review_needed,"This episode substantively addresses UFO History and offers a distinct research contribution through its series perspective, evidence, or educational context.",pending,
Somewhere in the Skies,26,Karl Pfeiffer: The Science and Philosophy of the Paranormal,2017-somewhere-in-the-skies-episode-26,UFO History,Metadata Discovery,,pass,fail,not_applicable,Ryan Sprague presents a research discussion focused on The Science and Philosophy of the Paranormal. This 2017 Somewhere in the Skies release is indexed with source-grounded topics and direct archive references.,low,do_not_recommend,"This episode substantively addresses UFO History and offers a distinct research contribution through its series perspective, evidence, or educational context.",pending,
Somewhere in the Skies,29,Brian Bethel: Black Eyed Kid Phenomenon,2017-somewhere-in-the-skies-episode-29,UFO History,Metadata Discovery,,needs_review,pass,not_applicable,Ryan Sprague presents a case investigation focused on Black Eyed Kid Phenomenon. This 2017 Somewhere in the Skies release is indexed with source-grounded topics and direct archive references.,medium,human_review_needed,"This episode substantively addresses UFO History and offers a distinct research contribution through its series perspective, evidence, or educational context.",pending,
Somewhere in the Skies,3,Greg Eghigian: History of a Cultural Phenomenon,2017-somewhere-in-the-skies-episode-3,UFO History,Metadata Discovery,,pass,fail,not_applicable,Ryan Sprague presents a research discussion focused on History of a Cultural Phenomenon. This 2017 Somewhere in the Skies release is indexed with source-grounded topics and direct archive references.,low,do_not_recommend,"This episode substantively addresses UFO History and offers a distinct research contribution through its series perspective, evidence, or educational context.",pending,
Somewhere in the Skies,30,The Andreasson Abduction,2017-somewhere-in-the-skies-episode-30,UFO History,Metadata Discovery,,needs_review,pass,not_applicable,Ryan Sprague presents a case investigation focused on The Andreasson Abduction. This 2017 Somewhere in the Skies release is indexed with source-grounded topics and direct archive references.,medium,human_review_needed,"This episode substantively addresses UFO History and offers a distinct research contribution through its series perspective, evidence, or educational context.",pending,
Somewhere in the Skies,31,Robbie Graham: Silver Screen Saucers,2017-somewhere-in-the-skies-episode-31,UFO History,Metadata Discovery,,needs_review,pass,not_applicable,"Ryan Sprague presents a film, television, or book discussion focused on Silver Screen Saucers. This 2017 Somewhere in the Skies release is indexed with source-grounded topics and direct archive references.",medium,human_review_needed,"This episode substantively addresses UFO History and offers a distinct research contribution through its series perspective, evidence, or educational context.",pending,
Somewhere in the Skies,33,Michael Huntington: Childhood UFO Encounters,2017-somewhere-in-the-skies-episode-33,UFO History,Metadata Discovery,,needs_review,pass,not_applicable,Ryan Sprague presents a case investigation focused on Childhood UFO Encounters. This 2017 Somewhere in the Skies release is indexed with source-grounded topics and direct archive references.,medium,human_review_needed,"This episode substantively addresses UFO History and offers a distinct research contribution through its series perspective, evidence, or educational context.",pending,
Somewhere in the Skies,36,UFO Roundtable: The Year In Review,2017-somewhere-in-the-skies-episode-36,UFO History,Metadata Discovery,,pass,fail,not_applicable,Ryan Sprague presents a roundtable focused on The Year In Review. This 2017 Somewhere in the Skies release is indexed with source-grounded topics and direct archive references.,low,do_not_recommend,"This episode substantively addresses UFO History and offers a distinct research contribution through its series perspective, evidence, or educational context.",pending,
Somewhere in the Skies,5,Ruben Uriarte: UFOs Over Mexico and the Southwest,2017-somewhere-in-the-skies-episode-5,UFO History,Metadata Discovery,,needs_review,pass,not_applicable,Ryan Sprague presents a case investigation focused on UFOs Over Mexico and the Southwest. This 2017 Somewhere in the Skies release is indexed with source-grounded topics and direct archive references.,medium,human_review_needed,"This episode substantively addresses UFO History and offers a distinct research contribution through its series perspective, evidence, or educational context.",pending,
Somewhere in the Skies,7,Nick Redfern: The Roswell UFO Conspiracy,2017-somewhere-in-the-skies-episode-7,UFO History,Metadata Discovery,,pass,pass,not_applicable,Ryan Sprague presents a case investigation focused on The Roswell UFO Conspiracy. This 2017 Somewhere in the Skies release is indexed with source-grounded topics and direct archive references.,medium,recommend_approval,"This episode substantively addresses UFO History and offers a distinct research contribution through its series perspective, evidence, or educational context.",pending,
Somewhere in the Skies,8,Jane Kyle: UFOs Over Texas,2017-somewhere-in-the-skies-episode-8,UFO History,Metadata Discovery,,needs_review,pass,not_applicable,Ryan Sprague presents a case investigation focused on UFOs Over Texas. This 2017 Somewhere in the Skies release is indexed with source-grounded topics and direct archive references.,medium,human_review_needed,"This episode substantively addresses UFO History and offers a distinct research contribution through its series perspective, evidence, or educational context.",pending,
Somewhere in the Skies,9,Andrew Sanford: Flying Saucers v.s. The Half White Son of a Black Man,2017-somewhere-in-the-skies-episode-9,UFO History,Metadata Discovery,,needs_review,pass,not_applicable,"Ryan Sprague presents a film, television, or book discussion focused on Flying Saucers v.s. The Half White Son of a Black Man. This 2017 Somewhere in the Skies release is indexed with source-grounded topics and direct archive references.",medium,human_review_needed,"This episode substantively addresses UFO History and offers a distinct research contribution through its series perspective, evidence, or educational context.",pending,
Need to Know,11,UFOs and Rock Stars,2022-need-to-know-episode-11,UFO History,Metadata Discovery,,fail,pass,not_applicable,"Ross Coulthart and Bryce Zabel explore intersections between popular music and UFO culture, focusing on Tom DeLonge’s UAP advocacy and John Lennon’s reported 1974 sighting.",low,do_not_recommend,"This episode substantively addresses UFO History and offers a distinct research contribution through its series perspective, evidence, or educational context.",pending,
Need to Know,12,Congressional UFO Hearings,2022-need-to-know-episode-12,UFO History,Metadata Discovery,,fail,pass,not_applicable,Ross Coulthart and Bryce Zabel review the history of congressional UFO hearings and assess what meaningful future oversight would require ahead of renewed public attention in 2022.,low,do_not_recommend,"This episode substantively addresses UFO History and offers a distinct research contribution through its series perspective, evidence, or educational context.",pending,
Need to Know,13,Bryce’s Rant,2022-need-to-know-episode-13,UFO History,Metadata Discovery,,fail,pass,not_applicable,"In a short standalone commentary, Bryce Zabel critiques recurring dysfunction within modern ufology and calls for more disciplined, constructive, and evidence-focused public discussion.",low,do_not_recommend,"This episode substantively addresses UFO History and offers a distinct research contribution through its series perspective, evidence, or educational context.",pending,
Need to Know,15,Estimate of the Situation,2022-need-to-know-episode-15,UFO History,Metadata Discovery,,pass,pass,not_applicable,Ross Coulthart and Bryce Zabel examine the reported 1948 Project Sign Estimate of the Situation and what the document’s disputed history reveals about early Air Force UFO analysis and institutional resistance.,medium,recommend_approval,"This episode substantively addresses UFO History and offers a distinct research contribution through its series perspective, evidence, or educational context.",pending,
Need to Know,16,Summer of the Saucers,2022-need-to-know-episode-16,UFO History,Metadata Discovery,,fail,pass,not_applicable,"Ross Coulthart and Bryce Zabel examine the renewed public and congressional focus on UFOs in the summer of 2022, placing the May hearing and continuing media attention within a longer cycle of official interest.",low,do_not_recommend,"This episode substantively addresses UFO History and offers a distinct research contribution through its series perspective, evidence, or educational context.",pending,
Need to Know,17,Beyond Nimitz,2022-need-to-know-episode-17,UFO History,Metadata Discovery,2004 Nimitz Encounter,fail,pass,not_applicable,Ross Coulthart and Bryce Zabel revisit the 2004 Nimitz encounter through the documentary work that helped preserve witness testimony and broaden public understanding of the case beyond the best-known cockpit accounts.,low,do_not_recommend,"This episode substantively addresses UFO History and offers a distinct research contribution through its series perspective, evidence, or educational context.",pending,
Need to Know,21,UFOlogy Must Die?,2022-need-to-know-episode-21,UFO History,Metadata Discovery,,pass,pass,not_applicable,"Ross Coulthart and Bryce Zabel return after their documentary special to examine Luis Elizondo’s argument that traditional ufology should give way to a more disciplined, scientific, and evidence-centered approach.",medium,recommend_approval,"This episode substantively addresses UFO History and offers a distinct research contribution through its series perspective, evidence, or educational context.",pending,
Need to Know,22,Witness to a UFO — In the Middle of Battle in Ukraine,2022-need-to-know-episode-22,UFO History,Metadata Discovery,,fail,pass,not_applicable,"Ross Coulthart and Bryce Zabel examine Witness to a UFO — In the Middle of Battle in Ukraine, connecting the episode’s central subject to current UAP reporting, institutional transparency, and the longer history of the phenomenon while distinguishing established information from unresolved claims.",low,do_not_recommend,"This episode substantively addresses UFO History and offers a distinct research contribution through its series perspective, evidence, or educational context.",pending,
Need to Know,23,Core Secret,2022-need-to-know-episode-23,UFO History,Metadata Discovery,,fail,pass,not_applicable,"Ross Coulthart and Bryce Zabel examine Core Secret, connecting the episode’s central subject to current UAP reporting, institutional transparency, and the longer history of the phenomenon while distinguishing established information from unresolved claims.",low,do_not_recommend,"This episode substantively addresses UFO History and offers a distinct research contribution through its series perspective, evidence, or educational context.",pending,
Need to Know,24,Late UAP Report!,2022-need-to-know-episode-24,UFO History,Metadata Discovery,Kona Blue Proposed UAP Program,fail,pass,not_applicable,"Ross Coulthart and Bryce Zabel examine Late UAP Report!, connecting the episode’s central subject to current UAP reporting, institutional transparency, and the longer history of the phenomenon while distinguishing established information from unresolved claims.",low,do_not_recommend,"This episode substantively addresses UFO History and offers a distinct research contribution through its series perspective, evidence, or educational context.",pending,
Need to Know,25,The NY Times' Five Year UFO Anniversary,2022-need-to-know-episode-25,UFO History,Metadata Discovery,,fail,pass,not_applicable,"Ross Coulthart and Bryce Zabel examine The NY Times' Five Year UFO Anniversary, connecting the episode’s central subject to current UAP reporting, institutional transparency, and the longer history of the phenomenon while distinguishing established information from unresolved claims.",low,do_not_recommend,"This episode substantively addresses UFO History and offers a distinct research contribution through its series perspective, evidence, or educational context.",pending,
Need to Know,5,Roswell and Beyond,2022-need-to-know-episode-5,UFO History,Metadata Discovery,1946 Scandinavian Ghost Rocket Reports; Roswell Incident; World War II Foo Fighter Reports,pass,pass,not_applicable,Bryce Zabel and Ross Coulthart trace the emergence of modern UFO history from World War II foo fighter reports and the 1946 Scandinavian ghost rockets through the flying-saucer wave of 1947 and the Roswell incident.,medium,recommend_approval,"This episode substantively addresses UFO History and offers a distinct research contribution through its series perspective, evidence, or educational context.",pending,
Need to Know,8,In Plain Sight,2022-need-to-know-episode-8,UFO History,Metadata Discovery,,fail,pass,not_applicable,"Bryce Zabel examines Ross Coulthart’s book In Plain Sight, drawing out its investigative approach, historical cases, official records, and implications for understanding the modern UAP issue.",low,do_not_recommend,"This episode substantively addresses UFO History and offers a distinct research contribution through its series perspective, evidence, or educational context.",pending,
Need to Know,9,Classic UFO Investigators,2022-need-to-know-episode-9,UFO History,Metadata Discovery,,pass,pass,not_applicable,"Ross Coulthart and Bryce Zabel revisit formative UFO investigators and early investigations in the United States and Australia, considering how their methods and findings shaped later research.",medium,recommend_approval,"This episode substantively addresses UFO History and offers a distinct research contribution through its series perspective, evidence, or educational context.",pending,
Need to Know,26,The NDAA Is Law!,2023-need-to-know-episode-26,UFO History,Metadata Discovery,,fail,pass,not_applicable,"Ross Coulthart and Bryce Zabel examine The NDAA Is Law!, connecting the episode’s central subject to current UAP reporting, institutional transparency, and the longer history of the phenomenon while distinguishing established information from unresolved claims.",low,do_not_recommend,"This episode substantively addresses UFO History and offers a distinct research contribution through its series perspective, evidence, or educational context.",pending,
Need to Know,27,The Report Is Out!,2023-need-to-know-episode-27,UFO History,Metadata Discovery,Kona Blue Proposed UAP Program,fail,pass,not_applicable,"Ross Coulthart and Bryce Zabel examine The Report Is Out!, connecting the episode’s central subject to current UAP reporting, institutional transparency, and the longer history of the phenomenon while distinguishing established information from unresolved claims.",low,do_not_recommend,"This episode substantively addresses UFO History and offers a distinct research contribution through its series perspective, evidence, or educational context.",pending,
Need to Know,28,Chinese Balloon Misdirect,2023-need-to-know-episode-28,UFO History,Metadata Discovery,,fail,pass,not_applicable,"Ross Coulthart and Bryce Zabel examine Chinese Balloon Misdirect, connecting the episode’s central subject to current UAP reporting, institutional transparency, and the longer history of the phenomenon while distinguishing established information from unresolved claims.",low,do_not_recommend,"This episode substantively addresses UFO History and offers a distinct research contribution through its series perspective, evidence, or educational context.",pending,
Need to Know,29,99 Chinese Balloons?,2023-need-to-know-episode-29,UFO History,Metadata Discovery,,fail,pass,not_applicable,"Ross Coulthart and Bryce Zabel examine 99 Chinese Balloons?, connecting the episode’s central subject to current UAP reporting, institutional transparency, and the longer history of the phenomenon while distinguishing established information from unresolved claims.",low,do_not_recommend,"This episode substantively addresses UFO History and offers a distinct research contribution through its series perspective, evidence, or educational context.",pending,
Need to Know,30,UAP: The Ides of March,2023-need-to-know-episode-30,UFO History,Metadata Discovery,,fail,pass,not_applicable,"Ross Coulthart and Bryce Zabel examine UAP: The Ides of March, connecting the episode’s central subject to current UAP reporting, institutional transparency, and the longer history of the phenomenon while distinguishing established information from unresolved claims.",low,do_not_recommend,"This episode substantively addresses UFO History and offers a distinct research contribution through its series perspective, evidence, or educational context.",pending,
Need to Know,31,Would You Like Some Danish with Your UFO?,2023-need-to-know-episode-31,UFO History,Metadata Discovery,,fail,pass,not_applicable,"Ross Coulthart and Bryce Zabel examine Would You Like Some Danish with Your UFO?, connecting the episode’s central subject to current UAP reporting, institutional transparency, and the longer history of the phenomenon while distinguishing established information from unresolved claims.",low,do_not_recommend,"This episode substantively addresses UFO History and offers a distinct research contribution through its series perspective, evidence, or educational context.",pending,
Need to Know,32,UFO Hearing Preview,2023-need-to-know-episode-32,UFO History,Metadata Discovery,,fail,pass,not_applicable,"Ross Coulthart and Bryce Zabel examine UFO Hearing Preview, connecting the episode’s central subject to current UAP reporting, institutional transparency, and the longer history of the phenomenon while distinguishing established information from unresolved claims.",low,do_not_recommend,"This episode substantively addresses UFO History and offers a distinct research contribution through its series perspective, evidence, or educational context.",pending,
Need to Know,33,"UFO/UAP Hearings, Leaks & Briefings",2023-need-to-know-episode-33,UFO History,Metadata Discovery,,fail,pass,not_applicable,"Ross Coulthart and Bryce Zabel examine UFO/UAP Hearings, Leaks & Briefings, connecting the episode’s central subject to current UAP reporting, institutional transparency, and the longer history of the phenomenon while distinguishing established information from unresolved claims.",low,do_not_recommend,"This episode substantively addresses UFO History and offers a distinct research contribution through its series perspective, evidence, or educational context.",pending,
Need to Know,34,(20) 23 & Me,2023-need-to-know-episode-34,UFO History,Metadata Discovery,,fail,pass,not_applicable,"Ross Coulthart and Bryce Zabel examine (20) 23 & Me, connecting the episode’s central subject to current UAP reporting, institutional transparency, and the longer history of the phenomenon while distinguishing established information from unresolved claims.",low,do_not_recommend,"This episode substantively addresses UFO History and offers a distinct research contribution through its series perspective, evidence, or educational context.",pending,
Need to Know,35,The Tipping Point Is Here,2023-need-to-know-episode-35,UFO History,Metadata Discovery,,fail,pass,not_applicable,"Ross Coulthart and Bryce Zabel examine The Tipping Point Is Here, connecting the episode’s central subject to current UAP reporting, institutional transparency, and the longer history of the phenomenon while distinguishing established information from unresolved claims.",low,do_not_recommend,"This episode substantively addresses UFO History and offers a distinct research contribution through its series perspective, evidence, or educational context.",pending,
Need to Know,37,NewsNation's Whistleblower Special,2023-need-to-know-episode-37,UFO History,Metadata Discovery,,fail,pass,not_applicable,"Ross Coulthart and Bryce Zabel examine NewsNation's Whistleblower Special, connecting the episode’s central subject to current UAP reporting, institutional transparency, and the longer history of the phenomenon while distinguishing established information from unresolved claims.",low,do_not_recommend,"This episode substantively addresses UFO History and offers a distinct research contribution through its series perspective, evidence, or educational context.",pending,
Need to Know,38,David Grusch: He's Still Here,2023-need-to-know-episode-38,UFO History,Metadata Discovery,,fail,pass,not_applicable,"Ross Coulthart and Bryce Zabel examine David Grusch: He's Still Here, connecting the episode’s central subject to current UAP reporting, institutional transparency, and the longer history of the phenomenon while distinguishing established information from unresolved claims.",low,do_not_recommend,"This episode substantively addresses UFO History and offers a distinct research contribution through its series perspective, evidence, or educational context.",pending,
Need to Know,39,Is This Actually Happening Now?,2023-need-to-know-episode-39,UFO History,Metadata Discovery,,fail,pass,not_applicable,"Ross Coulthart and Bryce Zabel examine Is This Actually Happening Now?, connecting the episode’s central subject to current UAP reporting, institutional transparency, and the longer history of the phenomenon while distinguishing established information from unresolved claims.",low,do_not_recommend,"This episode substantively addresses UFO History and offers a distinct research contribution through its series perspective, evidence, or educational context.",pending,
Need to Know,40,Schumer Knows Something,2023-need-to-know-episode-40,UFO History,Metadata Discovery,,fail,pass,not_applicable,"Ross Coulthart and Bryce Zabel examine Schumer Knows Something, connecting the episode’s central subject to current UAP reporting, institutional transparency, and the longer history of the phenomenon while distinguishing established information from unresolved claims.",low,do_not_recommend,"This episode substantively addresses UFO History and offers a distinct research contribution through its series perspective, evidence, or educational context.",pending,
Need to Know,41,A Huge Step Forward,2023-need-to-know-episode-41,UFO History,Metadata Discovery,,fail,pass,not_applicable,"Ross Coulthart and Bryce Zabel examine A Huge Step Forward, connecting the episode’s central subject to current UAP reporting, institutional transparency, and the longer history of the phenomenon while distinguishing established information from unresolved claims.",low,do_not_recommend,"This episode substantively addresses UFO History and offers a distinct research contribution through its series perspective, evidence, or educational context.",pending,
Need to Know,42,UAP: What's Next?,2023-need-to-know-episode-42,UFO History,Metadata Discovery,,fail,pass,not_applicable,"Ross Coulthart and Bryce Zabel examine UAP: What's Next?, connecting the episode’s central subject to current UAP reporting, institutional transparency, and the longer history of the phenomenon while distinguishing established information from unresolved claims.",low,do_not_recommend,"This episode substantively addresses UFO History and offers a distinct research contribution through its series perspective, evidence, or educational context.",pending,
Need to Know,43,UFO Pushback,2023-need-to-know-episode-43,UFO History,Metadata Discovery,,fail,pass,not_applicable,"Ross Coulthart and Bryce Zabel examine UFO Pushback, connecting the episode’s central subject to current UAP reporting, institutional transparency, and the longer history of the phenomenon while distinguishing established information from unresolved claims.",low,do_not_recommend,"This episode substantively addresses UFO History and offers a distinct research contribution through its series perspective, evidence, or educational context.",pending,
Need to Know,44,UFO Word Games,2023-need-to-know-episode-44,UFO History,Metadata Discovery,,fail,pass,not_applicable,"Ross Coulthart and Bryce Zabel examine UFO Word Games, connecting the episode’s central subject to current UAP reporting, institutional transparency, and the longer history of the phenomenon while distinguishing established information from unresolved claims.",low,do_not_recommend,"This episode substantively addresses UFO History and offers a distinct research contribution through its series perspective, evidence, or educational context.",pending,
Need to Know,45,Same Old UFO Song,2023-need-to-know-episode-45,UFO History,Metadata Discovery,,fail,pass,not_applicable,"Ross Coulthart and Bryce Zabel examine Same Old UFO Song, connecting the episode’s central subject to current UAP reporting, institutional transparency, and the longer history of the phenomenon while distinguishing established information from unresolved claims.",low,do_not_recommend,"This episode substantively addresses UFO History and offers a distinct research contribution through its series perspective, evidence, or educational context.",pending,
Need to Know,46,JFK and UFOs?,2023-need-to-know-episode-46,UFO History,Metadata Discovery,,fail,pass,not_applicable,"Ross Coulthart and Bryce Zabel examine JFK and UFOs?, connecting the episode’s central subject to current UAP reporting, institutional transparency, and the longer history of the phenomenon while distinguishing established information from unresolved claims.",low,do_not_recommend,"This episode substantively addresses UFO History and offers a distinct research contribution through its series perspective, evidence, or educational context.",pending,
Need to Know,47,UFO Gatekeepers Strike Back,2023-need-to-know-episode-47,UFO History,Metadata Discovery,,fail,pass,not_applicable,"Ross Coulthart and Bryce Zabel examine UFO Gatekeepers Strike Back, connecting the episode’s central subject to current UAP reporting, institutional transparency, and the longer history of the phenomenon while distinguishing established information from unresolved claims.",low,do_not_recommend,"This episode substantively addresses UFO History and offers a distinct research contribution through its series perspective, evidence, or educational context.",pending,
WEAPONIZED,16,Secret Soviet UFO Science — Researchers Behind the Iron Curtain,2023-weaponized-episode-16,UFO History,Metadata Discovery,2017 Iraq Jellyfish UAP Incident; Soviet and Russian Military UFO Investigations; Skinwalker Ranch,fail,pass,not_applicable,"Corbell and Knapp revisit covert and semi-covert UFO research conducted by Soviet scientists and academic groups, drawing on interviews George Knapp recorded during reporting trips to Russia in the 1990s.",low,do_not_recommend,"This episode substantively addresses UFO History and offers a distinct research contribution through its series perspective, evidence, or educational context.",pending,
WEAPONIZED,25,"Tim Burchett, Congressional UFO Hearings, and the Coming House Testimony",2023-weaponized-episode-25,UFO History,Metadata Discovery,2017 Iraq Jellyfish UAP Incident; Skinwalker Ranch,fail,pass,not_applicable,"Jeremy Corbell and George Knapp review the history of congressional UFO hearings and interview Representative Tim Burchett about the anticipated July 2023 House hearing, prospective witnesses, bipartisan interest, and alleged hidden crash-retrieval materials.",low,do_not_recommend,"This episode substantively addresses UFO History and offers a distinct research contribution through its series perspective, evidence, or educational context.",pending,
WEAPONIZED,35,"UFO History, Gulf of Mexico Objects, and Congressional Stakes",2023-weaponized-episode-35,UFO History,Metadata Discovery,2017 Iraq Jellyfish UAP Incident; Skinwalker Ranch,fail,pass,not_applicable,The episode reviews historical milestones in public understanding of UFOs and features Christopher Sharp on a reported Gulf of Mexico encounter and the status of UAP legislation.,low,do_not_recommend,"This episode substantively addresses UFO History and offers a distinct research contribution through its series perspective, evidence, or educational context.",pending,
WEAPONIZED,43,The Unreleased Philip Corso Tapes,2023-weaponized-episode-43,UFO History,Metadata Discovery,2017 Iraq Jellyfish UAP Incident; Roswell Incident; Skinwalker Ranch,pass,pass,not_applicable,Jeremy Corbell and George Knapp revisit Philip J. Corso’s Roswell technology-transfer claims and examine previously unreleased interviews recorded by personnel associated with the National Institute for Discovery Science.,medium,recommend_approval,"This episode substantively addresses UFO History and offers a distinct research contribution through its series perspective, evidence, or educational context.",pending,
WEAPONIZED,45,"John Alexander on Crash Retrievals, NIDS, and the Sol Conference",2023-weaponized-episode-45,UFO History,Metadata Discovery,2017 Iraq Jellyfish UAP Incident; Roswell Incident; Skinwalker Ranch,fail,pass,not_applicable,"John B. Alexander joins Jeremy Corbell and George Knapp to discuss the Advanced Theoretical Physics program, alleged crash-retrieval programs, NIDS, Skinwalker Ranch, the Sol Foundation conference, and Philip J. Corso.",low,do_not_recommend,"This episode substantively addresses UFO History and offers a distinct research contribution through its series perspective, evidence, or educational context.",pending,
WEAPONIZED,9,Harry Reid’s AAWSAP Briefing and the Hidden History of AATIP,2023-weaponized-episode-9,UFO History,Metadata Discovery,2017 Iraq Jellyfish UAP Incident; Skinwalker Ranch,fail,pass,not_applicable,The hosts recount Harry Reid’s March 2018 closed-door meeting connecting George Knapp with AAWSAP manager James Lacatski and explain distinctions between AAWSAP and the publicly reported AATIP effort.,low,do_not_recommend,"This episode substantively addresses UFO History and offers a distinct research contribution through its series perspective, evidence, or educational context.",pending,
Need to Know,48,Is This the Year?,2024-need-to-know-episode-48,UFO History,Metadata Discovery,,fail,pass,not_applicable,"Ross Coulthart and Bryce Zabel examine Is This the Year?, connecting the episode’s central subject to current UAP reporting, institutional transparency, and the longer history of the phenomenon while distinguishing established information from unresolved claims.",low,do_not_recommend,"This episode substantively addresses UFO History and offers a distinct research contribution through its series perspective, evidence, or educational context.",pending,
Need to Know,49,"Adios, Voldemort",2024-need-to-know-episode-49,UFO History,Metadata Discovery,Kona Blue Proposed UAP Program,fail,pass,not_applicable,"Ross Coulthart and Bryce Zabel examine Adios, Voldemort, connecting the episode’s central subject to current UAP reporting, institutional transparency, and the longer history of the phenomenon while distinguishing established information from unresolved claims.",low,do_not_recommend,"This episode substantively addresses UFO History and offers a distinct research contribution through its series perspective, evidence, or educational context.",pending,
Need to Know,50,More UFO Lies & Coverup,2024-need-to-know-episode-50,UFO History,Metadata Discovery,Kona Blue Proposed UAP Program,fail,pass,not_applicable,"Ross Coulthart and Bryce Zabel examine More UFO Lies & Coverup, connecting the episode’s central subject to current UAP reporting, institutional transparency, and the longer history of the phenomenon while distinguishing established information from unresolved claims.",low,do_not_recommend,"This episode substantively addresses UFO History and offers a distinct research contribution through its series perspective, evidence, or educational context.",pending,
Need to Know,51,UAP Burnout,2024-need-to-know-episode-51,UFO History,Metadata Discovery,,fail,pass,not_applicable,"Ross Coulthart and Bryce Zabel examine UAP Burnout, connecting the episode’s central subject to current UAP reporting, institutional transparency, and the longer history of the phenomenon while distinguishing established information from unresolved claims.",low,do_not_recommend,"This episode substantively addresses UFO History and offers a distinct research contribution through its series perspective, evidence, or educational context.",pending,
Need to Know,52,Swagger and Secrets,2024-need-to-know-episode-52,UFO History,Metadata Discovery,Kona Blue Proposed UAP Program,fail,pass,not_applicable,"Ross Coulthart and Bryce Zabel examine Swagger and Secrets, connecting the episode’s central subject to current UAP reporting, institutional transparency, and the longer history of the phenomenon while distinguishing established information from unresolved claims.",low,do_not_recommend,"This episode substantively addresses UFO History and offers a distinct research contribution through its series perspective, evidence, or educational context.",pending,
Need to Know,53,Zero Doubt,2024-need-to-know-episode-53,UFO History,Metadata Discovery,,fail,pass,not_applicable,"Ross Coulthart and Bryce Zabel examine Zero Doubt, connecting the episode’s central subject to current UAP reporting, institutional transparency, and the longer history of the phenomenon while distinguishing established information from unresolved claims.",low,do_not_recommend,"This episode substantively addresses UFO History and offers a distinct research contribution through its series perspective, evidence, or educational context.",pending,
Need to Know,54,History Repeats,2024-need-to-know-episode-54,UFO History,Metadata Discovery,,fail,pass,not_applicable,"Ross Coulthart and Bryce Zabel examine History Repeats, connecting the episode’s central subject to current UAP reporting, institutional transparency, and the longer history of the phenomenon while distinguishing established information from unresolved claims.",low,do_not_recommend,"This episode substantively addresses UFO History and offers a distinct research contribution through its series perspective, evidence, or educational context.",pending,
Need to Know,55,Imminent,2024-need-to-know-episode-55,UFO History,Metadata Discovery,,fail,pass,not_applicable,"Ross Coulthart and Bryce Zabel examine Imminent, connecting the episode’s central subject to current UAP reporting, institutional transparency, and the longer history of the phenomenon while distinguishing established information from unresolved claims.",low,do_not_recommend,"This episode substantively addresses UFO History and offers a distinct research contribution through its series perspective, evidence, or educational context.",pending,
Need to Know,56,Elizondo Unplugged,2024-need-to-know-episode-56,UFO History,Metadata Discovery,,fail,pass,not_applicable,"Ross Coulthart and Bryce Zabel examine Elizondo Unplugged, connecting the episode’s central subject to current UAP reporting, institutional transparency, and the longer history of the phenomenon while distinguishing established information from unresolved claims.",low,do_not_recommend,"This episode substantively addresses UFO History and offers a distinct research contribution through its series perspective, evidence, or educational context.",pending,
Need to Know,57,Dolan's New USO Shockers,2024-need-to-know-episode-57,UFO History,Metadata Discovery,,fail,pass,not_applicable,"Ross Coulthart and Bryce Zabel examine Dolan's New USO Shockers, connecting the episode’s central subject to current UAP reporting, institutional transparency, and the longer history of the phenomenon while distinguishing established information from unresolved claims.",low,do_not_recommend,"This episode substantively addresses UFO History and offers a distinct research contribution through its series perspective, evidence, or educational context.",pending,
Need to Know,58,The Disclosure President?,2024-need-to-know-episode-58,UFO History,Metadata Discovery,,fail,pass,not_applicable,"Ross Coulthart and Bryce Zabel examine The Disclosure President?, connecting the episode’s central subject to current UAP reporting, institutional transparency, and the longer history of the phenomenon while distinguishing established information from unresolved claims.",low,do_not_recommend,"This episode substantively addresses UFO History and offers a distinct research contribution through its series perspective, evidence, or educational context.",pending,
Need to Know,59,Jingle Drones,2024-need-to-know-episode-59,UFO History,Metadata Discovery,,fail,pass,not_applicable,"Ross Coulthart and Bryce Zabel examine Jingle Drones, connecting the episode’s central subject to current UAP reporting, institutional transparency, and the longer history of the phenomenon while distinguishing established information from unresolved claims.",low,do_not_recommend,"This episode substantively addresses UFO History and offers a distinct research contribution through its series perspective, evidence, or educational context.",pending,
WEAPONIZED,46,"Richard Dolan on Disclosure, History, and USO Cases",2024-weaponized-episode-46,UFO History,Metadata Discovery,2017 Iraq Jellyfish UAP Incident; Skinwalker Ranch,fail,pass,not_applicable,"Historian Richard Dolan joins Jeremy Corbell and George Knapp for a wide-ranging discussion of disclosure, intelligence and defense institutions, whistleblower revelations, congressional statements, academic interest, global UFO history, and unidentified submerged object cases.",low,do_not_recommend,"This episode substantively addresses UFO History and offers a distinct research contribution through its series perspective, evidence, or educational context.",pending,
WEAPONIZED,48,"Ernest Cline, UFO History, and Science-Fiction Culture",2024-weaponized-episode-48,UFO History,Metadata Discovery,2017 Iraq Jellyfish UAP Incident; Skinwalker Ranch,fail,pass,not_applicable,"Jeremy Corbell and George Knapp visit author and screenwriter Ernest Cline to discuss his career, UFO research interests, science-fiction influences, and extensive collection of pop-culture and UFO materials.",low,do_not_recommend,"This episode substantively addresses UFO History and offers a distinct research contribution through its series perspective, evidence, or educational context.",pending,
WEAPONIZED,52,Season Finale and AARO Historical Report Review,2024-weaponized-episode-52,UFO History,Metadata Discovery,2017 Iraq Jellyfish UAP Incident; Kona Blue Proposed UAP Program; Skinwalker Ranch,fail,pass,not_applicable,"Jeremy Corbell and George Knapp review major moments from the first season, revisit interviews with government investigators, journalists, and disclosure advocates, and criticize AARO’s newly released historical report on U.S. government UFO investigations.",low,do_not_recommend,"This episode substantively addresses UFO History and offers a distinct research contribution through its series perspective, evidence, or educational context.",pending,
WEAPONIZED,56,"Las Vegas Update, Dave Navarro, and Crop Circle History",2024-weaponized-episode-56,UFO History,Metadata Discovery,2017 Iraq Jellyfish UAP Incident; Skinwalker Ranch,fail,pass,not_applicable,"Jeremy Corbell reconnects with George Knapp in Las Vegas, discusses projects underway behind the scenes, notes musician Dave Navarro’s return to the stage and UFO interest, and revisits a 1994 UK crop-circle investigation.",low,do_not_recommend,"This episode substantively addresses UFO History and offers a distinct research contribution through its series perspective, evidence, or educational context.",pending,
WEAPONIZED,57,The Colares UFO Attacks and Brazilian Military Files,2024-weaponized-episode-57,UFO History,Metadata Discovery,2017 Iraq Jellyfish UAP Incident; Colares UFO Incidents; Skinwalker Ranch,fail,pass,not_applicable,"Jeremy Corbell and George Knapp speak with Brazilian investigator Thiago Ticchetti about the Colares UFO incidents, the Brazilian Air Force investigation, alleged injuries, and claims that high-quality military imagery was transferred to the United States.",low,do_not_recommend,"This episode substantively addresses UFO History and offers a distinct research contribution through its series perspective, evidence, or educational context.",pending,
WEAPONIZED,63,Mystery Drones and Australia’s Saucer Nests,2024-weaponized-episode-63,UFO History,Metadata Discovery,2017 Iraq Jellyfish UAP Incident; Queensland Saucer Nests; Skinwalker Ranch,fail,pass,not_applicable,"Jeremy Corbell and George Knapp examine unresolved mystery-drone incursions in New Jersey and near UK military bases, then speak with Australian journalists Danielle O’Neal and Piia Wirsu about their investigation of Queensland “saucer nests” and UFO history.",low,do_not_recommend,"This episode substantively addresses UFO History and offers a distinct research contribution through its series perspective, evidence, or educational context.",pending,
Need to Know,60,Age of Disclosure?,2025-need-to-know-episode-60,UFO History,Metadata Discovery,,fail,pass,not_applicable,"Ross Coulthart and Bryce Zabel examine Age of Disclosure?, connecting the episode’s central subject to current UAP reporting, institutional transparency, and the longer history of the phenomenon while distinguishing established information from unresolved claims.",low,do_not_recommend,"This episode substantively addresses UFO History and offers a distinct research contribution through its series perspective, evidence, or educational context.",pending,
Need to Know,61,Gimme Some Truth,2025-need-to-know-episode-61,UFO History,Metadata Discovery,,fail,pass,not_applicable,"Ross Coulthart and Bryce Zabel examine Gimme Some Truth, connecting the episode’s central subject to current UAP reporting, institutional transparency, and the longer history of the phenomenon while distinguishing established information from unresolved claims.",low,do_not_recommend,"This episode substantively addresses UFO History and offers a distinct research contribution through its series perspective, evidence, or educational context.",pending,
Need to Know,62,Watch the Skies,2025-need-to-know-episode-62,UFO History,Metadata Discovery,,fail,pass,not_applicable,"Ross Coulthart and Bryce Zabel examine Watch the Skies, connecting the episode’s central subject to current UAP reporting, institutional transparency, and the longer history of the phenomenon while distinguishing established information from unresolved claims.",low,do_not_recommend,"This episode substantively addresses UFO History and offers a distinct research contribution through its series perspective, evidence, or educational context.",pending,
Need to Know,63,Immaculate Revelations,2025-need-to-know-episode-63,UFO History,Metadata Discovery,,fail,pass,not_applicable,"Ross Coulthart and Bryce Zabel examine Immaculate Revelations, connecting the episode’s central subject to current UAP reporting, institutional transparency, and the longer history of the phenomenon while distinguishing established information from unresolved claims.",low,do_not_recommend,"This episode substantively addresses UFO History and offers a distinct research contribution through its series perspective, evidence, or educational context.",pending,
Need to Know,64,Live From CITD,2025-need-to-know-episode-64,UFO History,Metadata Discovery,,fail,pass,not_applicable,"Ross Coulthart and Bryce Zabel examine Live From CITD, connecting the episode’s central subject to current UAP reporting, institutional transparency, and the longer history of the phenomenon while distinguishing established information from unresolved claims.",low,do_not_recommend,"This episode substantively addresses UFO History and offers a distinct research contribution through its series perspective, evidence, or educational context.",pending,
Need to Know,65,Ross Coulthart's Final Show — Whose Tech Is It?,2025-need-to-know-episode-65,UFO History,Metadata Discovery,,fail,pass,not_applicable,"Ross Coulthart and Bryce Zabel examine Ross Coulthart's Final Show — Whose Tech Is It?, connecting the episode’s central subject to current UAP reporting, institutional transparency, and the longer history of the phenomenon while distinguishing established information from unresolved claims.",low,do_not_recommend,"This episode substantively addresses UFO History and offers a distinct research contribution through its series perspective, evidence, or educational context.",pending,
Need to Know,66,Richard Dolan Joins the Show — Changes,2025-need-to-know-episode-66,UFO History,Metadata Discovery,,fail,pass,not_applicable,"Bryce Zabel and Richard Dolan examine Richard Dolan Joins the Show — Changes, connecting the episode’s central subject to current UAP reporting, institutional transparency, and the longer history of the phenomenon while distinguishing established information from unresolved claims.",low,do_not_recommend,"This episode substantively addresses UFO History and offers a distinct research contribution through its series perspective, evidence, or educational context.",pending,
Need to Know,67,What You Need to Know Now,2025-need-to-know-episode-67,UFO History,Metadata Discovery,,fail,pass,not_applicable,"Bryce Zabel and Richard Dolan examine What You Need to Know Now, connecting the episode’s central subject to current UAP reporting, institutional transparency, and the longer history of the phenomenon while distinguishing established information from unresolved claims.",low,do_not_recommend,"This episode substantively addresses UFO History and offers a distinct research contribution through its series perspective, evidence, or educational context.",pending,
Need to Know,68,Beyond The Sea,2025-need-to-know-episode-68,UFO History,Metadata Discovery,,fail,pass,not_applicable,"Bryce Zabel and Richard Dolan examine Beyond The Sea, connecting the episode’s central subject to current UAP reporting, institutional transparency, and the longer history of the phenomenon while distinguishing established information from unresolved claims.",low,do_not_recommend,"This episode substantively addresses UFO History and offers a distinct research contribution through its series perspective, evidence, or educational context.",pending,
Need to Know,69,Age of Disclosure?,2025-need-to-know-episode-69,UFO History,Metadata Discovery,,fail,pass,not_applicable,"Bryce Zabel and Richard Dolan examine Age of Disclosure?, connecting the episode’s central subject to current UAP reporting, institutional transparency, and the longer history of the phenomenon while distinguishing established information from unresolved claims.",low,do_not_recommend,"This episode substantively addresses UFO History and offers a distinct research contribution through its series perspective, evidence, or educational context.",pending,
WEAPONIZED,102,Jacques Vallée — The Bizarre Nature of UFOs,2025-weaponized-episode-102,UFO History,Metadata Discovery,2017 Iraq Jellyfish UAP Incident; Skinwalker Ranch,pass,pass,not_applicable,"Jacques Vallée joins Jeremy Corbell and George Knapp for a wide-ranging discussion of UFO history, Project Blue Book, remote viewing, NIDS, AAWSAP, crash retrievals, the Trinity case, congressional secrecy, science, and paths forward.",medium,recommend_approval,"This episode substantively addresses UFO History and offers a distinct research contribution through its series perspective, evidence, or educational context.",pending,
WEAPONIZED,66,"Mike Gold on NASA, UAP, and Space Research",2025-weaponized-episode-66,UFO History,Metadata Discovery,2017 Iraq Jellyfish UAP Incident; Skinwalker Ranch,fail,pass,not_applicable,"Jeremy Corbell and George Knapp speak with space executive and NASA adviser Mike Gold about NASA archives, advanced-material research in zero gravity, historical UAP data, and public-private cooperation.",low,do_not_recommend,"This episode substantively addresses UFO History and offers a distinct research contribution through its series perspective, evidence, or educational context.",pending,
WEAPONIZED,67,Richard Dolan’s History of USOs,2025-weaponized-episode-67,UFO History,Metadata Discovery,2017 Iraq Jellyfish UAP Incident; Skinwalker Ranch,fail,pass,not_applicable,"Historian Richard Dolan discusses documented reports of unidentified submerged objects, alleged transmedium craft, maritime witnesses, and cases presented in A History of USOs, Volume 1.",low,do_not_recommend,"This episode substantively addresses UFO History and offers a distinct research contribution through its series perspective, evidence, or educational context.",pending,
WEAPONIZED,78,"Sean Kirkpatrick, AARO, and UFO Politics",2025-weaponized-episode-78,UFO History,Metadata Discovery,2017 Iraq Jellyfish UAP Incident; Kona Blue Proposed UAP Program; Skinwalker Ranch,fail,pass,not_applicable,The hosts challenge claims attributed to former AARO director Sean Kirkpatrick and discuss UFO politics and Contact in the Desert with Ernie Cline and Dan Cleary.,low,do_not_recommend,"This episode substantively addresses UFO History and offers a distinct research contribution through its series perspective, evidence, or educational context.",pending,
WEAPONIZED,80,"UFOs, Nuclear Weapons, and the Wall Street Journal",2025-weaponized-episode-80,UFO History,Metadata Discovery,2017 Iraq Jellyfish UAP Incident; Kona Blue Proposed UAP Program; Skinwalker Ranch,fail,pass,not_applicable,"Jeremy Corbell and George Knapp, joined by Robert Hastings and Marik von Rennenkampff, rebut Wall Street Journal reporting about UFO history and examine longstanding reports of UAP activity near nuclear weapons sites.",low,do_not_recommend,"This episode substantively addresses UFO History and offers a distinct research contribution through its series perspective, evidence, or educational context.",pending,
WEAPONIZED,87,Alien Bodies and Technology — The Lost Tapes of UFO Whistleblower Col. Corso,2025-weaponized-episode-87,UFO History,Metadata Discovery,2017 Iraq Jellyfish UAP Incident; Roswell Incident; Skinwalker Ranch,pass,pass,not_applicable,"Jeremy Corbell and George Knapp revisit Philip J. Corso’s claims about Roswell materials, Pentagon technology transfer, and reverse engineering through interviews recorded before publication of The Day After Roswell.",medium,recommend_approval,"This episode substantively addresses UFO History and offers a distinct research contribution through its series perspective, evidence, or educational context.",pending,
Need to Know,70,Turn the Page,2026-need-to-know-episode-70,UFO History,Metadata Discovery,,fail,pass,not_applicable,"Bryce Zabel and Richard Dolan examine Turn the Page, connecting the episode’s central subject to current UAP reporting, institutional transparency, and the longer history of the phenomenon while distinguishing established information from unresolved claims.",low,do_not_recommend,"This episode substantively addresses UFO History and offers a distinct research contribution through its series perspective, evidence, or educational context.",pending,
Need to Know,71,Crash,2026-need-to-know-episode-71,UFO History,Metadata Discovery,,fail,pass,not_applicable,"Bryce Zabel and Richard Dolan examine Crash, connecting the episode’s central subject to current UAP reporting, institutional transparency, and the longer history of the phenomenon while distinguishing established information from unresolved claims.",low,do_not_recommend,"This episode substantively addresses UFO History and offers a distinct research contribution through its series perspective, evidence, or educational context.",pending,
Need to Know,72,UFO Hail Mary,2026-need-to-know-episode-72,UFO History,Metadata Discovery,Roswell Incident,pass,pass,not_applicable,"Bryce Zabel and Richard Dolan examine UFO Hail Mary, connecting the episode’s central subject to current UAP reporting, institutional transparency, and the longer history of the phenomenon while distinguishing established information from unresolved claims.",medium,recommend_approval,"This episode substantively addresses UFO History and offers a distinct research contribution through its series perspective, evidence, or educational context.",pending,
Need to Know,73,UFO Disclosure Plot Twist,2026-need-to-know-episode-73,UFO History,Metadata Discovery,,fail,pass,not_applicable,"Bryce Zabel and Richard Dolan examine UFO Disclosure Plot Twist, connecting the episode’s central subject to current UAP reporting, institutional transparency, and the longer history of the phenomenon while distinguishing established information from unresolved claims.",low,do_not_recommend,"This episode substantively addresses UFO History and offers a distinct research contribution through its series perspective, evidence, or educational context.",pending,
Need to Know,74,The Day After Disclosure Day,2026-need-to-know-episode-74,UFO History,Metadata Discovery,,fail,pass,not_applicable,"Bryce Zabel and Richard Dolan examine The Day After Disclosure Day, connecting the episode’s central subject to current UAP reporting, institutional transparency, and the longer history of the phenomenon while distinguishing established information from unresolved claims.",low,do_not_recommend,"This episode substantively addresses UFO History and offers a distinct research contribution through its series perspective, evidence, or educational context.",pending,
Need to Know,75,Is the Tic Tac Really Lockheed Martin Technology?,2026-need-to-know-episode-75,UFO History,Metadata Discovery,,fail,pass,not_applicable,"Bryce Zabel and Richard Dolan examine Is the Tic Tac Really Lockheed Martin Technology?, connecting the episode’s central subject to current UAP reporting, institutional transparency, and the longer history of the phenomenon while distinguishing established information from unresolved claims.",low,do_not_recommend,"This episode substantively addresses UFO History and offers a distinct research contribution through its series perspective, evidence, or educational context.",pending,
WEAPONIZED,107,"Soviet UFO Programs — SETKA, Thread 3, and Nuclear Incursions",2026-weaponized-episode-107,UFO History,Metadata Discovery,2017 Iraq Jellyfish UAP Incident; Nuclear Facility Uap Incidents; Skinwalker Ranch,fail,pass,not_applicable,"George Knapp revisits his 1990s reporting from Russia and releases documents describing Soviet UFO investigations, including the SETKA collection program, Thread 3 technology analysis, pilot and satellite cases, and an alleged 1982 intrusion at a Ukrainian nuclear missile base.",low,do_not_recommend,"This episode substantively addresses UFO History and offers a distinct research contribution through its series perspective, evidence, or educational context.",pending,
Somewhere in the Skies,11,"Erica Lukes: Dugway, Skinwalker Ranch, and UFOs over Utah",2017-somewhere-in-the-skies-episode-11,Historical UFO Cases,Metadata Discovery,,pass,fail,fail,"Ryan Sprague presents a case investigation focused on Dugway, Skinwalker Ranch, and UFOs over Utah. This 2017 Somewhere in the Skies release is indexed with source-grounded topics and direct archive references.",low,do_not_recommend,"This episode substantively addresses Historical UFO Cases and offers a distinct research contribution through its series perspective, evidence, or educational context.",pending,
Somewhere in the Skies,14,Jeremy Corbell: UFOs as a Clockwork Orange,2017-somewhere-in-the-skies-episode-14,Historical UFO Cases,Knowledge Graph Discovery,2017 Iraq Jellyfish UAP Incident; Skinwalker Ranch,needs_review,pass,pass,Ryan Sprague presents a interview focused on UFOs as a Clockwork Orange. This 2017 Somewhere in the Skies release is indexed with source-grounded topics and direct archive references.,medium,human_review_needed,"This episode is already connected to 2017 Iraq Jellyfish UAP Incident, Skinwalker Ranch and its substantive discussion would strengthen the Historical UFO Cases topic page for researchers.",pending,
Somewhere in the Skies,19,Ben Mezrich: The 37th Parallel,2017-somewhere-in-the-skies-episode-19,Historical UFO Cases,Metadata Discovery,,pass,fail,fail,Ryan Sprague presents a case investigation focused on The 37th Parallel. This 2017 Somewhere in the Skies release is indexed with source-grounded topics and direct archive references.,low,do_not_recommend,"This episode substantively addresses Historical UFO Cases and offers a distinct research contribution through its series perspective, evidence, or educational context.",pending,
Somewhere in the Skies,24,Chris Garetano: Dark Files and the Montauk Project,2017-somewhere-in-the-skies-episode-24,Historical UFO Cases,Metadata Discovery,,pass,fail,fail,Ryan Sprague presents a case investigation focused on Dark Files and the Montauk Project. This 2017 Somewhere in the Skies release is indexed with source-grounded topics and direct archive references.,low,do_not_recommend,"This episode substantively addresses Historical UFO Cases and offers a distinct research contribution through its series perspective, evidence, or educational context.",pending,
Somewhere in the Skies,25,Seth Breedlove: Invasion on Chestnut Ridge,2017-somewhere-in-the-skies-episode-25,Historical UFO Cases,Metadata Discovery,,pass,fail,fail,Ryan Sprague presents a case investigation focused on Invasion on Chestnut Ridge. This 2017 Somewhere in the Skies release is indexed with source-grounded topics and direct archive references.,low,do_not_recommend,"This episode substantively addresses Historical UFO Cases and offers a distinct research contribution through its series perspective, evidence, or educational context.",pending,
Somewhere in the Skies,30,The Andreasson Abduction,2017-somewhere-in-the-skies-episode-30,Historical UFO Cases,Metadata Discovery,,pass,fail,fail,Ryan Sprague presents a case investigation focused on The Andreasson Abduction. This 2017 Somewhere in the Skies release is indexed with source-grounded topics and direct archive references.,low,do_not_recommend,"This episode substantively addresses Historical UFO Cases and offers a distinct research contribution through its series perspective, evidence, or educational context.",pending,
Somewhere in the Skies,7,Nick Redfern: The Roswell UFO Conspiracy,2017-somewhere-in-the-skies-episode-7,Historical UFO Cases,Metadata Discovery,,pass,fail,fail,Ryan Sprague presents a case investigation focused on The Roswell UFO Conspiracy. This 2017 Somewhere in the Skies release is indexed with source-grounded topics and direct archive references.,low,do_not_recommend,"This episode substantively addresses Historical UFO Cases and offers a distinct research contribution through its series perspective, evidence, or educational context.",pending,
Somewhere in the Skies,8,Jane Kyle: UFOs Over Texas,2017-somewhere-in-the-skies-episode-8,Historical UFO Cases,Metadata Discovery,,pass,fail,fail,Ryan Sprague presents a case investigation focused on UFOs Over Texas. This 2017 Somewhere in the Skies release is indexed with source-grounded topics and direct archive references.,low,do_not_recommend,"This episode substantively addresses Historical UFO Cases and offers a distinct research contribution through its series perspective, evidence, or educational context.",pending,
Need to Know,17,Beyond Nimitz,2022-need-to-know-episode-17,Historical UFO Cases,Hybrid Discovery,2004 Nimitz Encounter,pass,pass,pass,Ross Coulthart and Bryce Zabel revisit the 2004 Nimitz encounter through the documentary work that helped preserve witness testimony and broaden public understanding of the case beyond the best-known cockpit accounts.,high,recommend_approval,This episode is already connected to 2004 Nimitz Encounter and its substantive discussion would strengthen the Historical UFO Cases topic page for researchers.,pending,
Need to Know,18,Real Change Ahead?,2022-need-to-know-episode-18,Historical UFO Cases,Hybrid Discovery,Kona Blue Proposed UAP Program,pass,pass,pass,"Ross Coulthart and Bryce Zabel assess whether newly established government structures, congressional pressure, and defense-policy changes were likely to produce durable UAP transparency and investigation.",high,recommend_approval,This episode is already connected to Kona Blue Proposed UAP Program and its substantive discussion would strengthen the Historical UFO Cases topic page for researchers.,pending,
Need to Know,20,7NEWS Spotlight Special Edition,2022-need-to-know-episode-20,Historical UFO Cases,Hybrid Discovery,2004 Nimitz Encounter; 2014–2015 East Coast Navy Encounters; 2017 Iraq Jellyfish UAP Incident; Skinwalker Ranch,pass,pass,pass,"This special edition follows Ross Coulthart and Bryce Zabel as they examine the UAP issue through interviews with military witnesses, researchers, and media figures, including Ryan Graves, Jeremy Corbell, and Garry Nolan.",high,recommend_approval,"This episode is already connected to 2004 Nimitz Encounter, 2014–2015 East Coast Navy Encounters and its substantive discussion would strengthen the Historical UFO Cases topic page for researchers.",pending,
Need to Know,24,Late UAP Report!,2022-need-to-know-episode-24,Historical UFO Cases,Knowledge Graph Discovery,Kona Blue Proposed UAP Program,fail,pass,pass,"Ross Coulthart and Bryce Zabel examine Late UAP Report!, connecting the episode’s central subject to current UAP reporting, institutional transparency, and the longer history of the phenomenon while distinguishing established information from unresolved claims.",low,do_not_recommend,This episode is already connected to Kona Blue Proposed UAP Program and its substantive discussion would strengthen the Historical UFO Cases topic page for researchers.,pending,
Need to Know,5,Roswell and Beyond,2022-need-to-know-episode-5,Historical UFO Cases,Hybrid Discovery,1946 Scandinavian Ghost Rocket Reports; Roswell Incident; World War II Foo Fighter Reports,pass,pass,pass,Bryce Zabel and Ross Coulthart trace the emergence of modern UFO history from World War II foo fighter reports and the 1946 Scandinavian ghost rockets through the flying-saucer wave of 1947 and the Roswell incident.,high,recommend_approval,"This episode is already connected to 1946 Scandinavian Ghost Rocket Reports, Roswell Incident and its substantive discussion would strengthen the Historical UFO Cases topic page for researchers.",pending,
Need to Know,7,Air Force Versus Navy,2022-need-to-know-episode-7,Historical UFO Cases,Knowledge Graph Discovery,2004 Nimitz Encounter; 2014–2015 East Coast Navy Encounters,fail,pass,pass,"Ross Coulthart and Bryce Zabel compare the U.S. Navy’s public engagement with UAP reporting against the U.S. Air Force’s more limited transparency, using Christopher Mellon’s criticism as a starting point.",low,do_not_recommend,"This episode is already connected to 2004 Nimitz Encounter, 2014–2015 East Coast Navy Encounters and its substantive discussion would strengthen the Historical UFO Cases topic page for researchers.",pending,
MERGED,1,Interview with Dr. Garry Nolan,2023-merged-episode-1,Historical UFO Cases,Hybrid Discovery,2014–2015 East Coast Navy Encounters,pass,pass,pass,"Ryan Graves launches the MERGED interview series with Stanford professor Garry Nolan for a science-first discussion of UAP evidence, research methods, possible biological and technological implications, and the need for rigorous multidisciplinary investigation.",high,recommend_approval,This episode is already connected to 2014–2015 East Coast Navy Encounters and its substantive discussion would strengthen the Historical UFO Cases topic page for researchers.,pending,
MERGED,10,Looking to the Sky for Extraordinary Evidence of UAP,2023-merged-episode-10,Historical UFO Cases,Hybrid Discovery,2014–2015 East Coast Navy Encounters,pass,pass,pass,"Systematic sky surveys, technological hypotheses, and instrument-based investigation through the Galileo Project.",high,recommend_approval,This episode is already connected to 2014–2015 East Coast Navy Encounters and its substantive discussion would strengthen the Historical UFO Cases topic page for researchers.,pending,
MERGED,11,Beyond the Stigma: A UAP Call to Action,2023-merged-episode-11,Historical UFO Cases,Hybrid Discovery,2004 Nimitz Encounter; 2014–2015 East Coast Navy Encounters,pass,pass,pass,"The 2004 Nimitz encounter, pilot credibility, public stigma, and the need for systematic reporting and investigation.",high,recommend_approval,"This episode is already connected to 2004 Nimitz Encounter, 2014–2015 East Coast Navy Encounters and its substantive discussion would strengthen the Historical UFO Cases topic page for researchers.",pending,
MERGED,12,A New Era of Aviation Safety,2023-merged-episode-12,Historical UFO Cases,Hybrid Discovery,2014–2015 East Coast Navy Encounters,pass,pass,pass,"Human factors, pilot training, cognitive performance, and research into extraordinary aviation experiences.",high,recommend_approval,This episode is already connected to 2014–2015 East Coast Navy Encounters and its substantive discussion would strengthen the Historical UFO Cases topic page for researchers.,pending,
MERGED,13,An Open-Minded Scientific Approach to UAP,2023-merged-episode-13,Historical UFO Cases,Hybrid Discovery,2014–2015 East Coast Navy Encounters,pass,pass,pass,"AIAA’s scientific and aerospace-safety approach to UAP, barriers to study, and institutional research standards.",high,recommend_approval,This episode is already connected to 2014–2015 East Coast Navy Encounters and its substantive discussion would strengthen the Historical UFO Cases topic page for researchers.,pending,
MERGED,14,Pilots & Witnesses: Systematic UAP Reporting for Pilots,2023-merged-episode-14,Historical UFO Cases,Hybrid Discovery,2004 Nimitz Encounter; 2014–2015 East Coast Navy Encounters,pass,pass,pass,"A pilot-to-pilot discussion of the Nimitz encounter, public testimony, and building a safer reporting process.",high,recommend_approval,"This episode is already connected to 2004 Nimitz Encounter, 2014–2015 East Coast Navy Encounters and its substantive discussion would strengthen the Historical UFO Cases topic page for researchers.",pending,
MERGED,15,The Sounds of the Sky: The Galileo Project’s Search for UAP,2023-merged-episode-15,Historical UFO Cases,Hybrid Discovery,2014–2015 East Coast Navy Encounters,pass,pass,pass,"Acoustic instrumentation, machine-learning classification, multisensor observatories, and real-time sky monitoring.",high,recommend_approval,This episode is already connected to 2014–2015 East Coast Navy Encounters and its substantive discussion would strengthen the Historical UFO Cases topic page for researchers.,pending,
MERGED,16,Navigating the Deep: Searching for Undersea UAP,2023-merged-episode-16,Historical UFO Cases,Hybrid Discovery,2014–2015 East Coast Navy Encounters,pass,pass,pass,"Ocean science, GOFAST and GIMBAL context, NOAA experience, and research into transmedium or undersea anomalies.",high,recommend_approval,This episode is already connected to 2014–2015 East Coast Navy Encounters and its substantive discussion would strengthen the Historical UFO Cases topic page for researchers.,pending,
MERGED,17,Asking Difficult Questions: Congressional Accountability on UAP,2023-merged-episode-17,Historical UFO Cases,Knowledge Graph Discovery,2014–2015 East Coast Navy Encounters,fail,needs_review,pass,A Capitol Hill reporter describes interviewing lawmakers after the 2023 hearing and assessing congressional accountability.,low,do_not_recommend,This episode is already connected to 2014–2015 East Coast Navy Encounters and its substantive discussion would strengthen the Historical UFO Cases topic page for researchers.,pending,
MERGED,18,UAP Research or SETI: Who Finds NHI First?,2023-merged-episode-18,Historical UFO Cases,Hybrid Discovery,2014–2015 East Coast Navy Encounters,pass,pass,pass,"Technosignatures, exoplanet habitability, astrobiology, SETI, and whether UAP merits scientific study.",high,recommend_approval,This episode is already connected to 2014–2015 East Coast Navy Encounters and its substantive discussion would strengthen the Historical UFO Cases topic page for researchers.,pending,
MERGED,19,Vandenberg “Red Square” Witness Speaks for First Time,2023-merged-episode-19,Historical UFO Cases,Hybrid Discovery,2014–2015 East Coast Navy Encounters; Kona Blue Proposed UAP Program,pass,pass,pass,"A former Air Force security officer recounts a 2004 Vandenberg incident, preserved records, and later AARO interactions.",high,recommend_approval,"This episode is already connected to 2014–2015 East Coast Navy Encounters, Kona Blue Proposed UAP Program and its substantive discussion would strengthen the Historical UFO Cases topic page for researchers.",pending,
MERGED,2,Pilot’s Shocking UAP Sightings & What This Means For Aviation,2023-merged-episode-2,Historical UFO Cases,Knowledge Graph Discovery,2014–2015 East Coast Navy Encounters,fail,needs_review,pass,"Pilot testimony, radar audio, reporting barriers, and aviation safety.",low,do_not_recommend,This episode is already connected to 2014–2015 East Coast Navy Encounters and its substantive discussion would strengthen the Historical UFO Cases topic page for researchers.,pending,
MERGED,3,Unbreakable Resilience: How I Survived a Supersonic Jet Crash,2023-merged-episode-3,Historical UFO Cases,Knowledge Graph Discovery,2014–2015 East Coast Navy Encounters,fail,needs_review,pass,"A naval aviator’s survival, recovery, trauma, resilience, and personal UAP experience.",low,do_not_recommend,This episode is already connected to 2014–2015 East Coast Navy Encounters and its substantive discussion would strengthen the Historical UFO Cases topic page for researchers.,pending,
MERGED,4,Pilot Breaks the Silence on UAP Encounters,2023-merged-episode-4,Historical UFO Cases,Hybrid Discovery,2014–2015 East Coast Navy Encounters,pass,needs_review,pass,"A veteran commercial pilot describes repeated UAP encounters, reporting stigma, and flight-safety implications.",medium,human_review_needed,This episode is already connected to 2014–2015 East Coast Navy Encounters and its substantive discussion would strengthen the Historical UFO Cases topic page for researchers.,pending,
MERGED,5,Decoding UAP Sightings: Insights from a 747 Pilot,2023-merged-episode-5,Historical UFO Cases,Hybrid Discovery,2014–2015 East Coast Navy Encounters,pass,pass,pass,"A 747 captain and aviation photographer reviews unexplained observations, imagery, and pilot reporting.",high,recommend_approval,This episode is already connected to 2014–2015 East Coast Navy Encounters and its substantive discussion would strengthen the Historical UFO Cases topic page for researchers.,pending,
MERGED,6,Researching UAP in the Galileo Project,2023-merged-episode-6,Historical UFO Cases,Hybrid Discovery,2014–2015 East Coast Navy Encounters,pass,pass,pass,"An inside look at Galileo Project instrumentation, research protocols, stigma reduction, and early-career science.",high,recommend_approval,This episode is already connected to 2014–2015 East Coast Navy Encounters and its substantive discussion would strengthen the Historical UFO Cases topic page for researchers.,pending,
MERGED,7,"Exploring Theories of UAP, Consciousness, and Physics",2023-merged-episode-7,Historical UFO Cases,Hybrid Discovery,2014–2015 East Coast Navy Encounters,pass,pass,pass,"A science-and-philosophy discussion of UAP, consciousness, theoretical physics, and mainstream inquiry.",high,recommend_approval,This episode is already connected to 2014–2015 East Coast Navy Encounters and its substantive discussion would strengthen the Historical UFO Cases topic page for researchers.,pending,
MERGED,8,Where the Search for Dark Matter and UAP Meet,2023-merged-episode-8,Historical UFO Cases,Hybrid Discovery,2014–2015 East Coast Navy Encounters,pass,pass,pass,"Dark-matter detection methods, scientific rigor, and how anomalous observations might be investigated.",high,recommend_approval,This episode is already connected to 2014–2015 East Coast Navy Encounters and its substantive discussion would strengthen the Historical UFO Cases topic page for researchers.,pending,
MERGED,9,Through the Great Filter: A Spacetime Search for UAP,2023-merged-episode-9,Historical UFO Cases,Hybrid Discovery,2014–2015 East Coast Navy Encounters,pass,pass,pass,"The Great Filter, grabby-alien models, long-term civilization, and implications for UAP inquiry.",high,recommend_approval,This episode is already connected to 2014–2015 East Coast Navy Encounters and its substantive discussion would strengthen the Historical UFO Cases topic page for researchers.,pending,
Need to Know,27,The Report Is Out!,2023-need-to-know-episode-27,Historical UFO Cases,Knowledge Graph Discovery,Kona Blue Proposed UAP Program,fail,pass,pass,"Ross Coulthart and Bryce Zabel examine The Report Is Out!, connecting the episode’s central subject to current UAP reporting, institutional transparency, and the longer history of the phenomenon while distinguishing established information from unresolved claims.",low,do_not_recommend,This episode is already connected to Kona Blue Proposed UAP Program and its substantive discussion would strengthen the Historical UFO Cases topic page for researchers.,pending,
WEAPONIZED,1,Launching WEAPONIZED — A New Consensus Reality,2023-weaponized-episode-1,Historical UFO Cases,Knowledge Graph Discovery,2017 Iraq Jellyfish UAP Incident; Skinwalker Ranch,fail,pass,pass,"Jeremy Corbell and George Knapp introduce WEAPONIZED and describe a changing public reality in which military personnel, scientists, journalists, and citizens can discuss UFO/UAP evidence more openly.",low,do_not_recommend,"This episode is already connected to 2017 Iraq Jellyfish UAP Incident, Skinwalker Ranch and its substantive discussion would strengthen the Historical UFO Cases topic page for researchers.",pending,
WEAPONIZED,10,"Duncan Trussell — UFOs, AI, Spirituality, and Reality",2023-weaponized-episode-10,Historical UFO Cases,Knowledge Graph Discovery,2017 Iraq Jellyfish UAP Incident; Skinwalker Ranch,fail,pass,pass,"Duncan Trussell joins Corbell and Knapp for a wide-ranging discussion about UFOs, artificial intelligence, spirituality, Buddhism, psychedelics, gurus, and the nature of reality.",low,do_not_recommend,"This episode is already connected to 2017 Iraq Jellyfish UAP Incident, Skinwalker Ranch and its substantive discussion would strengthen the Historical UFO Cases topic page for researchers.",pending,
WEAPONIZED,11,"John Long — Hollywood, UFO Projects, and the Art of the Movie Trailer",2023-weaponized-episode-11,Historical UFO Cases,Knowledge Graph Discovery,2017 Iraq Jellyfish UAP Incident; Skinwalker Ranch,fail,pass,pass,"John Long, co-founder of Buddha Jones, joins Corbell and Knapp to discuss changes reshaping Hollywood, the future of theatrical and streaming entertainment, UFO-themed productions including NOPE, and the creative craft of movie-trailer marketing.",low,do_not_recommend,"This episode is already connected to 2017 Iraq Jellyfish UAP Incident, Skinwalker Ranch and its substantive discussion would strengthen the Historical UFO Cases topic page for researchers.",pending,
WEAPONIZED,12,"Colm Kelleher Part Two — AAWSAP, the Hitchhiker Effect, and Crash Retrievals",2023-weaponized-episode-12,Historical UFO Cases,Hybrid Discovery,2017 Iraq Jellyfish UAP Incident; Skinwalker Ranch,pass,pass,pass,"In the second half of the Colm Kelleher interview, the former AAWSAP project manager discusses anomalous effects associated with Skinwalker Ranch, the program’s technology objectives, and his stated knowledge of UFO crash-retrieval efforts.",high,recommend_approval,"This episode is already connected to 2017 Iraq Jellyfish UAP Incident, Skinwalker Ranch and its substantive discussion would strengthen the Historical UFO Cases topic page for researchers.",pending,
WEAPONIZED,13,The Russian UFO Files — Military and Scientific Investigations,2023-weaponized-episode-13,Historical UFO Cases,Hybrid Discovery,2017 Iraq Jellyfish UAP Incident; Soviet and Russian Military UFO Investigations; Skinwalker Ranch,pass,pass,pass,"Corbell and Knapp examine George Knapp’s post-Soviet reporting on Russian military and scientific UFO investigations, including interviews with officials and researchers connected to a decade-long nationwide Ministry of Defense program.",high,recommend_approval,"This episode is already connected to 2017 Iraq Jellyfish UAP Incident, Soviet and Russian Military UFO Investigations and its substantive discussion would strengthen the Historical UFO Cases topic page for researchers.",pending,
WEAPONIZED,14,AARO Testifies to the Senate — Sean Kirkpatrick and the Middle East UAP,2023-weaponized-episode-14,Historical UFO Cases,Knowledge Graph Discovery,2017 Iraq Jellyfish UAP Incident; Skinwalker Ranch,fail,pass,pass,"Corbell and Knapp review Sean Kirkpatrick’s public testimony before a Senate subcommittee chaired by Kirsten Gillibrand, including AARO’s evidence claims and newly presented Middle East UAP footage.",low,do_not_recommend,"This episode is already connected to 2017 Iraq Jellyfish UAP Incident, Skinwalker Ranch and its substantive discussion would strengthen the Historical UFO Cases topic page for researchers.",pending,
WEAPONIZED,15,"Dave Foley — Comedy, UFO Curiosity, and a Southern California Encounter",2023-weaponized-episode-15,Historical UFO Cases,Hybrid Discovery,2017 Iraq Jellyfish UAP Incident; Skinwalker Ranch,pass,pass,pass,"Actor and comedian Dave Foley discusses his career, his longstanding interest in UFOs, the Storm Area 51 event, conversations with Joe Rogan, and an unexpected UFO encounter in Southern California.",high,recommend_approval,"This episode is already connected to 2017 Iraq Jellyfish UAP Incident, Skinwalker Ranch and its substantive discussion would strengthen the Historical UFO Cases topic page for researchers.",pending,
WEAPONIZED,16,Secret Soviet UFO Science — Researchers Behind the Iron Curtain,2023-weaponized-episode-16,Historical UFO Cases,Hybrid Discovery,2017 Iraq Jellyfish UAP Incident; Soviet and Russian Military UFO Investigations; Skinwalker Ranch,pass,pass,pass,"Corbell and Knapp revisit covert and semi-covert UFO research conducted by Soviet scientists and academic groups, drawing on interviews George Knapp recorded during reporting trips to Russia in the 1990s.",high,recommend_approval,"This episode is already connected to 2017 Iraq Jellyfish UAP Incident, Soviet and Russian Military UFO Investigations and its substantive discussion would strengthen the Historical UFO Cases topic page for researchers.",pending,
WEAPONIZED,17,"Robbie Williams — Music, Unusual Experiences, and Skinwalker Ranch",2023-weaponized-episode-17,Historical UFO Cases,Hybrid Discovery,2017 Iraq Jellyfish UAP Incident; Skinwalker Ranch,pass,needs_review,pass,"Robbie Williams discusses his career, personal challenges, media scrutiny, unusual experiences, a visit to Skinwalker Ranch, and future creative projects.",medium,human_review_needed,"This episode is already connected to 2017 Iraq Jellyfish UAP Incident, Skinwalker Ranch and its substantive discussion would strengthen the Historical UFO Cases topic page for researchers.",pending,
WEAPONIZED,18,The Mojave Triangle UAP — Marine Witnesses at Twentynine Palms,2023-weaponized-episode-18,Historical UFO Cases,Hybrid Discovery,2017 Iraq Jellyfish UAP Incident; Skinwalker Ranch; Twentynine Palms Triangle Incident,pass,pass,pass,"Corbell and Knapp present videos, photographs, and witness accounts from Marines who reported a large triangular object over the Twentynine Palms training base in April 2021.",high,recommend_approval,"This episode is already connected to 2017 Iraq Jellyfish UAP Incident, Skinwalker Ranch and its substantive discussion would strengthen the Historical UFO Cases topic page for researchers.",pending,
WEAPONIZED,19,The Mojave Triangle Investigation Continues — New Marine Testimony,2023-weaponized-episode-19,Historical UFO Cases,Hybrid Discovery,2017 Iraq Jellyfish UAP Incident; Skinwalker Ranch; Twentynine Palms Triangle Incident,pass,pass,pass,"Following the initial Twentynine Palms release, Corbell and Knapp provide additional Marine interviews, respond to flare explanations, and explain why they consider the Mojave Triangle incident an open investigation.",high,recommend_approval,"This episode is already connected to 2017 Iraq Jellyfish UAP Incident, Skinwalker Ranch and its substantive discussion would strengthen the Historical UFO Cases topic page for researchers.",pending,
WEAPONIZED,2,John “Guts” Gutierrez and the 2019 Navy UAP Swarms,2023-weaponized-episode-2,Historical UFO Cases,Hybrid Discovery,2017 Iraq Jellyfish UAP Incident; Skinwalker Ranch,pass,pass,pass,Navy commander John “Guts” Gutierrez discusses his aviation background and the 2019 West Coast incidents in which multiple Navy warships reported sustained incursions by numerous unidentified objects.,high,recommend_approval,"This episode is already connected to 2017 Iraq Jellyfish UAP Incident, Skinwalker Ranch and its substantive discussion would strengthen the Historical UFO Cases topic page for researchers.",pending,
WEAPONIZED,20,"Ben Schneider and Lord Huron — Music, Myth, Ghosts, and Cosmic Questions",2023-weaponized-episode-20,Historical UFO Cases,Knowledge Graph Discovery,2017 Iraq Jellyfish UAP Incident; Skinwalker Ranch,fail,pass,pass,"Ben Schneider of Lord Huron discusses the band’s exploration of death, time, folklore, ghosts, cosmology, and lost love, along with the musical influences and creative environment behind its work.",low,do_not_recommend,"This episode is already connected to 2017 Iraq Jellyfish UAP Incident, Skinwalker Ranch and its substantive discussion would strengthen the Historical UFO Cases topic page for researchers.",pending,
WEAPONIZED,21,The David Grusch Revelations,2023-weaponized-episode-21,Historical UFO Cases,Knowledge Graph Discovery,2017 Iraq Jellyfish UAP Incident; Skinwalker Ranch,fail,pass,pass,"Jeremy Corbell and George Knapp recount their early contact with David Grusch, his decision to come forward publicly, his whistleblower complaint, and reported retaliation connected to his UAP disclosures.",low,do_not_recommend,"This episode is already connected to 2017 Iraq Jellyfish UAP Incident, Skinwalker Ranch and its substantive discussion would strengthen the Historical UFO Cases topic page for researchers.",pending,
WEAPONIZED,22,Allied UAP Reverse-Engineering Programs and the Larry Maguire Letter,2023-weaponized-episode-22,Historical UFO Cases,Knowledge Graph Discovery,2017 Iraq Jellyfish UAP Incident; Skinwalker Ranch,fail,pass,pass,"Jeremy Corbell and George Knapp examine Canadian MP Larry Maguire’s letter alleging that Five Eyes nations have coordinated programs to analyze and reverse-engineer recovered UAP materials, including material reportedly held by Defence Research and Development Canada.",low,do_not_recommend,"This episode is already connected to 2017 Iraq Jellyfish UAP Incident, Skinwalker Ranch and its substantive discussion would strengthen the Historical UFO Cases topic page for researchers.",pending,
WEAPONIZED,23,"Whitley Strieber — Communion, The Visitors, and Readiness for Disclosure",2023-weaponized-episode-23,Historical UFO Cases,Hybrid Discovery,2017 Iraq Jellyfish UAP Incident; Skinwalker Ranch,pass,pass,pass,"Author Whitley Strieber discusses his decades of reported encounters with non-human intelligences, the cultural impact of Communion, evolving ideas about the Visitors, crash-retrieval allegations, whistleblowers, and whether society is prepared for disclosure.",high,recommend_approval,"This episode is already connected to 2017 Iraq Jellyfish UAP Incident, Skinwalker Ranch and its substantive discussion would strengthen the Historical UFO Cases topic page for researchers.",pending,
WEAPONIZED,24,"Congressional Momentum, Canadian Transparency, and Barriers to UAP Disclosure",2023-weaponized-episode-24,Historical UFO Cases,Knowledge Graph Discovery,2017 Iraq Jellyfish UAP Incident; Skinwalker Ranch,fail,pass,pass,"Jeremy Corbell and George Knapp review expanding U.S. and Canadian legislative efforts to uncover classified UAP records, alleged recovered hardware, special-access programs, and contractor-held materials while assessing institutional barriers to disclosure.",low,do_not_recommend,"This episode is already connected to 2017 Iraq Jellyfish UAP Incident, Skinwalker Ranch and its substantive discussion would strengthen the Historical UFO Cases topic page for researchers.",pending,
WEAPONIZED,25,"Tim Burchett, Congressional UFO Hearings, and the Coming House Testimony",2023-weaponized-episode-25,Historical UFO Cases,Knowledge Graph Discovery,2017 Iraq Jellyfish UAP Incident; Skinwalker Ranch,fail,pass,pass,"Jeremy Corbell and George Knapp review the history of congressional UFO hearings and interview Representative Tim Burchett about the anticipated July 2023 House hearing, prospective witnesses, bipartisan interest, and alleged hidden crash-retrieval materials.",low,do_not_recommend,"This episode is already connected to 2017 Iraq Jellyfish UAP Incident, Skinwalker Ranch and its substantive discussion would strengthen the Historical UFO Cases topic page for researchers.",pending,
WEAPONIZED,26,"The UAP Disclosure Act, Chuck Schumer, and the Upcoming House Hearing",2023-weaponized-episode-26,Historical UFO Cases,Knowledge Graph Discovery,2017 Iraq Jellyfish UAP Incident; Skinwalker Ranch,fail,pass,pass,"British journalist Chris Sharp joins Jeremy Corbell and George Knapp to examine Senator Chuck Schumer’s proposed UAP disclosure legislation, its focus on government and contractor-held records and materials, Harry Reid’s influence, and the approaching House hearing.",low,do_not_recommend,"This episode is already connected to 2017 Iraq Jellyfish UAP Incident, Skinwalker Ranch and its substantive discussion would strengthen the Historical UFO Cases topic page for researchers.",pending,
WEAPONIZED,27,The Historic House UAP Hearing and a Fresh Look at the Nimitz Tic Tac Case,2023-weaponized-episode-27,Historical UFO Cases,Hybrid Discovery,2004 Nimitz Encounter; 2014–2015 East Coast Navy Encounters; 2017 Iraq Jellyfish UAP Incident; Skinwalker Ranch,pass,pass,pass,"Ahead of the July 2023 House hearing, Jeremy Corbell and George Knapp explain why the testimony of David Grusch, David Fravor, and Ryan Graves should be considered historic and revisit the Nimitz Tic Tac encounter through a key eyewitness account.",high,recommend_approval,"This episode is already connected to 2004 Nimitz Encounter, 2014–2015 East Coast Navy Encounters and its substantive discussion would strengthen the Historical UFO Cases topic page for researchers.",pending,
WEAPONIZED,28,Congressional Hearing Roundtable,2023-weaponized-episode-28,Historical UFO Cases,Hybrid Discovery,2004 Nimitz Encounter; 2014–2015 East Coast Navy Encounters; 2017 Iraq Jellyfish UAP Incident; Skinwalker Ranch,pass,pass,pass,"Jeremy Corbell and George Knapp are joined by Ross Coulthart and Bryce Zabel for a roundtable about the July 26, 2023 House UAP hearing, its three witnesses, how the hearing came together, and what might follow.",high,recommend_approval,"This episode is already connected to 2004 Nimitz Encounter, 2014–2015 East Coast Navy Encounters and its substantive discussion would strengthen the Historical UFO Cases topic page for researchers.",pending,
WEAPONIZED,29,David Fravor and the Nimitz Tic Tac Encounter,2023-weaponized-episode-29,Historical UFO Cases,Hybrid Discovery,2004 Nimitz Encounter; 2017 Iraq Jellyfish UAP Incident; Skinwalker Ranch,pass,pass,pass,"WEAPONIZED revisits the 2004 Nimitz Carrier Strike Group encounters, Commander David Fravor’s pursuit of the Tic Tac object, the delayed official investigation, and why his testimony became central to modern demands for UAP transparency.",high,recommend_approval,"This episode is already connected to 2004 Nimitz Encounter, 2017 Iraq Jellyfish UAP Incident and its substantive discussion would strengthen the Historical UFO Cases topic page for researchers.",pending,
WEAPONIZED,3,"Jay Stratton — AAWSAP, AATIP, and the UAP Task Force",2023-weaponized-episode-3,Historical UFO Cases,Knowledge Graph Discovery,2017 Iraq Jellyfish UAP Incident; Skinwalker Ranch,pass,pass,pass,"Former intelligence officer Jay Stratton discusses his roles across AAWSAP, AATIP, and the UAP Task Force, including early work on the Tic Tac case and classified briefings delivered across government.",medium,recommend_approval,"This episode is already connected to 2017 Iraq Jellyfish UAP Incident, Skinwalker Ranch and its substantive discussion would strengthen the Historical UFO Cases topic page for researchers.",pending,
WEAPONIZED,30,"David Grusch, Whistleblower Retaliation, and the Attempt to Discredit His Testimony",2023-weaponized-episode-30,Historical UFO Cases,Knowledge Graph Discovery,2017 Iraq Jellyfish UAP Incident; Skinwalker Ranch,fail,pass,pass,"Jeremy Corbell and George Knapp examine efforts to discredit David Grusch after his public testimony, including reporting about his prior PTSD treatment, and discuss retaliation, whistleblower protections, and the potential chilling effect on other witnesses.",low,do_not_recommend,"This episode is already connected to 2017 Iraq Jellyfish UAP Incident, Skinwalker Ranch and its substantive discussion would strengthen the Historical UFO Cases topic page for researchers.",pending,
WEAPONIZED,31,"Wayne Pacelle — Factory Farming, Animal Welfare, and Corporate Power",2023-weaponized-episode-31,Historical UFO Cases,Knowledge Graph Discovery,2017 Iraq Jellyfish UAP Incident; Skinwalker Ranch,fail,pass,pass,"Animal-welfare advocate Wayne Pacelle discusses suffering in industrial agriculture, the effects of factory-farming business models on animals and people, state-level reforms, and efforts by large agricultural interests to override those protections.",low,do_not_recommend,"This episode is already connected to 2017 Iraq Jellyfish UAP Incident, Skinwalker Ranch and its substantive discussion would strengthen the Historical UFO Cases topic page for researchers.",pending,
WEAPONIZED,32,"John Lear — Aviation, Secrecy, and a Controversial UFO Legacy",2023-weaponized-episode-32,Historical UFO Cases,Knowledge Graph Discovery,2017 Iraq Jellyfish UAP Incident; Skinwalker Ranch,fail,needs_review,pass,"A retrospective on aviator John Lear examines his aviation career, intelligence-world connections, UFO claims, and influence on George Knapp and Jeremy Corbell.",low,do_not_recommend,"This episode is already connected to 2017 Iraq Jellyfish UAP Incident, Skinwalker Ranch and its substantive discussion would strengthen the Historical UFO Cases topic page for researchers.",pending,
WEAPONIZED,33,"AARO, Crash Retrievals, and the Dark Side of the UFO Mystery",2023-weaponized-episode-33,Historical UFO Cases,Knowledge Graph Discovery,2017 Iraq Jellyfish UAP Incident; Skinwalker Ranch,fail,pass,pass,"Corbell and Knapp revisit topics raised on The Joe Rogan Experience, including crash-retrieval evidence, changes in AARO leadership, and whether the office is fulfilling its congressional mandate.",low,do_not_recommend,"This episode is already connected to 2017 Iraq Jellyfish UAP Incident, Skinwalker Ranch and its substantive discussion would strengthen the Historical UFO Cases topic page for researchers.",pending,
WEAPONIZED,34,The Pushback Against UFO Transparency,2023-weaponized-episode-34,Historical UFO Cases,Knowledge Graph Discovery,2017 Iraq Jellyfish UAP Incident; Skinwalker Ranch,fail,pass,pass,"The hosts examine institutional resistance to congressional scrutiny, scientific study, and media coverage of UAP, while urging public advocacy before the current transparency window closes.",low,do_not_recommend,"This episode is already connected to 2017 Iraq Jellyfish UAP Incident, Skinwalker Ranch and its substantive discussion would strengthen the Historical UFO Cases topic page for researchers.",pending,
WEAPONIZED,35,"UFO History, Gulf of Mexico Objects, and Congressional Stakes",2023-weaponized-episode-35,Historical UFO Cases,Hybrid Discovery,2017 Iraq Jellyfish UAP Incident; Skinwalker Ranch,pass,pass,pass,The episode reviews historical milestones in public understanding of UFOs and features Christopher Sharp on a reported Gulf of Mexico encounter and the status of UAP legislation.,high,recommend_approval,"This episode is already connected to 2017 Iraq Jellyfish UAP Incident, Skinwalker Ranch and its substantive discussion would strengthen the Historical UFO Cases topic page for researchers.",pending,
WEAPONIZED,36,"Jules Urbach — Virtual Reality, AI, and Post-Biological Intelligence",2023-weaponized-episode-36,Historical UFO Cases,Knowledge Graph Discovery,2017 Iraq Jellyfish UAP Incident; Skinwalker Ranch,fail,pass,pass,"Technology entrepreneur Jules Urbach discusses virtual reality, artificial intelligence, human-machine integration, and whether advanced civilizations might evolve into non-physical forms.",low,do_not_recommend,"This episode is already connected to 2017 Iraq Jellyfish UAP Incident, Skinwalker Ranch and its substantive discussion would strengthen the Historical UFO Cases topic page for researchers.",pending,
WEAPONIZED,37,Chris Ramsay — Remote Viewing and Psychic Espionage,2023-weaponized-episode-37,Historical UFO Cases,Knowledge Graph Discovery,2017 Iraq Jellyfish UAP Incident; Skinwalker Ranch,pass,needs_review,pass,"Chris Ramsay discusses Project Stargate, Grill Flame, government remote-viewing programs, key participants, and reported cases involving UFOs and ancient Mars.",medium,human_review_needed,"This episode is already connected to 2017 Iraq Jellyfish UAP Incident, Skinwalker Ranch and its substantive discussion would strengthen the Historical UFO Cases topic page for researchers.",pending,
WEAPONIZED,38,James Lacatski and Colm Kelleher — Inside AAWSAP,2023-weaponized-episode-38,Historical UFO Cases,Knowledge Graph Discovery,2017 Iraq Jellyfish UAP Incident; Skinwalker Ranch,fail,needs_review,pass,"James Lacatski and Colm Kelleher discuss AAWSAP, its large UFO database, reported advanced performance characteristics, and a major claim concerning a craft of unknown origin.",low,do_not_recommend,"This episode is already connected to 2017 Iraq Jellyfish UAP Incident, Skinwalker Ranch and its substantive discussion would strengthen the Historical UFO Cases topic page for researchers.",pending,
WEAPONIZED,39,AARO’s Report and the Lacatski Revelations,2023-weaponized-episode-39,Historical UFO Cases,Knowledge Graph Discovery,2017 Iraq Jellyfish UAP Incident; Skinwalker Ranch,fail,pass,pass,"The hosts assess public reaction to James Lacatski and Colm Kelleher’s statements, critique a new AARO report, and revisit an older intelligence interview about crash retrievals and reverse engineering.",low,do_not_recommend,"This episode is already connected to 2017 Iraq Jellyfish UAP Incident, Skinwalker Ranch and its substantive discussion would strengthen the Historical UFO Cases topic page for researchers.",pending,
WEAPONIZED,4,"Spy Balloons, Unknown Objects, and UAP Transparency",2023-weaponized-episode-4,Historical UFO Cases,Knowledge Graph Discovery,2017 Iraq Jellyfish UAP Incident; Skinwalker Ranch,fail,pass,pass,"Corbell and Knapp examine the Chinese surveillance balloon and three additional objects shot down over North America, with Dave Foley joining a discussion about transparency, confusion, and links to the 2019 UAP swarms.",low,do_not_recommend,"This episode is already connected to 2017 Iraq Jellyfish UAP Incident, Skinwalker Ranch and its substantive discussion would strengthen the Historical UFO Cases topic page for researchers.",pending,
WEAPONIZED,40,Tim Burchett — The SCIF Briefing and Congressional UFO Oversight,2023-weaponized-episode-40,Historical UFO Cases,Knowledge Graph Discovery,2017 Iraq Jellyfish UAP Incident; Skinwalker Ranch,fail,pass,pass,"Representative Tim Burchett discusses a limited classified briefing with the Defense Department inspector general, congressional frustration, and prospects for further UFO transparency.",low,do_not_recommend,"This episode is already connected to 2017 Iraq Jellyfish UAP Incident, Skinwalker Ranch and its substantive discussion would strengthen the Historical UFO Cases topic page for researchers.",pending,
WEAPONIZED,41,Military Engagements with Unidentified Aerial Intruders,2023-weaponized-episode-41,Historical UFO Cases,Hybrid Discovery,2017 Iraq Jellyfish UAP Incident; Skinwalker Ranch,pass,pass,pass,The episode examines military policy toward unidentified aerial intrusions and reports two incidents involving weapons fired at unknown objects near a U.S. warship in the Pacific and in the Middle East.,high,recommend_approval,"This episode is already connected to 2017 Iraq Jellyfish UAP Incident, Skinwalker Ranch and its substantive discussion would strengthen the Historical UFO Cases topic page for researchers.",pending,
WEAPONIZED,42,The Sol Foundation Conference and Grusch Revelations,2023-weaponized-episode-42,Historical UFO Cases,Hybrid Discovery,2017 Iraq Jellyfish UAP Incident; Skinwalker Ranch,pass,pass,pass,"Jeremy Corbell and George Knapp are joined by citizen journalist Joe Murgia to discuss the inaugural Sol Foundation symposium, David Grusch’s recent public comments, congressional pressure surrounding the UAP Disclosure Act, and the Syria “Dome” UAP photograph.",high,recommend_approval,"This episode is already connected to 2017 Iraq Jellyfish UAP Incident, Skinwalker Ranch and its substantive discussion would strengthen the Historical UFO Cases topic page for researchers.",pending,
WEAPONIZED,43,The Unreleased Philip Corso Tapes,2023-weaponized-episode-43,Historical UFO Cases,Hybrid Discovery,2017 Iraq Jellyfish UAP Incident; Roswell Incident; Skinwalker Ranch,pass,pass,pass,Jeremy Corbell and George Knapp revisit Philip J. Corso’s Roswell technology-transfer claims and examine previously unreleased interviews recorded by personnel associated with the National Institute for Discovery Science.,high,recommend_approval,"This episode is already connected to 2017 Iraq Jellyfish UAP Incident, Roswell Incident and its substantive discussion would strengthen the Historical UFO Cases topic page for researchers.",pending,
WEAPONIZED,44,The Fight Over the UAP Disclosure Act,2023-weaponized-episode-44,Historical UFO Cases,Knowledge Graph Discovery,2017 Iraq Jellyfish UAP Incident; Skinwalker Ranch,fail,pass,pass,Jeremy Corbell and George Knapp examine the weakening of proposed UAP disclosure legislation and speak with Liberation Times editor and publisher Chris Sharp about congressional opposition and defense-contractor influence.,low,do_not_recommend,"This episode is already connected to 2017 Iraq Jellyfish UAP Incident, Skinwalker Ranch and its substantive discussion would strengthen the Historical UFO Cases topic page for researchers.",pending,
WEAPONIZED,45,"John Alexander on Crash Retrievals, NIDS, and the Sol Conference",2023-weaponized-episode-45,Historical UFO Cases,Hybrid Discovery,2017 Iraq Jellyfish UAP Incident; Roswell Incident; Skinwalker Ranch,pass,pass,pass,"John B. Alexander joins Jeremy Corbell and George Knapp to discuss the Advanced Theoretical Physics program, alleged crash-retrieval programs, NIDS, Skinwalker Ranch, the Sol Foundation conference, and Philip J. Corso.",high,recommend_approval,"This episode is already connected to 2017 Iraq Jellyfish UAP Incident, Roswell Incident and its substantive discussion would strengthen the Historical UFO Cases topic page for researchers.",pending,
WEAPONIZED,5,Colm Kelleher — AAWSAP and Scientific Anomaly Research,2023-weaponized-episode-5,Historical UFO Cases,Hybrid Discovery,2017 Iraq Jellyfish UAP Incident; Skinwalker Ranch,pass,pass,pass,"Biochemist and AAWSAP program manager Colm Kelleher discusses his scientific background, NIDS anomaly investigations, government-funded UAP research, and the study of unusual physical and biological effects.",high,recommend_approval,"This episode is already connected to 2017 Iraq Jellyfish UAP Incident, Skinwalker Ranch and its substantive discussion would strengthen the Historical UFO Cases topic page for researchers.",pending,
WEAPONIZED,6,"The Defense Executive, a Recovered Craft, and a Living Occupant",2023-weaponized-episode-6,Historical UFO Cases,Knowledge Graph Discovery,2017 Iraq Jellyfish UAP Incident; Area 51; Skinwalker Ranch,fail,pass,pass,"George Knapp and Jeremy Corbell revisit a former defense-industry executive’s account involving a recovered craft from New Mexico and an allegedly living occupant, including a promised recorded deposition.",low,do_not_recommend,"This episode is already connected to 2017 Iraq Jellyfish UAP Incident, Area 51 and its substantive discussion would strengthen the Historical UFO Cases topic page for researchers.",pending,
WEAPONIZED,7,Storm Area 51 and the Baghdad Phantom,2023-weaponized-episode-7,Historical UFO Cases,Knowledge Graph Discovery,2017 Iraq Jellyfish UAP Incident; Area 51; Skinwalker Ranch,fail,pass,pass,The hosts examine the cultural impact and legal aftermath of the Storm Area 51 phenomenon and release multiple images of an object recorded by a U.S. Air Force Reaper drone and described as a phantom.,low,do_not_recommend,"This episode is already connected to 2017 Iraq Jellyfish UAP Incident, Area 51 and its substantive discussion would strengthen the Historical UFO Cases topic page for researchers.",pending,
WEAPONIZED,8,Baghdad Phantom Analysis and the UFO “Silver Bullet”,2023-weaponized-episode-8,Historical UFO Cases,Knowledge Graph Discovery,2017 Iraq Jellyfish UAP Incident; Skinwalker Ranch,fail,pass,pass,"Corbell and Knapp respond to analyses of the Baghdad Phantom, discuss new comments from Jay Stratton and Travis Taylor about the 2019 Navy swarms, and renew questions about alleged reverse-engineering programs.",low,do_not_recommend,"This episode is already connected to 2017 Iraq Jellyfish UAP Incident, Skinwalker Ranch and its substantive discussion would strengthen the Historical UFO Cases topic page for researchers.",pending,
WEAPONIZED,9,Harry Reid’s AAWSAP Briefing and the Hidden History of AATIP,2023-weaponized-episode-9,Historical UFO Cases,Knowledge Graph Discovery,2017 Iraq Jellyfish UAP Incident; Skinwalker Ranch,fail,pass,pass,The hosts recount Harry Reid’s March 2018 closed-door meeting connecting George Knapp with AAWSAP manager James Lacatski and explain distinctions between AAWSAP and the publicly reported AATIP effort.,low,do_not_recommend,"This episode is already connected to 2017 Iraq Jellyfish UAP Incident, Skinwalker Ranch and its substantive discussion would strengthen the Historical UFO Cases topic page for researchers.",pending,
Need to Know,49,"Adios, Voldemort",2024-need-to-know-episode-49,Historical UFO Cases,Knowledge Graph Discovery,Kona Blue Proposed UAP Program,fail,pass,pass,"Ross Coulthart and Bryce Zabel examine Adios, Voldemort, connecting the episode’s central subject to current UAP reporting, institutional transparency, and the longer history of the phenomenon while distinguishing established information from unresolved claims.",low,do_not_recommend,This episode is already connected to Kona Blue Proposed UAP Program and its substantive discussion would strengthen the Historical UFO Cases topic page for researchers.,pending,
Need to Know,50,More UFO Lies & Coverup,2024-need-to-know-episode-50,Historical UFO Cases,Knowledge Graph Discovery,Kona Blue Proposed UAP Program,fail,pass,pass,"Ross Coulthart and Bryce Zabel examine More UFO Lies & Coverup, connecting the episode’s central subject to current UAP reporting, institutional transparency, and the longer history of the phenomenon while distinguishing established information from unresolved claims.",low,do_not_recommend,This episode is already connected to Kona Blue Proposed UAP Program and its substantive discussion would strengthen the Historical UFO Cases topic page for researchers.,pending,
Need to Know,52,Swagger and Secrets,2024-need-to-know-episode-52,Historical UFO Cases,Knowledge Graph Discovery,Kona Blue Proposed UAP Program,fail,pass,pass,"Ross Coulthart and Bryce Zabel examine Swagger and Secrets, connecting the episode’s central subject to current UAP reporting, institutional transparency, and the longer history of the phenomenon while distinguishing established information from unresolved claims.",low,do_not_recommend,This episode is already connected to Kona Blue Proposed UAP Program and its substantive discussion would strengthen the Historical UFO Cases topic page for researchers.,pending,
WEAPONIZED,46,"Richard Dolan on Disclosure, History, and USO Cases",2024-weaponized-episode-46,Historical UFO Cases,Hybrid Discovery,2017 Iraq Jellyfish UAP Incident; Skinwalker Ranch,pass,pass,pass,"Historian Richard Dolan joins Jeremy Corbell and George Knapp for a wide-ranging discussion of disclosure, intelligence and defense institutions, whistleblower revelations, congressional statements, academic interest, global UFO history, and unidentified submerged object cases.",high,recommend_approval,"This episode is already connected to 2017 Iraq Jellyfish UAP Incident, Skinwalker Ranch and its substantive discussion would strengthen the Historical UFO Cases topic page for researchers.",pending,
WEAPONIZED,47,The Jellyfish UAP Investigation,2024-weaponized-episode-47,Historical UFO Cases,Hybrid Discovery,2017 Iraq Jellyfish UAP Incident; Skinwalker Ranch,pass,pass,pass,"Jeremy Corbell and George Knapp explain how they obtained and evaluated thermal video of the alleged Jellyfish UAP recorded at a U.S. military base in Iraq, discuss reported transmedium behavior, and respond to proposed conventional explanations.",high,recommend_approval,"This episode is already connected to 2017 Iraq Jellyfish UAP Incident, Skinwalker Ranch and its substantive discussion would strengthen the Historical UFO Cases topic page for researchers.",pending,
WEAPONIZED,48,"Ernest Cline, UFO History, and Science-Fiction Culture",2024-weaponized-episode-48,Historical UFO Cases,Hybrid Discovery,2017 Iraq Jellyfish UAP Incident; Skinwalker Ranch,pass,pass,pass,"Jeremy Corbell and George Knapp visit author and screenwriter Ernest Cline to discuss his career, UFO research interests, science-fiction influences, and extensive collection of pop-culture and UFO materials.",high,recommend_approval,"This episode is already connected to 2017 Iraq Jellyfish UAP Incident, Skinwalker Ranch and its substantive discussion would strengthen the Historical UFO Cases topic page for researchers.",pending,
WEAPONIZED,49,"Pushback, AARO, and the UFO Information War",2024-weaponized-episode-49,Historical UFO Cases,Knowledge Graph Discovery,2017 Iraq Jellyfish UAP Incident; Area 51; Kona Blue Proposed UAP Program; Alleged S-4 Facility; Skinwalker Ranch,fail,pass,pass,"Jeremy Corbell and George Knapp examine institutional and media pushback against UAP disclosure efforts, discuss former AARO director Sean Kirkpatrick, and include a segment featuring Bob Lazar.",low,do_not_recommend,"This episode is already connected to 2017 Iraq Jellyfish UAP Incident, Area 51 and its substantive discussion would strengthen the Historical UFO Cases topic page for researchers.",pending,
WEAPONIZED,50,Washington Update on UAP Transparency and Congressional Oversight,2024-weaponized-episode-50,Historical UFO Cases,Knowledge Graph Discovery,2017 Iraq Jellyfish UAP Incident; Skinwalker Ranch,fail,pass,pass,"Jeremy Corbell and George Knapp report from Washington, D.C. on the status of congressional UAP oversight, possible future hearings, and concerns shared in meetings with lawmakers, staff, and firsthand witnesses.",low,do_not_recommend,"This episode is already connected to 2017 Iraq Jellyfish UAP Incident, Skinwalker Ranch and its substantive discussion would strengthen the Historical UFO Cases topic page for researchers.",pending,
WEAPONIZED,51,Unreleased Episode Placeholder,2024-weaponized-episode-51,Historical UFO Cases,Knowledge Graph Discovery,2017 Iraq Jellyfish UAP Incident; Skinwalker Ranch,fail,needs_review,pass,"The official WEAPONIZED catalog reserves Episode #51 but does not publish episode content, stating only that some episodes are worth the wait.",low,do_not_recommend,"This episode is already connected to 2017 Iraq Jellyfish UAP Incident, Skinwalker Ranch and its substantive discussion would strengthen the Historical UFO Cases topic page for researchers.",pending,
WEAPONIZED,52,Season Finale and AARO Historical Report Review,2024-weaponized-episode-52,Historical UFO Cases,Hybrid Discovery,2017 Iraq Jellyfish UAP Incident; Kona Blue Proposed UAP Program; Skinwalker Ranch,pass,pass,pass,"Jeremy Corbell and George Knapp review major moments from the first season, revisit interviews with government investigators, journalists, and disclosure advocates, and criticize AARO’s newly released historical report on U.S. government UFO investigations.",high,recommend_approval,"This episode is already connected to 2017 Iraq Jellyfish UAP Incident, Kona Blue Proposed UAP Program and its substantive discussion would strengthen the Historical UFO Cases topic page for researchers.",pending,
WEAPONIZED,53,"Kona Blue, AARO, and Continuing UAP Incursions",2024-weaponized-episode-53,Historical UFO Cases,Knowledge Graph Discovery,2017 Iraq Jellyfish UAP Incident; Kona Blue Proposed UAP Program; Skinwalker Ranch,fail,pass,pass,"Jeremy Corbell and George Knapp review the proposed Kona Blue program, dispute public characterizations of whistleblower testimony, and discuss continuing drone and UAP incursions over sensitive U.S. military airspace.",low,do_not_recommend,"This episode is already connected to 2017 Iraq Jellyfish UAP Incident, Kona Blue Proposed UAP Program and its substantive discussion would strengthen the Historical UFO Cases topic page for researchers.",pending,
WEAPONIZED,54,"Pantex, Nuclear-Site UAP Incursions, and FOIA Records",2024-weaponized-episode-54,Historical UFO Cases,Hybrid Discovery,2015 Pantex Diamond-Shaped UAP Incident; 2017 Iraq Jellyfish UAP Incident; Skinwalker Ranch,pass,pass,pass,Jeremy Corbell and George Knapp examine reported UAP incursions around nuclear facilities and are joined by Dustin Slaughter to discuss redacted records concerning a 2015 diamond-shaped craft near the Pantex plant.,high,recommend_approval,"This episode is already connected to 2015 Pantex Diamond-Shaped UAP Incident, 2017 Iraq Jellyfish UAP Incident and its substantive discussion would strengthen the Historical UFO Cases topic page for researchers.",pending,
WEAPONIZED,55,"AARO, Congressional Oversight, and the Kirkpatrick Interview",2024-weaponized-episode-55,Historical UFO Cases,Knowledge Graph Discovery,2004 Nimitz Encounter; 2014–2015 East Coast Navy Encounters; 2017 Iraq Jellyfish UAP Incident; Kona Blue Proposed UAP Program; Skinwalker Ranch,pass,pass,pass,"Jeremy Corbell and George Knapp mark the first anniversary of the July 2023 House UAP hearing and speak with Marik von Rennenkampff about his interview with former AARO director Sean Kirkpatrick, congressional disclosure efforts, and disputed assessments of major UAP cases.",medium,recommend_approval,"This episode is already connected to 2004 Nimitz Encounter, 2014–2015 East Coast Navy Encounters and its substantive discussion would strengthen the Historical UFO Cases topic page for researchers.",pending,
WEAPONIZED,56,"Las Vegas Update, Dave Navarro, and Crop Circle History",2024-weaponized-episode-56,Historical UFO Cases,Hybrid Discovery,2017 Iraq Jellyfish UAP Incident; Skinwalker Ranch,pass,pass,pass,"Jeremy Corbell reconnects with George Knapp in Las Vegas, discusses projects underway behind the scenes, notes musician Dave Navarro’s return to the stage and UFO interest, and revisits a 1994 UK crop-circle investigation.",high,recommend_approval,"This episode is already connected to 2017 Iraq Jellyfish UAP Incident, Skinwalker Ranch and its substantive discussion would strengthen the Historical UFO Cases topic page for researchers.",pending,
WEAPONIZED,57,The Colares UFO Attacks and Brazilian Military Files,2024-weaponized-episode-57,Historical UFO Cases,Hybrid Discovery,2017 Iraq Jellyfish UAP Incident; Colares UFO Incidents; Skinwalker Ranch,pass,pass,pass,"Jeremy Corbell and George Knapp speak with Brazilian investigator Thiago Ticchetti about the Colares UFO incidents, the Brazilian Air Force investigation, alleged injuries, and claims that high-quality military imagery was transferred to the United States.",high,recommend_approval,"This episode is already connected to 2017 Iraq Jellyfish UAP Incident, Colares UFO Incidents and its substantive discussion would strengthen the Historical UFO Cases topic page for researchers.",pending,
WEAPONIZED,58,UFO Transparency in the Corridors of Power,2024-weaponized-episode-58,Historical UFO Cases,Knowledge Graph Discovery,2017 Iraq Jellyfish UAP Incident; Skinwalker Ranch,fail,pass,pass,"Jeremy Corbell and George Knapp discuss the collapse of proposed 2024 UAP disclosure amendments, plans for additional congressional hearings, and Lester Nare’s Capitol Hill advocacy for continued UAP transparency.",low,do_not_recommend,"This episode is already connected to 2017 Iraq Jellyfish UAP Incident, Skinwalker Ranch and its substantive discussion would strengthen the Historical UFO Cases topic page for researchers.",pending,
WEAPONIZED,59,Journalists vs. Secrecy,2024-weaponized-episode-59,Historical UFO Cases,Knowledge Graph Discovery,2017 Iraq Jellyfish UAP Incident; Skinwalker Ranch,fail,pass,pass,"Jeremy Corbell and George Knapp speak with journalists Chris Sharp and Matt Laslo about professional attacks on UAP reporters, Sharp’s reporting on an alleged multi-agency ocean operation, and the status of disclosure legislation and future hearings.",low,do_not_recommend,"This episode is already connected to 2017 Iraq Jellyfish UAP Incident, Skinwalker Ranch and its substantive discussion would strengthen the Historical UFO Cases topic page for researchers.",pending,
WEAPONIZED,60,WEAPONIZED Series Overview,2024-weaponized-episode-60,Historical UFO Cases,Knowledge Graph Discovery,2017 Iraq Jellyfish UAP Incident; Skinwalker Ranch,pass,pass,pass,"The official Episode #60 page contains a general description of the WEAPONIZED investigative series rather than a topic-specific episode synopsis. This record preserves the publication date and official source without inventing guests, cases, or claims.",medium,recommend_approval,"This episode is already connected to 2017 Iraq Jellyfish UAP Incident, Skinwalker Ranch and its substantive discussion would strengthen the Historical UFO Cases topic page for researchers.",pending,
WEAPONIZED,61,The Tic Tac at Twenty,2024-weaponized-episode-61,Historical UFO Cases,Hybrid Discovery,2004 Nimitz Encounter; 2017 Iraq Jellyfish UAP Incident; Skinwalker Ranch,pass,pass,pass,"Jeremy Corbell and George Knapp mark the twentieth anniversary of the 2004 Nimitz Tic Tac encounter with David Fravor, reviewing the carrier group’s sensor detections, Fravor’s visual encounter, and the case’s role in renewed government and public attention to UAP.",high,recommend_approval,"This episode is already connected to 2004 Nimitz Encounter, 2017 Iraq Jellyfish UAP Incident and its substantive discussion would strengthen the Historical UFO Cases topic page for researchers.",pending,
WEAPONIZED,62,"Sky Intruders, Drones, and a Transmedium UFO Video",2024-weaponized-episode-62,Historical UFO Cases,Hybrid Discovery,2004 Nimitz Encounter; 2017 Iraq Jellyfish UAP Incident; Skinwalker Ranch; 2024 UK Military Airspace Incursions,pass,pass,pass,"Jeremy Corbell and George Knapp speak with Chris Sharp about recurring incursions near UK military facilities and with underwater archaeologist Rory Kremer about video of an object appearing to descend into the Pacific Ocean, while also reviewing the November 2024 congressional UAP hearing.",high,recommend_approval,"This episode is already connected to 2004 Nimitz Encounter, 2017 Iraq Jellyfish UAP Incident and its substantive discussion would strengthen the Historical UFO Cases topic page for researchers.",pending,
WEAPONIZED,63,Mystery Drones and Australia’s Saucer Nests,2024-weaponized-episode-63,Historical UFO Cases,Hybrid Discovery,2017 Iraq Jellyfish UAP Incident; Queensland Saucer Nests; Skinwalker Ranch,pass,pass,pass,"Jeremy Corbell and George Knapp examine unresolved mystery-drone incursions in New Jersey and near UK military bases, then speak with Australian journalists Danielle O’Neal and Piia Wirsu about their investigation of Queensland “saucer nests” and UFO history.",high,recommend_approval,"This episode is already connected to 2017 Iraq Jellyfish UAP Incident, Queensland Saucer Nests and its substantive discussion would strengthen the Historical UFO Cases topic page for researchers.",pending,
WEAPONIZED,64,The 2024 UAP Year in Review,2024-weaponized-episode-64,Historical UFO Cases,Knowledge Graph Discovery,2017 Iraq Jellyfish UAP Incident; Kona Blue Proposed UAP Program; Skinwalker Ranch,fail,pass,pass,"Jeremy Corbell and George Knapp join citizen journalists Joe Murgia, Ryan Robbins, and Danny Silva to review major UAP developments, controversies, disappointments, and expectations for 2025.",low,do_not_recommend,"This episode is already connected to 2017 Iraq Jellyfish UAP Incident, Kona Blue Proposed UAP Program and its substantive discussion would strengthen the Historical UFO Cases topic page for researchers.",pending,
WEAPONIZED,100,Creatures From Another World? The UFO–Cryptid Connection,2025-weaponized-episode-100,Historical UFO Cases,Hybrid Discovery,2017 Iraq Jellyfish UAP Incident; Skinwalker Ranch,pass,pass,pass,"Author and filmmaker David Paulides discusses reported links among UFOs, Sasquatch, disappearances, portals, Skinwalker Ranch, and evidence presented in American Sasquatch: Man, Myth, or Monster.",high,recommend_approval,"This episode is already connected to 2017 Iraq Jellyfish UAP Incident, Skinwalker Ranch and its substantive discussion would strengthen the Historical UFO Cases topic page for researchers.",pending,
WEAPONIZED,101,Congressional UAP Champions on What Comes Next,2025-weaponized-episode-101,Historical UFO Cases,Knowledge Graph Discovery,2017 Iraq Jellyfish UAP Incident; Skinwalker Ranch,fail,pass,pass,"Representatives Anna Paulina Luna, Tim Burchett, and Eric Burlison discuss resistance to congressional oversight, blocked witness access, intimidation, the limits of public hearings, possible presidential action, and alternative strategies.",low,do_not_recommend,"This episode is already connected to 2017 Iraq Jellyfish UAP Incident, Skinwalker Ranch and its substantive discussion would strengthen the Historical UFO Cases topic page for researchers.",pending,
WEAPONIZED,102,Jacques Vallée — The Bizarre Nature of UFOs,2025-weaponized-episode-102,Historical UFO Cases,Hybrid Discovery,2017 Iraq Jellyfish UAP Incident; Skinwalker Ranch,pass,pass,pass,"Jacques Vallée joins Jeremy Corbell and George Knapp for a wide-ranging discussion of UFO history, Project Blue Book, remote viewing, NIDS, AAWSAP, crash retrievals, the Trinity case, congressional secrecy, science, and paths forward.",high,recommend_approval,"This episode is already connected to 2017 Iraq Jellyfish UAP Incident, Skinwalker Ranch and its substantive discussion would strengthen the Historical UFO Cases topic page for researchers.",pending,
WEAPONIZED,65,UFO Revolution Premiere Q&A,2025-weaponized-episode-65,Historical UFO Cases,Knowledge Graph Discovery,2017 Iraq Jellyfish UAP Incident; Skinwalker Ranch,fail,pass,pass,"At the Ojai Playhouse premiere of UFO Revolution, Jeremy Corbell and George Knapp discuss the documentary’s account of UAP transparency efforts, whistleblowers, Congress, and disputed handling of the Immaculate Constellation report.",low,do_not_recommend,"This episode is already connected to 2017 Iraq Jellyfish UAP Incident, Skinwalker Ranch and its substantive discussion would strengthen the Historical UFO Cases topic page for researchers.",pending,
WEAPONIZED,66,"Mike Gold on NASA, UAP, and Space Research",2025-weaponized-episode-66,Historical UFO Cases,Hybrid Discovery,2017 Iraq Jellyfish UAP Incident; Skinwalker Ranch,pass,pass,pass,"Jeremy Corbell and George Knapp speak with space executive and NASA adviser Mike Gold about NASA archives, advanced-material research in zero gravity, historical UAP data, and public-private cooperation.",high,recommend_approval,"This episode is already connected to 2017 Iraq Jellyfish UAP Incident, Skinwalker Ranch and its substantive discussion would strengthen the Historical UFO Cases topic page for researchers.",pending,
WEAPONIZED,67,Richard Dolan’s History of USOs,2025-weaponized-episode-67,Historical UFO Cases,Knowledge Graph Discovery,2017 Iraq Jellyfish UAP Incident; Skinwalker Ranch,pass,pass,pass,"Historian Richard Dolan discusses documented reports of unidentified submerged objects, alleged transmedium craft, maritime witnesses, and cases presented in A History of USOs, Volume 1.",medium,recommend_approval,"This episode is already connected to 2017 Iraq Jellyfish UAP Incident, Skinwalker Ranch and its substantive discussion would strengthen the Historical UFO Cases topic page for researchers.",pending,
WEAPONIZED,68,Ralph Blumenthal and the 2017 New York Times UFO Story,2025-weaponized-episode-68,Historical UFO Cases,Hybrid Discovery,2017 Iraq Jellyfish UAP Incident; Skinwalker Ranch,pass,pass,pass,"Ralph Blumenthal describes how he, Helene Cooper, and Leslie Kean reported the landmark 2017 New York Times UFO story, the editorial resistance they encountered, and his research into psychiatrist John Mack.",high,recommend_approval,"This episode is already connected to 2017 Iraq Jellyfish UAP Incident, Skinwalker Ranch and its substantive discussion would strengthen the Historical UFO Cases topic page for researchers.",pending,
WEAPONIZED,69,"John Mack, Ariel School, and Reporting the Unreportable",2025-weaponized-episode-69,Historical UFO Cases,Hybrid Discovery,1994 Ariel School Encounter; 2017 Iraq Jellyfish UAP Incident; Skinwalker Ranch,pass,pass,pass,"In the second part of the Ralph Blumenthal interview, the discussion focuses on John Mack’s abduction research, Harvard’s review of his work, the Ariel School encounter, and barriers facing modern UAP whistleblowers.",high,recommend_approval,"This episode is already connected to 1994 Ariel School Encounter, 2017 Iraq Jellyfish UAP Incident and its substantive discussion would strengthen the Historical UFO Cases topic page for researchers.",pending,
WEAPONIZED,70,The Age of Disclosure and Media Coverage of UAP,2025-weaponized-episode-70,Historical UFO Cases,Hybrid Discovery,2004 Nimitz Encounter; 2014–2015 East Coast Navy Encounters; 2017 Iraq Jellyfish UAP Incident; 2019 U.S. Navy Ship Swarm Incidents; Skinwalker Ranch,pass,pass,pass,"Jeremy Corbell and George Knapp discuss The Age of Disclosure, media treatment of UAP witnesses, and omissions they identify in coverage of mystery-drone and 2019 Navy ship incidents.",high,recommend_approval,"This episode is already connected to 2004 Nimitz Encounter, 2014–2015 East Coast Navy Encounters and its substantive discussion would strengthen the Historical UFO Cases topic page for researchers.",pending,
WEAPONIZED,71,The Vandenberg Red Square UAP,2025-weaponized-episode-71,Historical UFO Cases,Hybrid Discovery,2017 Iraq Jellyfish UAP Incident; Skinwalker Ranch; Vandenberg Red Square UAP Incident,pass,pass,pass,"Air Force veteran Jeff Nuccetelli describes reported UAP incursions at Vandenberg, including a large glowing red square or rectangular object, and discusses a released military police blotter tied to the event.",high,recommend_approval,"This episode is already connected to 2017 Iraq Jellyfish UAP Incident, Skinwalker Ranch and its substantive discussion would strengthen the Historical UFO Cases topic page for researchers.",pending,
WEAPONIZED,72,The USS Jackson Tic Tac Video,2025-weaponized-episode-72,Historical UFO Cases,Hybrid Discovery,2004 Nimitz Encounter; 2014–2015 East Coast Navy Encounters; 2017 Iraq Jellyfish UAP Incident; 2023 USS Jackson Tic Tac Incident; Kona Blue Proposed UAP Program; Skinwalker Ranch,pass,pass,pass,"Jeremy Corbell and George Knapp unveil video reportedly recorded aboard USS Jackson in February 2023 after crew members observed multiple Tic Tac-shaped objects, including one said to emerge from the ocean.",high,recommend_approval,"This episode is already connected to 2004 Nimitz Encounter, 2014–2015 East Coast Navy Encounters and its substantive discussion would strengthen the Historical UFO Cases topic page for researchers.",pending,
WEAPONIZED,73,USS Jackson Eyewitness Alex Wiggins,2025-weaponized-episode-73,Historical UFO Cases,Hybrid Discovery,2004 Nimitz Encounter; 2014–2015 East Coast Navy Encounters; 2017 Iraq Jellyfish UAP Incident; 2023 USS Jackson Tic Tac Incident; Skinwalker Ranch,pass,pass,pass,Active-duty Navy service member Alex Wiggins describes witnessing a glowing Tic Tac-shaped object emerge from the ocean near USS Jackson and join three similar objects before departing in formation.,high,recommend_approval,"This episode is already connected to 2004 Nimitz Encounter, 2014–2015 East Coast Navy Encounters and its substantive discussion would strengthen the Historical UFO Cases topic page for researchers.",pending,
WEAPONIZED,74,Matthew Brown and Immaculate Constellation — Part 1,2025-weaponized-episode-74,Historical UFO Cases,Hybrid Discovery,2017 Iraq Jellyfish UAP Incident; Skinwalker Ranch,pass,pass,pass,"Matthew Brown publicly identifies himself as the author of the Immaculate Constellation report and explains his background, how he encountered the term, and why he chose to come forward.",high,recommend_approval,"This episode is already connected to 2017 Iraq Jellyfish UAP Incident, Skinwalker Ranch and its substantive discussion would strengthen the Historical UFO Cases topic page for researchers.",pending,
WEAPONIZED,75,Matthew Brown and Immaculate Constellation — Part 2,2025-weaponized-episode-75,Historical UFO Cases,Hybrid Discovery,2017 Iraq Jellyfish UAP Incident; Kona Blue Proposed UAP Program; Skinwalker Ranch,pass,pass,pass,"Matthew Brown discusses documents he says he reviewed, the reporting process he followed, and institutional barriers he encountered before publicly identifying himself.",high,recommend_approval,"This episode is already connected to 2017 Iraq Jellyfish UAP Incident, Kona Blue Proposed UAP Program and its substantive discussion would strengthen the Historical UFO Cases topic page for researchers.",pending,
WEAPONIZED,76,Matthew Brown and Immaculate Constellation — Part 3,2025-weaponized-episode-76,Historical UFO Cases,Knowledge Graph Discovery,2017 Iraq Jellyfish UAP Incident; Skinwalker Ranch,fail,pass,pass,"In the conclusion of the interview, Matthew Brown discusses alleged classified UAP imagery, secrecy mechanisms, public perception management, and his appeal for other insiders to come forward.",low,do_not_recommend,"This episode is already connected to 2017 Iraq Jellyfish UAP Incident, Skinwalker Ranch and its substantive discussion would strengthen the Historical UFO Cases topic page for researchers.",pending,
WEAPONIZED,77,"UAP Briefings, Immaculate Constellation, and the Jellyfish Debate",2025-weaponized-episode-77,Historical UFO Cases,Knowledge Graph Discovery,2017 Iraq Jellyfish UAP Incident; Kona Blue Proposed UAP Program; Skinwalker Ranch,fail,pass,pass,"Jeremy Corbell and George Knapp review closed-door congressional briefings, questions raised by the Matthew Brown interviews, the McMinnville UFO Festival, and AARO commentary concerning the Jellyfish UAP.",low,do_not_recommend,"This episode is already connected to 2017 Iraq Jellyfish UAP Incident, Kona Blue Proposed UAP Program and its substantive discussion would strengthen the Historical UFO Cases topic page for researchers.",pending,
WEAPONIZED,78,"Sean Kirkpatrick, AARO, and UFO Politics",2025-weaponized-episode-78,Historical UFO Cases,Knowledge Graph Discovery,2017 Iraq Jellyfish UAP Incident; Kona Blue Proposed UAP Program; Skinwalker Ranch,fail,pass,pass,The hosts challenge claims attributed to former AARO director Sean Kirkpatrick and discuss UFO politics and Contact in the Desert with Ernie Cline and Dan Cleary.,low,do_not_recommend,"This episode is already connected to 2017 Iraq Jellyfish UAP Incident, Kona Blue Proposed UAP Program and its substantive discussion would strengthen the Historical UFO Cases topic page for researchers.",pending,
WEAPONIZED,79,The Large Disc UAP Video,2025-weaponized-episode-79,Historical UFO Cases,Knowledge Graph Discovery,2017 Iraq Jellyfish UAP Incident; Large Disc UAP Video; Skinwalker Ranch,fail,pass,pass,The hosts discuss renewed claims that UFO reports stem from government deception and release military-sensor video described as showing a large disc-shaped UAP moving through cloud cover over a conflict zone.,low,do_not_recommend,"This episode is already connected to 2017 Iraq Jellyfish UAP Incident, Large Disc UAP Video and its substantive discussion would strengthen the Historical UFO Cases topic page for researchers.",pending,
WEAPONIZED,80,"UFOs, Nuclear Weapons, and the Wall Street Journal",2025-weaponized-episode-80,Historical UFO Cases,Hybrid Discovery,2017 Iraq Jellyfish UAP Incident; Kona Blue Proposed UAP Program; Skinwalker Ranch,pass,pass,pass,"Jeremy Corbell and George Knapp, joined by Robert Hastings and Marik von Rennenkampff, rebut Wall Street Journal reporting about UFO history and examine longstanding reports of UAP activity near nuclear weapons sites.",high,recommend_approval,"This episode is already connected to 2017 Iraq Jellyfish UAP Incident, Kona Blue Proposed UAP Program and its substantive discussion would strengthen the Historical UFO Cases topic page for researchers.",pending,
WEAPONIZED,81,The Full Mosul Orb Video,2025-weaponized-episode-81,Historical UFO Cases,Hybrid Discovery,2016 Mosul Orb Incident; 2017 Iraq Jellyfish UAP Incident; Skinwalker Ranch,pass,pass,pass,WEAPONIZED releases the full four-second Mosul Orb video and interviews journalist Dustin Slaughter about obtaining the footage through government-records efforts.,high,recommend_approval,"This episode is already connected to 2016 Mosul Orb Incident, 2017 Iraq Jellyfish UAP Incident and its substantive discussion would strengthen the Historical UFO Cases topic page for researchers.",pending,
WEAPONIZED,82,"Disclosure, Drones, and Competition for Crash Materials",2025-weaponized-episode-82,Historical UFO Cases,Knowledge Graph Discovery,2017 Iraq Jellyfish UAP Incident; Skinwalker Ranch,fail,pass,pass,"The hosts survey recent UAP disclosure developments, including statements by administration insiders, additional military and intelligence witnesses, congressional interest in secret programs and drones, and reported competition for access to alleged crash materials.",low,do_not_recommend,"This episode is already connected to 2017 Iraq Jellyfish UAP Incident, Skinwalker Ranch and its substantive discussion would strengthen the Historical UFO Cases topic page for researchers.",pending,
WEAPONIZED,83,Storming the Silence — Dave Foley and the Fight for UAP Transparency,2025-weaponized-episode-83,Historical UFO Cases,Knowledge Graph Discovery,2017 Iraq Jellyfish UAP Incident; Skinwalker Ranch,fail,pass,pass,"Jeremy Corbell and George Knapp interview comedian and actor Dave Foley about his personal UFO sighting, his changing views, and the broader struggle over disinformation, whistleblower suppression, and media treatment of UAP.",low,do_not_recommend,"This episode is already connected to 2017 Iraq Jellyfish UAP Incident, Skinwalker Ranch and its substantive discussion would strengthen the Historical UFO Cases topic page for researchers.",pending,
WEAPONIZED,84,False Prophets and Flying Objects — The Whistleblower Wave,2025-weaponized-episode-84,Historical UFO Cases,Knowledge Graph Discovery,2017 Iraq Jellyfish UAP Incident; Skinwalker Ranch,pass,pass,pass,"The hosts examine preparations for a September congressional UAP hearing, the reluctance of firsthand witnesses to testify, competing pressure from transparency advocates and secrecy interests, and a newly surfaced Defense Department case discussed with Dustin Slaughter.",medium,recommend_approval,"This episode is already connected to 2017 Iraq Jellyfish UAP Incident, Skinwalker Ranch and its substantive discussion would strengthen the Historical UFO Cases topic page for researchers.",pending,
WEAPONIZED,85,Weaponized Silence — The UFO Disclosure Dilemma,2025-weaponized-episode-85,Historical UFO Cases,Knowledge Graph Discovery,2017 Iraq Jellyfish UAP Incident; Skinwalker Ranch,fail,pass,pass,"Joe Murgia, Danny Silva, and Ryan Robbins join the hosts to assess the approaching congressional hearing, witness intimidation, definitions of disclosure, disinformation, and the obstacles facing efforts to obtain undeniable public evidence.",low,do_not_recommend,"This episode is already connected to 2017 Iraq Jellyfish UAP Incident, Skinwalker Ranch and its substantive discussion would strengthen the Historical UFO Cases topic page for researchers.",pending,
WEAPONIZED,86,"Threats, Intimidation, Prosecution — The Daunting Risks for UFO Whistleblowers",2025-weaponized-episode-86,Historical UFO Cases,Knowledge Graph Discovery,2017 Iraq Jellyfish UAP Incident; Skinwalker Ranch,fail,pass,pass,"Attorney Richard Beckwith and aerospace executive Mike Gold explain the legal, professional, and practical risks facing cleared personnel who consider disclosing sensitive UAP information to Congress, including confusion surrounding promised classified briefings.",low,do_not_recommend,"This episode is already connected to 2017 Iraq Jellyfish UAP Incident, Skinwalker Ranch and its substantive discussion would strengthen the Historical UFO Cases topic page for researchers.",pending,
WEAPONIZED,87,Alien Bodies and Technology — The Lost Tapes of UFO Whistleblower Col. Corso,2025-weaponized-episode-87,Historical UFO Cases,Hybrid Discovery,2017 Iraq Jellyfish UAP Incident; Roswell Incident; Skinwalker Ranch,pass,pass,pass,"Jeremy Corbell and George Knapp revisit Philip J. Corso’s claims about Roswell materials, Pentagon technology transfer, and reverse engineering through interviews recorded before publication of The Day After Roswell.",high,recommend_approval,"This episode is already connected to 2017 Iraq Jellyfish UAP Incident, Roswell Incident and its substantive discussion would strengthen the Historical UFO Cases topic page for researchers.",pending,
WEAPONIZED,88,Injured by UFOs — The Case-by-Case Medical Evidence,2025-weaponized-episode-88,Historical UFO Cases,Hybrid Discovery,2017 Iraq Jellyfish UAP Incident; Skinwalker Ranch,pass,pass,pass,"Physicist John Priestland discusses the Unhidden Foundation’s review of physical, physiological, and psychological injuries reported after close encounters and calls for release of AAWSAP records relevant to medical and scientific study.",high,recommend_approval,"This episode is already connected to 2017 Iraq Jellyfish UAP Incident, Skinwalker Ranch and its substantive discussion would strengthen the Historical UFO Cases topic page for researchers.",pending,
WEAPONIZED,89,The 2025 UAP Hearing — Did It Move the Needle?,2025-weaponized-episode-89,Historical UFO Cases,Knowledge Graph Discovery,2017 Iraq Jellyfish UAP Incident; September 2025 House UAP Hearing; 2025 Yemen Hellfire UAP Video; Skinwalker Ranch,fail,pass,pass,"Participants in the September 2025 congressional UAP hearing discuss preparation, testimony, public reaction, whistleblower risks, and military video showing a missile engagement with an unidentified object over Yemen.",low,do_not_recommend,"This episode is already connected to 2017 Iraq Jellyfish UAP Incident, September 2025 House UAP Hearing and its substantive discussion would strengthen the Historical UFO Cases topic page for researchers.",pending,
WEAPONIZED,90,The Reluctant UFO Whistleblower — Dylan Borland Tells All: Part 1,2025-weaponized-episode-90,Historical UFO Cases,Hybrid Discovery,2017 Iraq Jellyfish UAP Incident; Skinwalker Ranch,pass,pass,pass,"Dylan Borland recounts his path from the U.S. Air Force into classified contractor work, an alleged firsthand encounter with UAP technology, and claimed threats, clearance manipulation, intimidation, and economic pressure.",high,recommend_approval,"This episode is already connected to 2017 Iraq Jellyfish UAP Incident, Skinwalker Ranch and its substantive discussion would strengthen the Historical UFO Cases topic page for researchers.",pending,
WEAPONIZED,91,Dylan Borland Unloads — The Truth About Legacy UFO Programs: Part 2,2025-weaponized-episode-91,Historical UFO Cases,Hybrid Discovery,2017 Iraq Jellyfish UAP Incident; Skinwalker Ranch,pass,pass,pass,"In the second part of the Dylan Borland interview, Borland expands on his allegations concerning legacy UAP programs, compartmented access, intimidation, and the nature of the technology and activity he says he encountered.",high,recommend_approval,"This episode is already connected to 2017 Iraq Jellyfish UAP Incident, Skinwalker Ranch and its substantive discussion would strengthen the Historical UFO Cases topic page for researchers.",pending,
WEAPONIZED,92,The UAP Witness That Didn’t Testify — Congress Wanted You to Hear This,2025-weaponized-episode-92,Historical UFO Cases,Hybrid Discovery,2017 Iraq Jellyfish UAP Incident; Eglin Runway UAP Incident; Skinwalker Ranch,pass,pass,pass,Jeremy Corbell and George Knapp interview a military veteran who had been expected to testify before Congress and who reports seeing a large craft hovering above a runway at Eglin Air Force Base before departing at extraordinary speed.,high,recommend_approval,"This episode is already connected to 2017 Iraq Jellyfish UAP Incident, Eglin Runway UAP Incident and its substantive discussion would strengthen the Historical UFO Cases topic page for researchers.",pending,
WEAPONIZED,93,"Mystery Drones, Eglin’s Black Triangle, and Chris Sharp",2025-weaponized-episode-93,Historical UFO Cases,Knowledge Graph Discovery,2017 Iraq Jellyfish UAP Incident; Skinwalker Ranch,fail,pass,pass,Jeremy Corbell and George Knapp speak with Liberation Times editor Chris Sharp about the mystery-drone wave and revisit additional details concerning the large black triangle reported over an Eglin Air Force Base runway.,low,do_not_recommend,"This episode is already connected to 2017 Iraq Jellyfish UAP Incident, Skinwalker Ranch and its substantive discussion would strengthen the Historical UFO Cases topic page for researchers.",pending,
WEAPONIZED,94,Is UFO Disclosure Dead?,2025-weaponized-episode-94,Historical UFO Cases,Knowledge Graph Discovery,2017 Iraq Jellyfish UAP Incident; Skinwalker Ranch,fail,pass,pass,"Corbell and Knapp assess claims that UAP disclosure has stalled, reviewing political resistance, media narratives, and the continuing evidence that keeps transparency efforts active.",low,do_not_recommend,"This episode is already connected to 2017 Iraq Jellyfish UAP Incident, Skinwalker Ranch and its substantive discussion would strengthen the Historical UFO Cases topic page for researchers.",pending,
WEAPONIZED,95,The Area 51 Crash Retrieval and Its Cover Story,2025-weaponized-episode-95,Historical UFO Cases,Knowledge Graph Discovery,2017 Iraq Jellyfish UAP Incident; Area 51; Skinwalker Ranch,fail,pass,pass,"The hosts examine a September 2025 crash near Area 51, the rapid military response, the cordoning of public land, and civilian research challenging the Air Force explanation.",low,do_not_recommend,"This episode is already connected to 2017 Iraq Jellyfish UAP Incident, Area 51 and its substantive discussion would strengthen the Historical UFO Cases topic page for researchers.",pending,
WEAPONIZED,96,"James Lacatski on AAWSAP, Kona Blue, and a Recovered Craft — Part 1",2025-weaponized-episode-96,Historical UFO Cases,Knowledge Graph Discovery,2017 Iraq Jellyfish UAP Incident; Kona Blue Proposed UAP Program; Skinwalker Ranch,fail,pass,pass,"Former DIA official James Lacatski discusses AAWSAP, Kona Blue, AARO, alleged counterintelligence activity, and his authorized account of a recovered craft whose hull was reportedly breached.",low,do_not_recommend,"This episode is already connected to 2017 Iraq Jellyfish UAP Incident, Kona Blue Proposed UAP Program and its substantive discussion would strengthen the Historical UFO Cases topic page for researchers.",pending,
WEAPONIZED,97,"James Lacatski on Disclosure, Hitchhikers, and the Tic Tac — Part 2",2025-weaponized-episode-97,Historical UFO Cases,Hybrid Discovery,2017 Iraq Jellyfish UAP Incident; Skinwalker Ranch,pass,pass,pass,"In the second part of the interview, James Lacatski discusses obstacles to disclosure, efforts to discredit official investigations, anomalous encounters, crash-retrieval questions, and whether Tic Tac objects could be U.S. technology.",high,recommend_approval,"This episode is already connected to 2017 Iraq Jellyfish UAP Incident, Skinwalker Ranch and its substantive discussion would strengthen the Historical UFO Cases topic page for researchers.",pending,
WEAPONIZED,98,Reassessing the James Lacatski Revelations,2025-weaponized-episode-98,Historical UFO Cases,Knowledge Graph Discovery,2017 Iraq Jellyfish UAP Incident; Kona Blue Proposed UAP Program; Skinwalker Ranch,fail,pass,pass,"Jeremy Corbell and George Knapp review the implications of their Lacatski interviews, including AAWSAP, counterintelligence, AARO, recovered-craft claims, congressional access, and Harry Reid’s role.",low,do_not_recommend,"This episode is already connected to 2017 Iraq Jellyfish UAP Incident, Kona Blue Proposed UAP Program and its substantive discussion would strengthen the Historical UFO Cases topic page for researchers.",pending,
WEAPONIZED,99,Is This a Pivotal Moment for UFO Disclosure?,2025-weaponized-episode-99,Historical UFO Cases,Knowledge Graph Discovery,2017 Iraq Jellyfish UAP Incident; Skinwalker Ranch,fail,pass,pass,"Ryan Robbins, Danny Silva, and Joe Murgia join the hosts to assess renewed public attention driven by The Age of Disclosure, David Grusch’s Fox interview, and James Lacatski’s AAWSAP revelations.",low,do_not_recommend,"This episode is already connected to 2017 Iraq Jellyfish UAP Incident, Skinwalker Ranch and its substantive discussion would strengthen the Historical UFO Cases topic page for researchers.",pending,
Need to Know,72,UFO Hail Mary,2026-need-to-know-episode-72,Historical UFO Cases,Hybrid Discovery,Roswell Incident,pass,pass,pass,"Bryce Zabel and Richard Dolan examine UFO Hail Mary, connecting the episode’s central subject to current UAP reporting, institutional transparency, and the longer history of the phenomenon while distinguishing established information from unresolved claims.",high,recommend_approval,This episode is already connected to Roswell Incident and its substantive discussion would strengthen the Historical UFO Cases topic page for researchers.,pending,
WEAPONIZED,103,"2025 Year in Review — Progress, Evidence, and Pushback",2026-weaponized-episode-103,Historical UFO Cases,Knowledge Graph Discovery,2017 Iraq Jellyfish UAP Incident; Roswell Incident; Skinwalker Ranch,fail,pass,pass,"Jeremy Corbell and George Knapp review WEAPONIZED’s 2025 reporting, including new witnesses, released UAP imagery, congressional engagement, major books and films, mystery-drone incursions, and the organized pushback against UFO transparency.",low,do_not_recommend,"This episode is already connected to 2017 Iraq Jellyfish UAP Incident, Roswell Incident and its substantive discussion would strengthen the Historical UFO Cases topic page for researchers.",pending,
WEAPONIZED,104,Nazca Mummies — Scientific Criticism and Evidence Tampering,2026-weaponized-episode-104,Historical UFO Cases,Knowledge Graph Discovery,2017 Iraq Jellyfish UAP Incident; Nazca Mummies; Skinwalker Ranch,fail,pass,pass,"Will Brown, biological anthropologist Dan Proctor, and radiologist Michele Adams examine claims surrounding three-fingered South American mummies, alleged specimen manipulation, black-market trafficking, and the evidence needed to establish authenticity.",low,do_not_recommend,"This episode is already connected to 2017 Iraq Jellyfish UAP Incident, Nazca Mummies and its substantive discussion would strengthen the Historical UFO Cases topic page for researchers.",pending,
WEAPONIZED,105,James Fox — New Varginha Witnesses and the Continuing Cover-Up,2026-weaponized-episode-105,Historical UFO Cases,Hybrid Discovery,2017 Iraq Jellyfish UAP Incident; Skinwalker Ranch; Varginha Ufo Incident,pass,pass,pass,"Filmmaker James Fox discusses new witnesses connected to the 1996 Varginha incident, alleged intimidation, efforts to locate medical personnel and video evidence, and a Washington press event intended to bring firsthand testimony before the public and Congress.",high,recommend_approval,"This episode is already connected to 2017 Iraq Jellyfish UAP Incident, Skinwalker Ranch and its substantive discussion would strengthen the Historical UFO Cases topic page for researchers.",pending,
WEAPONIZED,106,Ryan “Neo” Bodenheimer — Four Pilot UAP Encounters,2026-weaponized-episode-106,Historical UFO Cases,Hybrid Discovery,2017 Iraq Jellyfish UAP Incident; Skinwalker Ranch,pass,pass,pass,"Retired Air Force lieutenant colonel and former Thunderbird Ryan Bodenheimer describes four aerial UAP encounters, including a close call, and explains why the observed objects did not resemble conventional aerodynamic craft.",high,recommend_approval,"This episode is already connected to 2017 Iraq Jellyfish UAP Incident, Skinwalker Ranch and its substantive discussion would strengthen the Historical UFO Cases topic page for researchers.",pending,
WEAPONIZED,107,"Soviet UFO Programs — SETKA, Thread 3, and Nuclear Incursions",2026-weaponized-episode-107,Historical UFO Cases,Hybrid Discovery,2017 Iraq Jellyfish UAP Incident; Nuclear Facility Uap Incidents; Skinwalker Ranch,pass,pass,pass,"George Knapp revisits his 1990s reporting from Russia and releases documents describing Soviet UFO investigations, including the SETKA collection program, Thread 3 technology analysis, pilot and satellite cases, and an alleged 1982 intrusion at a Ukrainian nuclear missile base.",high,recommend_approval,"This episode is already connected to 2017 Iraq Jellyfish UAP Incident, Nuclear Facility Uap Incidents and its substantive discussion would strengthen the Historical UFO Cases topic page for researchers.",pending,
WEAPONIZED,108,Syria UAP Video — Apparent Instantaneous Acceleration,2026-weaponized-episode-108,Historical UFO Cases,Knowledge Graph Discovery,2017 Iraq Jellyfish UAP Incident; Skinwalker Ranch; Syria Uap 2021,fail,pass,pass,"Jeremy Corbell, George Knapp, and Marik von Rennenkampff analyze newly released intelligence footage from the Jordanian-Syrian border showing an object tracked by an MQ-9 Reaper and appearing to demonstrate extraordinary acceleration.",low,do_not_recommend,"This episode is already connected to 2017 Iraq Jellyfish UAP Incident, Skinwalker Ranch and its substantive discussion would strengthen the Historical UFO Cases topic page for researchers.",pending,
WEAPONIZED,109,"Bob Lazar in Austin, Syria UAP Debate, and Area 51 Access",2026-weaponized-episode-109,Historical UFO Cases,Knowledge Graph Discovery,2017 Iraq Jellyfish UAP Incident; Area 51; Alleged S-4 Facility; Skinwalker Ranch; Syria Uap 2021,fail,pass,pass,"Corbell and Knapp review Bob Lazar’s surprise Austin appearance, responses to criticism of the Syria UAP footage, an unauthorized Papoose Lake intrusion, and Representative Eric Burlison’s stated plans to visit restricted facilities including Area 51.",low,do_not_recommend,"This episode is already connected to 2017 Iraq Jellyfish UAP Incident, Area 51 and its substantive discussion would strengthen the Historical UFO Cases topic page for researchers.",pending,
WEAPONIZED,110,Chris Sharp — Former AARO Deputy Director Describes Unexplained Cases,2026-weaponized-episode-110,Historical UFO Cases,Knowledge Graph Discovery,2017 Iraq Jellyfish UAP Incident; Kona Blue Proposed UAP Program; Skinwalker Ranch,pass,pass,pass,"Journalist Chris Sharp previews his interview with former AARO deputy director Tim Phillips, including claims that dozens of cases showed extraordinary capabilities, some UAP were detected in space, and classified videos remain unreleased.",medium,recommend_approval,"This episode is already connected to 2017 Iraq Jellyfish UAP Incident, Kona Blue Proposed UAP Program and its substantive discussion would strengthen the Historical UFO Cases topic page for researchers.",pending,
WEAPONIZED,111,Lenval Logan — UAP Task Force Analysis and Better Classified Evidence,2026-weaponized-episode-111,Historical UFO Cases,Knowledge Graph Discovery,2017 Iraq Jellyfish UAP Incident; Calvine Ufo; Kona Blue Proposed UAP Program; Skinwalker Ranch; Syria Uap 2021,fail,pass,pass,"Former Air Force intelligence analyst and UAP Task Force member Lenval Logan assesses the Syria UAP footage, describes classified evidence stronger than public releases, discusses AWACS tracking of anomalous objects, and explains why original task-force personnel were excluded from AARO.",low,do_not_recommend,"This episode is already connected to 2017 Iraq Jellyfish UAP Incident, Calvine Ufo and its substantive discussion would strengthen the Historical UFO Cases topic page for researchers.",pending,
WEAPONIZED,112,Eric Burlison — Classified Site Visit and Congressional UAP Oversight,2026-weaponized-episode-112,Historical UFO Cases,Knowledge Graph Discovery,2017 Iraq Jellyfish UAP Incident; Skinwalker Ranch,fail,pass,pass,"Representative Eric Burlison discusses a classified facility visit, limits on what he can reveal, the credibility of whistleblowers, congressional efforts to obtain concealed UAP records, and his evolving view after reviewing sensitive information firsthand.",low,do_not_recommend,"This episode is already connected to 2017 Iraq Jellyfish UAP Incident, Skinwalker Ranch and its substantive discussion would strengthen the Historical UFO Cases topic page for researchers.",pending,
WEAPONIZED,113,Matthew Brown Exposes How Whistleblowers Are Being Set Up,2026-weaponized-episode-113,Historical UFO Cases,Knowledge Graph Discovery,2017 Iraq Jellyfish UAP Incident; Skinwalker Ranch,fail,pass,pass,"Matthew Brown expands on his assertions about Immaculate Constellation, describes the personal and financial consequences of coming forward, and argues that purported investigative channels can function as mechanisms for pressure rather than protection.",low,do_not_recommend,"This episode is already connected to 2017 Iraq Jellyfish UAP Incident, Skinwalker Ranch and its substantive discussion would strengthen the Historical UFO Cases topic page for researchers.",pending,
WEAPONIZED,114,"Dr. James Lacatski — This Is UFO Disclosure, As Far As It Can Go",2026-weaponized-episode-114,Historical UFO Cases,Hybrid Discovery,2017 Iraq Jellyfish UAP Incident; Skinwalker Ranch,pass,pass,pass,"James Lacatski discusses AAWSAP’s creation, data archive, investigations of UAP and paranormal phenomena, the limits of government knowledge, and his view that published books may be the closest the public comes to the unreleased program files.",high,recommend_approval,"This episode is already connected to 2017 Iraq Jellyfish UAP Incident, Skinwalker Ranch and its substantive discussion would strengthen the Historical UFO Cases topic page for researchers.",pending,
WEAPONIZED,115,A New Chapter in the Bob Lazar Saga,2026-weaponized-episode-115,Historical UFO Cases,Hybrid Discovery,2017 Iraq Jellyfish UAP Incident; Area 51; Alleged S-4 Facility; Skinwalker Ranch,pass,pass,pass,"Luigi Venditelli joins Jeremy Corbell and George Knapp to discuss S4: The Bob Lazar Story, its reconstruction of the alleged S4 facility, and the continuing debate surrounding Bob Lazar’s claims.",high,recommend_approval,"This episode is already connected to 2017 Iraq Jellyfish UAP Incident, Area 51 and its substantive discussion would strengthen the Historical UFO Cases topic page for researchers.",pending,
WEAPONIZED,116,UAP Transparency at the National Space Symposium,2026-weaponized-episode-116,Historical UFO Cases,Knowledge Graph Discovery,2017 Iraq Jellyfish UAP Incident; Skinwalker Ranch,fail,pass,pass,"Jeremy Corbell and George Knapp review a National Space Symposium panel featuring David Grusch, Representative Eric Burlison, Mike Gold, and Rod Roddenberry discussing UAP transparency, credible testimony, space-sector responsibilities, and serious evaluation of anomalous reports.",low,do_not_recommend,"This episode is already connected to 2017 Iraq Jellyfish UAP Incident, Skinwalker Ranch and its substantive discussion would strengthen the Historical UFO Cases topic page for researchers.",pending,
WEAPONIZED,117,"Federal UFO Files, Public Expectations, and Sleeping Dog",2026-weaponized-episode-117,Historical UFO Cases,Knowledge Graph Discovery,2017 Iraq Jellyfish UAP Incident; Skinwalker Ranch,fail,pass,pass,"Jeremy Corbell and George Knapp assess a major federal release of UFO files and videos, warn against unrealistic expectations of immediate full disclosure, explain the context of selected UAP footage, and discuss Michael Lazovsky’s documentary Sleeping Dog and the role of investigative journalism.",low,do_not_recommend,"This episode is already connected to 2017 Iraq Jellyfish UAP Incident, Skinwalker Ranch and its substantive discussion would strengthen the Historical UFO Cases topic page for researchers.",pending,
WEAPONIZED,118,Dylan Borland on the Costs of Coming Forward,2026-weaponized-episode-118,Historical UFO Cases,Hybrid Discovery,2017 Iraq Jellyfish UAP Incident; Skinwalker Ranch,pass,pass,pass,"At Oregon’s McMinnville UFO Festival, Dylan Borland describes his background, congressional testimony, alleged surveillance and hacking, financial hardship, legal threats, and concerns about an ODNI UAP investigation that he says failed to protect participating whistleblowers.",high,recommend_approval,"This episode is already connected to 2017 Iraq Jellyfish UAP Incident, Skinwalker Ranch and its substantive discussion would strengthen the Historical UFO Cases topic page for researchers.",pending,
WEAPONIZED,119,The Price Paid by UAP Whistleblowers,2026-weaponized-episode-119,Historical UFO Cases,Knowledge Graph Discovery,2017 Iraq Jellyfish UAP Incident; Skinwalker Ranch,fail,pass,pass,"Recorded at Contact in the Desert, Dylan Borland, Matthew Brown, and Alex Wiggins describe unemployment, surveillance, break-ins, intimidation, legal threats, and financial harm after coming forward, while proposing practical support and protection for future UAP witnesses.",low,do_not_recommend,"This episode is already connected to 2017 Iraq Jellyfish UAP Incident, Skinwalker Ranch and its substantive discussion would strengthen the Historical UFO Cases topic page for researchers.",pending,
WEAPONIZED,120,Whitley Strieber — Transformation 2026 and the Meaning of Close Encounters,2026-weaponized-episode-120,Historical UFO Cases,Hybrid Discovery,2017 Iraq Jellyfish UAP Incident; Skinwalker Ranch,pass,pass,pass,"Whitley Strieber discusses Communion, his continuing interpretation of encounters with non-human beings, the impact his writing had on others with similar experiences, and how Transformation 2026 revisits childhood memories and possible implications for humanity.",high,recommend_approval,"This episode is already connected to 2017 Iraq Jellyfish UAP Incident, Skinwalker Ranch and its substantive discussion would strengthen the Historical UFO Cases topic page for researchers.",pending,
WEAPONIZED,74,Matthew Brown Part 1: Immaculate Constellation,weaponized-matthew-brown-part-1,Historical UFO Cases,Knowledge Graph Discovery,2017 Iraq Jellyfish UAP Incident; Skinwalker Ranch,fail,pass,pass,"Matthew Brown joins Jeremy Corbell and George Knapp for the first part of a discussion concerning his allegations about Immaculate Constellation, compartmentalized UAP programs, whistleblower risk, and congressional oversight.",low,do_not_recommend,"This episode is already connected to 2017 Iraq Jellyfish UAP Incident, Skinwalker Ranch and its substantive discussion would strengthen the Historical UFO Cases topic page for researchers.",pending,
WEAPONIZED,75,Matthew Brown Part 2: Immaculate Constellation,weaponized-matthew-brown-part-2,Historical UFO Cases,Knowledge Graph Discovery,2017 Iraq Jellyfish UAP Incident; Skinwalker Ranch,fail,pass,pass,"In Part 2, Matthew Brown joins Jeremy Corbell and George Knapp to discuss documents he says he reviewed, the alleged scope and compartmentalization of Immaculate Constellation, and the reporting process he followed before identifying himself publicly.",low,do_not_recommend,"This episode is already connected to 2017 Iraq Jellyfish UAP Incident, Skinwalker Ranch and its substantive discussion would strengthen the Historical UFO Cases topic page for researchers.",pending,
WEAPONIZED,76,Matthew Brown Part 3: Immaculate Constellation,weaponized-matthew-brown-part-3,Historical UFO Cases,Knowledge Graph Discovery,2017 Iraq Jellyfish UAP Incident; Skinwalker Ranch,fail,pass,pass,"In Part 3, Matthew Brown concludes his WEAPONIZED interview with Jeremy Corbell and George Knapp by discussing alleged UAP imagery found on classified systems, the management of public perception, excessive secrecy, congressional inquiry, and his call for additional insiders to come forward.",low,do_not_recommend,"This episode is already connected to 2017 Iraq Jellyfish UAP Incident, Skinwalker Ranch and its substantive discussion would strengthen the Historical UFO Cases topic page for researchers.",pending,
Somewhere in the Skies,11,"Erica Lukes: Dugway, Skinwalker Ranch, and UFOs over Utah",2017-somewhere-in-the-skies-episode-11,Witness Accounts,Metadata Discovery,,pass,fail,not_applicable,"Ryan Sprague presents a case investigation focused on Dugway, Skinwalker Ranch, and UFOs over Utah. This 2017 Somewhere in the Skies release is indexed with source-grounded topics and direct archive references.",low,do_not_recommend,"This episode substantively addresses Witness Accounts and offers a distinct research contribution through its series perspective, evidence, or educational context.",pending,
Somewhere in the Skies,19,Ben Mezrich: The 37th Parallel,2017-somewhere-in-the-skies-episode-19,Witness Accounts,Metadata Discovery,,pass,fail,not_applicable,Ryan Sprague presents a case investigation focused on The 37th Parallel. This 2017 Somewhere in the Skies release is indexed with source-grounded topics and direct archive references.,low,do_not_recommend,"This episode substantively addresses Witness Accounts and offers a distinct research contribution through its series perspective, evidence, or educational context.",pending,
Somewhere in the Skies,24,Chris Garetano: Dark Files and the Montauk Project,2017-somewhere-in-the-skies-episode-24,Witness Accounts,Metadata Discovery,,pass,fail,not_applicable,Ryan Sprague presents a case investigation focused on Dark Files and the Montauk Project. This 2017 Somewhere in the Skies release is indexed with source-grounded topics and direct archive references.,low,do_not_recommend,"This episode substantively addresses Witness Accounts and offers a distinct research contribution through its series perspective, evidence, or educational context.",pending,
Somewhere in the Skies,25,Seth Breedlove: Invasion on Chestnut Ridge,2017-somewhere-in-the-skies-episode-25,Witness Accounts,Metadata Discovery,,pass,fail,not_applicable,Ryan Sprague presents a case investigation focused on Invasion on Chestnut Ridge. This 2017 Somewhere in the Skies release is indexed with source-grounded topics and direct archive references.,low,do_not_recommend,"This episode substantively addresses Witness Accounts and offers a distinct research contribution through its series perspective, evidence, or educational context.",pending,
Somewhere in the Skies,29,Brian Bethel: Black Eyed Kid Phenomenon,2017-somewhere-in-the-skies-episode-29,Witness Accounts,Metadata Discovery,,pass,fail,not_applicable,Ryan Sprague presents a case investigation focused on Black Eyed Kid Phenomenon. This 2017 Somewhere in the Skies release is indexed with source-grounded topics and direct archive references.,low,do_not_recommend,"This episode substantively addresses Witness Accounts and offers a distinct research contribution through its series perspective, evidence, or educational context.",pending,
Somewhere in the Skies,30,The Andreasson Abduction,2017-somewhere-in-the-skies-episode-30,Witness Accounts,Metadata Discovery,,pass,fail,not_applicable,Ryan Sprague presents a case investigation focused on The Andreasson Abduction. This 2017 Somewhere in the Skies release is indexed with source-grounded topics and direct archive references.,low,do_not_recommend,"This episode substantively addresses Witness Accounts and offers a distinct research contribution through its series perspective, evidence, or educational context.",pending,
Somewhere in the Skies,33,Michael Huntington: Childhood UFO Encounters,2017-somewhere-in-the-skies-episode-33,Witness Accounts,Metadata Discovery,,pass,fail,not_applicable,Ryan Sprague presents a case investigation focused on Childhood UFO Encounters. This 2017 Somewhere in the Skies release is indexed with source-grounded topics and direct archive references.,low,do_not_recommend,"This episode substantively addresses Witness Accounts and offers a distinct research contribution through its series perspective, evidence, or educational context.",pending,
Somewhere in the Skies,34,Witness Accounts: Volume One,2017-somewhere-in-the-skies-episode-34,Witness Accounts,Metadata Discovery,,pass,fail,not_applicable,Ryan Sprague presents a witness account focused on Volume One. This 2017 Somewhere in the Skies release is indexed with source-grounded topics and direct archive references.,low,do_not_recommend,"This episode substantively addresses Witness Accounts and offers a distinct research contribution through its series perspective, evidence, or educational context.",pending,
Somewhere in the Skies,5,Ruben Uriarte: UFOs Over Mexico and the Southwest,2017-somewhere-in-the-skies-episode-5,Witness Accounts,Metadata Discovery,,pass,fail,not_applicable,Ryan Sprague presents a case investigation focused on UFOs Over Mexico and the Southwest. This 2017 Somewhere in the Skies release is indexed with source-grounded topics and direct archive references.,low,do_not_recommend,"This episode substantively addresses Witness Accounts and offers a distinct research contribution through its series perspective, evidence, or educational context.",pending,
Somewhere in the Skies,7,Nick Redfern: The Roswell UFO Conspiracy,2017-somewhere-in-the-skies-episode-7,Witness Accounts,Metadata Discovery,,pass,fail,not_applicable,Ryan Sprague presents a case investigation focused on The Roswell UFO Conspiracy. This 2017 Somewhere in the Skies release is indexed with source-grounded topics and direct archive references.,low,do_not_recommend,"This episode substantively addresses Witness Accounts and offers a distinct research contribution through its series perspective, evidence, or educational context.",pending,
Somewhere in the Skies,8,Jane Kyle: UFOs Over Texas,2017-somewhere-in-the-skies-episode-8,Witness Accounts,Metadata Discovery,,pass,fail,not_applicable,Ryan Sprague presents a case investigation focused on UFOs Over Texas. This 2017 Somewhere in the Skies release is indexed with source-grounded topics and direct archive references.,low,do_not_recommend,"This episode substantively addresses Witness Accounts and offers a distinct research contribution through its series perspective, evidence, or educational context.",pending,
Need to Know,17,Beyond Nimitz,2022-need-to-know-episode-17,Witness Accounts,Metadata Discovery,2004 Nimitz Encounter,pass,pass,not_applicable,Ross Coulthart and Bryce Zabel revisit the 2004 Nimitz encounter through the documentary work that helped preserve witness testimony and broaden public understanding of the case beyond the best-known cockpit accounts.,medium,recommend_approval,"This episode substantively addresses Witness Accounts and offers a distinct research contribution through its series perspective, evidence, or educational context.",pending,
Need to Know,20,7NEWS Spotlight Special Edition,2022-need-to-know-episode-20,Witness Accounts,Metadata Discovery,2004 Nimitz Encounter; 2014–2015 East Coast Navy Encounters; 2017 Iraq Jellyfish UAP Incident; Skinwalker Ranch,fail,pass,not_applicable,"This special edition follows Ross Coulthart and Bryce Zabel as they examine the UAP issue through interviews with military witnesses, researchers, and media figures, including Ryan Graves, Jeremy Corbell, and Garry Nolan.",low,do_not_recommend,"This episode substantively addresses Witness Accounts and offers a distinct research contribution through its series perspective, evidence, or educational context.",pending,
Need to Know,22,Witness to a UFO — In the Middle of Battle in Ukraine,2022-need-to-know-episode-22,Witness Accounts,Metadata Discovery,,fail,pass,not_applicable,"Ross Coulthart and Bryce Zabel examine Witness to a UFO — In the Middle of Battle in Ukraine, connecting the episode’s central subject to current UAP reporting, institutional transparency, and the longer history of the phenomenon while distinguishing established information from unresolved claims.",low,do_not_recommend,"This episode substantively addresses Witness Accounts and offers a distinct research contribution through its series perspective, evidence, or educational context.",pending,
MERGED,11,Beyond the Stigma: A UAP Call to Action,2023-merged-episode-11,Witness Accounts,Metadata Discovery,2004 Nimitz Encounter; 2014–2015 East Coast Navy Encounters,fail,pass,not_applicable,"The 2004 Nimitz encounter, pilot credibility, public stigma, and the need for systematic reporting and investigation.",low,do_not_recommend,"This episode substantively addresses Witness Accounts and offers a distinct research contribution through its series perspective, evidence, or educational context.",pending,
MERGED,14,Pilots & Witnesses: Systematic UAP Reporting for Pilots,2023-merged-episode-14,Witness Accounts,Metadata Discovery,2004 Nimitz Encounter; 2014–2015 East Coast Navy Encounters,fail,pass,not_applicable,"A pilot-to-pilot discussion of the Nimitz encounter, public testimony, and building a safer reporting process.",low,do_not_recommend,"This episode substantively addresses Witness Accounts and offers a distinct research contribution through its series perspective, evidence, or educational context.",pending,
MERGED,17,Asking Difficult Questions: Congressional Accountability on UAP,2023-merged-episode-17,Witness Accounts,Metadata Discovery,2014–2015 East Coast Navy Encounters,fail,pass,not_applicable,A Capitol Hill reporter describes interviewing lawmakers after the 2023 hearing and assessing congressional accountability.,low,do_not_recommend,"This episode substantively addresses Witness Accounts and offers a distinct research contribution through its series perspective, evidence, or educational context.",pending,
MERGED,19,Vandenberg “Red Square” Witness Speaks for First Time,2023-merged-episode-19,Witness Accounts,Metadata Discovery,2014–2015 East Coast Navy Encounters; Kona Blue Proposed UAP Program,pass,pass,not_applicable,"A former Air Force security officer recounts a 2004 Vandenberg incident, preserved records, and later AARO interactions.",medium,recommend_approval,"This episode substantively addresses Witness Accounts and offers a distinct research contribution through its series perspective, evidence, or educational context.",pending,
MERGED,2,Pilot’s Shocking UAP Sightings & What This Means For Aviation,2023-merged-episode-2,Witness Accounts,Metadata Discovery,2014–2015 East Coast Navy Encounters,fail,needs_review,not_applicable,"Pilot testimony, radar audio, reporting barriers, and aviation safety.",low,do_not_recommend,"This episode substantively addresses Witness Accounts and offers a distinct research contribution through its series perspective, evidence, or educational context.",pending,
MERGED,4,Pilot Breaks the Silence on UAP Encounters,2023-merged-episode-4,Witness Accounts,Metadata Discovery,2014–2015 East Coast Navy Encounters,fail,needs_review,not_applicable,"A veteran commercial pilot describes repeated UAP encounters, reporting stigma, and flight-safety implications.",low,do_not_recommend,"This episode substantively addresses Witness Accounts and offers a distinct research contribution through its series perspective, evidence, or educational context.",pending,
MERGED,5,Decoding UAP Sightings: Insights from a 747 Pilot,2023-merged-episode-5,Witness Accounts,Metadata Discovery,2014–2015 East Coast Navy Encounters,fail,pass,not_applicable,"A 747 captain and aviation photographer reviews unexplained observations, imagery, and pilot reporting.",low,do_not_recommend,"This episode substantively addresses Witness Accounts and offers a distinct research contribution through its series perspective, evidence, or educational context.",pending,
WEAPONIZED,18,The Mojave Triangle UAP — Marine Witnesses at Twentynine Palms,2023-weaponized-episode-18,Witness Accounts,Metadata Discovery,2017 Iraq Jellyfish UAP Incident; Skinwalker Ranch; Twentynine Palms Triangle Incident,pass,pass,not_applicable,"Corbell and Knapp present videos, photographs, and witness accounts from Marines who reported a large triangular object over the Twentynine Palms training base in April 2021.",medium,recommend_approval,"This episode substantively addresses Witness Accounts and offers a distinct research contribution through its series perspective, evidence, or educational context.",pending,
WEAPONIZED,21,The David Grusch Revelations,2023-weaponized-episode-21,Witness Accounts,Metadata Discovery,2017 Iraq Jellyfish UAP Incident; Skinwalker Ranch,fail,pass,not_applicable,"Jeremy Corbell and George Knapp recount their early contact with David Grusch, his decision to come forward publicly, his whistleblower complaint, and reported retaliation connected to his UAP disclosures.",low,do_not_recommend,"This episode substantively addresses Witness Accounts and offers a distinct research contribution through its series perspective, evidence, or educational context.",pending,
WEAPONIZED,25,"Tim Burchett, Congressional UFO Hearings, and the Coming House Testimony",2023-weaponized-episode-25,Witness Accounts,Metadata Discovery,2017 Iraq Jellyfish UAP Incident; Skinwalker Ranch,fail,pass,not_applicable,"Jeremy Corbell and George Knapp review the history of congressional UFO hearings and interview Representative Tim Burchett about the anticipated July 2023 House hearing, prospective witnesses, bipartisan interest, and alleged hidden crash-retrieval materials.",low,do_not_recommend,"This episode substantively addresses Witness Accounts and offers a distinct research contribution through its series perspective, evidence, or educational context.",pending,
WEAPONIZED,27,The Historic House UAP Hearing and a Fresh Look at the Nimitz Tic Tac Case,2023-weaponized-episode-27,Witness Accounts,Metadata Discovery,2004 Nimitz Encounter; 2014–2015 East Coast Navy Encounters; 2017 Iraq Jellyfish UAP Incident; Skinwalker Ranch,pass,pass,not_applicable,"Ahead of the July 2023 House hearing, Jeremy Corbell and George Knapp explain why the testimony of David Grusch, David Fravor, and Ryan Graves should be considered historic and revisit the Nimitz Tic Tac encounter through a key eyewitness account.",medium,recommend_approval,"This episode substantively addresses Witness Accounts and offers a distinct research contribution through its series perspective, evidence, or educational context.",pending,
WEAPONIZED,28,Congressional Hearing Roundtable,2023-weaponized-episode-28,Witness Accounts,Metadata Discovery,2004 Nimitz Encounter; 2014–2015 East Coast Navy Encounters; 2017 Iraq Jellyfish UAP Incident; Skinwalker Ranch,fail,pass,not_applicable,"Jeremy Corbell and George Knapp are joined by Ross Coulthart and Bryce Zabel for a roundtable about the July 26, 2023 House UAP hearing, its three witnesses, how the hearing came together, and what might follow.",low,do_not_recommend,"This episode substantively addresses Witness Accounts and offers a distinct research contribution through its series perspective, evidence, or educational context.",pending,
WEAPONIZED,29,David Fravor and the Nimitz Tic Tac Encounter,2023-weaponized-episode-29,Witness Accounts,Metadata Discovery,2004 Nimitz Encounter; 2017 Iraq Jellyfish UAP Incident; Skinwalker Ranch,fail,pass,not_applicable,"WEAPONIZED revisits the 2004 Nimitz Carrier Strike Group encounters, Commander David Fravor’s pursuit of the Tic Tac object, the delayed official investigation, and why his testimony became central to modern demands for UAP transparency.",low,do_not_recommend,"This episode substantively addresses Witness Accounts and offers a distinct research contribution through its series perspective, evidence, or educational context.",pending,
WEAPONIZED,30,"David Grusch, Whistleblower Retaliation, and the Attempt to Discredit His Testimony",2023-weaponized-episode-30,Witness Accounts,Metadata Discovery,2017 Iraq Jellyfish UAP Incident; Skinwalker Ranch,fail,pass,not_applicable,"Jeremy Corbell and George Knapp examine efforts to discredit David Grusch after his public testimony, including reporting about his prior PTSD treatment, and discuss retaliation, whistleblower protections, and the potential chilling effect on other witnesses.",low,do_not_recommend,"This episode substantively addresses Witness Accounts and offers a distinct research contribution through its series perspective, evidence, or educational context.",pending,
WEAPONIZED,43,The Unreleased Philip Corso Tapes,2023-weaponized-episode-43,Witness Accounts,Metadata Discovery,2017 Iraq Jellyfish UAP Incident; Roswell Incident; Skinwalker Ranch,fail,pass,not_applicable,Jeremy Corbell and George Knapp revisit Philip J. Corso’s Roswell technology-transfer claims and examine previously unreleased interviews recorded by personnel associated with the National Institute for Discovery Science.,low,do_not_recommend,"This episode substantively addresses Witness Accounts and offers a distinct research contribution through its series perspective, evidence, or educational context.",pending,
WEAPONIZED,45,"John Alexander on Crash Retrievals, NIDS, and the Sol Conference",2023-weaponized-episode-45,Witness Accounts,Metadata Discovery,2017 Iraq Jellyfish UAP Incident; Roswell Incident; Skinwalker Ranch,fail,pass,not_applicable,"John B. Alexander joins Jeremy Corbell and George Knapp to discuss the Advanced Theoretical Physics program, alleged crash-retrieval programs, NIDS, Skinwalker Ranch, the Sol Foundation conference, and Philip J. Corso.",low,do_not_recommend,"This episode substantively addresses Witness Accounts and offers a distinct research contribution through its series perspective, evidence, or educational context.",pending,
WEAPONIZED,6,"The Defense Executive, a Recovered Craft, and a Living Occupant",2023-weaponized-episode-6,Witness Accounts,Metadata Discovery,2017 Iraq Jellyfish UAP Incident; Area 51; Skinwalker Ranch,fail,pass,not_applicable,"George Knapp and Jeremy Corbell revisit a former defense-industry executive’s account involving a recovered craft from New Mexico and an allegedly living occupant, including a promised recorded deposition.",low,do_not_recommend,"This episode substantively addresses Witness Accounts and offers a distinct research contribution through its series perspective, evidence, or educational context.",pending,
WEAPONIZED,9,Harry Reid’s AAWSAP Briefing and the Hidden History of AATIP,2023-weaponized-episode-9,Witness Accounts,Metadata Discovery,2017 Iraq Jellyfish UAP Incident; Skinwalker Ranch,fail,pass,not_applicable,The hosts recount Harry Reid’s March 2018 closed-door meeting connecting George Knapp with AAWSAP manager James Lacatski and explain distinctions between AAWSAP and the publicly reported AATIP effort.,low,do_not_recommend,"This episode substantively addresses Witness Accounts and offers a distinct research contribution through its series perspective, evidence, or educational context.",pending,
WEAPONIZED,50,Washington Update on UAP Transparency and Congressional Oversight,2024-weaponized-episode-50,Witness Accounts,Metadata Discovery,2017 Iraq Jellyfish UAP Incident; Skinwalker Ranch,pass,pass,not_applicable,"Jeremy Corbell and George Knapp report from Washington, D.C. on the status of congressional UAP oversight, possible future hearings, and concerns shared in meetings with lawmakers, staff, and firsthand witnesses.",medium,recommend_approval,"This episode substantively addresses Witness Accounts and offers a distinct research contribution through its series perspective, evidence, or educational context.",pending,
WEAPONIZED,61,The Tic Tac at Twenty,2024-weaponized-episode-61,Witness Accounts,Metadata Discovery,2004 Nimitz Encounter; 2017 Iraq Jellyfish UAP Incident; Skinwalker Ranch,fail,pass,not_applicable,"Jeremy Corbell and George Knapp mark the twentieth anniversary of the 2004 Nimitz Tic Tac encounter with David Fravor, reviewing the carrier group’s sensor detections, Fravor’s visual encounter, and the case’s role in renewed government and public attention to UAP.",low,do_not_recommend,"This episode substantively addresses Witness Accounts and offers a distinct research contribution through its series perspective, evidence, or educational context.",pending,
WEAPONIZED,64,The 2024 UAP Year in Review,2024-weaponized-episode-64,Witness Accounts,Metadata Discovery,2017 Iraq Jellyfish UAP Incident; Kona Blue Proposed UAP Program; Skinwalker Ranch,fail,pass,not_applicable,"Jeremy Corbell and George Knapp join citizen journalists Joe Murgia, Ryan Robbins, and Danny Silva to review major UAP developments, controversies, disappointments, and expectations for 2025.",low,do_not_recommend,"This episode substantively addresses Witness Accounts and offers a distinct research contribution through its series perspective, evidence, or educational context.",pending,
WEAPONIZED,101,Congressional UAP Champions on What Comes Next,2025-weaponized-episode-101,Witness Accounts,Metadata Discovery,2017 Iraq Jellyfish UAP Incident; Skinwalker Ranch,fail,pass,not_applicable,"Representatives Anna Paulina Luna, Tim Burchett, and Eric Burlison discuss resistance to congressional oversight, blocked witness access, intimidation, the limits of public hearings, possible presidential action, and alternative strategies.",low,do_not_recommend,"This episode substantively addresses Witness Accounts and offers a distinct research contribution through its series perspective, evidence, or educational context.",pending,
WEAPONIZED,65,UFO Revolution Premiere Q&A,2025-weaponized-episode-65,Witness Accounts,Metadata Discovery,2017 Iraq Jellyfish UAP Incident; Skinwalker Ranch,fail,pass,not_applicable,"At the Ojai Playhouse premiere of UFO Revolution, Jeremy Corbell and George Knapp discuss the documentary’s account of UAP transparency efforts, whistleblowers, Congress, and disputed handling of the Immaculate Constellation report.",low,do_not_recommend,"This episode substantively addresses Witness Accounts and offers a distinct research contribution through its series perspective, evidence, or educational context.",pending,
WEAPONIZED,67,Richard Dolan’s History of USOs,2025-weaponized-episode-67,Witness Accounts,Metadata Discovery,2017 Iraq Jellyfish UAP Incident; Skinwalker Ranch,fail,pass,not_applicable,"Historian Richard Dolan discusses documented reports of unidentified submerged objects, alleged transmedium craft, maritime witnesses, and cases presented in A History of USOs, Volume 1.",low,do_not_recommend,"This episode substantively addresses Witness Accounts and offers a distinct research contribution through its series perspective, evidence, or educational context.",pending,
WEAPONIZED,68,Ralph Blumenthal and the 2017 New York Times UFO Story,2025-weaponized-episode-68,Witness Accounts,Metadata Discovery,2017 Iraq Jellyfish UAP Incident; Skinwalker Ranch,fail,pass,not_applicable,"Ralph Blumenthal describes how he, Helene Cooper, and Leslie Kean reported the landmark 2017 New York Times UFO story, the editorial resistance they encountered, and his research into psychiatrist John Mack.",low,do_not_recommend,"This episode substantively addresses Witness Accounts and offers a distinct research contribution through its series perspective, evidence, or educational context.",pending,
WEAPONIZED,69,"John Mack, Ariel School, and Reporting the Unreportable",2025-weaponized-episode-69,Witness Accounts,Metadata Discovery,1994 Ariel School Encounter; 2017 Iraq Jellyfish UAP Incident; Skinwalker Ranch,fail,pass,not_applicable,"In the second part of the Ralph Blumenthal interview, the discussion focuses on John Mack’s abduction research, Harvard’s review of his work, the Ariel School encounter, and barriers facing modern UAP whistleblowers.",low,do_not_recommend,"This episode substantively addresses Witness Accounts and offers a distinct research contribution through its series perspective, evidence, or educational context.",pending,
WEAPONIZED,70,The Age of Disclosure and Media Coverage of UAP,2025-weaponized-episode-70,Witness Accounts,Metadata Discovery,2004 Nimitz Encounter; 2014–2015 East Coast Navy Encounters; 2017 Iraq Jellyfish UAP Incident; 2019 U.S. Navy Ship Swarm Incidents; Skinwalker Ranch,fail,pass,not_applicable,"Jeremy Corbell and George Knapp discuss The Age of Disclosure, media treatment of UAP witnesses, and omissions they identify in coverage of mystery-drone and 2019 Navy ship incidents.",low,do_not_recommend,"This episode substantively addresses Witness Accounts and offers a distinct research contribution through its series perspective, evidence, or educational context.",pending,
WEAPONIZED,71,The Vandenberg Red Square UAP,2025-weaponized-episode-71,Witness Accounts,Metadata Discovery,2017 Iraq Jellyfish UAP Incident; Skinwalker Ranch; Vandenberg Red Square UAP Incident,fail,pass,not_applicable,"Air Force veteran Jeff Nuccetelli describes reported UAP incursions at Vandenberg, including a large glowing red square or rectangular object, and discusses a released military police blotter tied to the event.",low,do_not_recommend,"This episode substantively addresses Witness Accounts and offers a distinct research contribution through its series perspective, evidence, or educational context.",pending,
WEAPONIZED,73,USS Jackson Eyewitness Alex Wiggins,2025-weaponized-episode-73,Witness Accounts,Metadata Discovery,2004 Nimitz Encounter; 2014–2015 East Coast Navy Encounters; 2017 Iraq Jellyfish UAP Incident; 2023 USS Jackson Tic Tac Incident; Skinwalker Ranch,pass,pass,not_applicable,Active-duty Navy service member Alex Wiggins describes witnessing a glowing Tic Tac-shaped object emerge from the ocean near USS Jackson and join three similar objects before departing in formation.,medium,recommend_approval,"This episode substantively addresses Witness Accounts and offers a distinct research contribution through its series perspective, evidence, or educational context.",pending,
WEAPONIZED,78,"Sean Kirkpatrick, AARO, and UFO Politics",2025-weaponized-episode-78,Witness Accounts,Metadata Discovery,2017 Iraq Jellyfish UAP Incident; Kona Blue Proposed UAP Program; Skinwalker Ranch,fail,pass,not_applicable,The hosts challenge claims attributed to former AARO director Sean Kirkpatrick and discuss UFO politics and Contact in the Desert with Ernie Cline and Dan Cleary.,low,do_not_recommend,"This episode substantively addresses Witness Accounts and offers a distinct research contribution through its series perspective, evidence, or educational context.",pending,
WEAPONIZED,80,"UFOs, Nuclear Weapons, and the Wall Street Journal",2025-weaponized-episode-80,Witness Accounts,Metadata Discovery,2017 Iraq Jellyfish UAP Incident; Kona Blue Proposed UAP Program; Skinwalker Ranch,fail,pass,not_applicable,"Jeremy Corbell and George Knapp, joined by Robert Hastings and Marik von Rennenkampff, rebut Wall Street Journal reporting about UFO history and examine longstanding reports of UAP activity near nuclear weapons sites.",low,do_not_recommend,"This episode substantively addresses Witness Accounts and offers a distinct research contribution through its series perspective, evidence, or educational context.",pending,
WEAPONIZED,82,"Disclosure, Drones, and Competition for Crash Materials",2025-weaponized-episode-82,Witness Accounts,Metadata Discovery,2017 Iraq Jellyfish UAP Incident; Skinwalker Ranch,fail,pass,not_applicable,"The hosts survey recent UAP disclosure developments, including statements by administration insiders, additional military and intelligence witnesses, congressional interest in secret programs and drones, and reported competition for access to alleged crash materials.",low,do_not_recommend,"This episode substantively addresses Witness Accounts and offers a distinct research contribution through its series perspective, evidence, or educational context.",pending,
WEAPONIZED,83,Storming the Silence — Dave Foley and the Fight for UAP Transparency,2025-weaponized-episode-83,Witness Accounts,Metadata Discovery,2017 Iraq Jellyfish UAP Incident; Skinwalker Ranch,pass,pass,not_applicable,"Jeremy Corbell and George Knapp interview comedian and actor Dave Foley about his personal UFO sighting, his changing views, and the broader struggle over disinformation, whistleblower suppression, and media treatment of UAP.",medium,recommend_approval,"This episode substantively addresses Witness Accounts and offers a distinct research contribution through its series perspective, evidence, or educational context.",pending,
WEAPONIZED,84,False Prophets and Flying Objects — The Whistleblower Wave,2025-weaponized-episode-84,Witness Accounts,Metadata Discovery,2017 Iraq Jellyfish UAP Incident; Skinwalker Ranch,pass,pass,not_applicable,"The hosts examine preparations for a September congressional UAP hearing, the reluctance of firsthand witnesses to testify, competing pressure from transparency advocates and secrecy interests, and a newly surfaced Defense Department case discussed with Dustin Slaughter.",medium,recommend_approval,"This episode substantively addresses Witness Accounts and offers a distinct research contribution through its series perspective, evidence, or educational context.",pending,
WEAPONIZED,85,Weaponized Silence — The UFO Disclosure Dilemma,2025-weaponized-episode-85,Witness Accounts,Metadata Discovery,2017 Iraq Jellyfish UAP Incident; Skinwalker Ranch,pass,pass,not_applicable,"Joe Murgia, Danny Silva, and Ryan Robbins join the hosts to assess the approaching congressional hearing, witness intimidation, definitions of disclosure, disinformation, and the obstacles facing efforts to obtain undeniable public evidence.",medium,recommend_approval,"This episode substantively addresses Witness Accounts and offers a distinct research contribution through its series perspective, evidence, or educational context.",pending,
WEAPONIZED,86,"Threats, Intimidation, Prosecution — The Daunting Risks for UFO Whistleblowers",2025-weaponized-episode-86,Witness Accounts,Metadata Discovery,2017 Iraq Jellyfish UAP Incident; Skinwalker Ranch,fail,pass,not_applicable,"Attorney Richard Beckwith and aerospace executive Mike Gold explain the legal, professional, and practical risks facing cleared personnel who consider disclosing sensitive UAP information to Congress, including confusion surrounding promised classified briefings.",low,do_not_recommend,"This episode substantively addresses Witness Accounts and offers a distinct research contribution through its series perspective, evidence, or educational context.",pending,
WEAPONIZED,89,The 2025 UAP Hearing — Did It Move the Needle?,2025-weaponized-episode-89,Witness Accounts,Metadata Discovery,2017 Iraq Jellyfish UAP Incident; September 2025 House UAP Hearing; 2025 Yemen Hellfire UAP Video; Skinwalker Ranch,fail,pass,not_applicable,"Participants in the September 2025 congressional UAP hearing discuss preparation, testimony, public reaction, whistleblower risks, and military video showing a missile engagement with an unidentified object over Yemen.",low,do_not_recommend,"This episode substantively addresses Witness Accounts and offers a distinct research contribution through its series perspective, evidence, or educational context.",pending,
WEAPONIZED,90,The Reluctant UFO Whistleblower — Dylan Borland Tells All: Part 1,2025-weaponized-episode-90,Witness Accounts,Metadata Discovery,2017 Iraq Jellyfish UAP Incident; Skinwalker Ranch,pass,pass,not_applicable,"Dylan Borland recounts his path from the U.S. Air Force into classified contractor work, an alleged firsthand encounter with UAP technology, and claimed threats, clearance manipulation, intimidation, and economic pressure.",medium,recommend_approval,"This episode substantively addresses Witness Accounts and offers a distinct research contribution through its series perspective, evidence, or educational context.",pending,
WEAPONIZED,91,Dylan Borland Unloads — The Truth About Legacy UFO Programs: Part 2,2025-weaponized-episode-91,Witness Accounts,Metadata Discovery,2017 Iraq Jellyfish UAP Incident; Skinwalker Ranch,fail,pass,not_applicable,"In the second part of the Dylan Borland interview, Borland expands on his allegations concerning legacy UAP programs, compartmented access, intimidation, and the nature of the technology and activity he says he encountered.",low,do_not_recommend,"This episode substantively addresses Witness Accounts and offers a distinct research contribution through its series perspective, evidence, or educational context.",pending,
WEAPONIZED,92,The UAP Witness That Didn’t Testify — Congress Wanted You to Hear This,2025-weaponized-episode-92,Witness Accounts,Metadata Discovery,2017 Iraq Jellyfish UAP Incident; Eglin Runway UAP Incident; Skinwalker Ranch,fail,pass,not_applicable,Jeremy Corbell and George Knapp interview a military veteran who had been expected to testify before Congress and who reports seeing a large craft hovering above a runway at Eglin Air Force Base before departing at extraordinary speed.,low,do_not_recommend,"This episode substantively addresses Witness Accounts and offers a distinct research contribution through its series perspective, evidence, or educational context.",pending,
WEAPONIZED,96,"James Lacatski on AAWSAP, Kona Blue, and a Recovered Craft — Part 1",2025-weaponized-episode-96,Witness Accounts,Metadata Discovery,2017 Iraq Jellyfish UAP Incident; Kona Blue Proposed UAP Program; Skinwalker Ranch,fail,pass,not_applicable,"Former DIA official James Lacatski discusses AAWSAP, Kona Blue, AARO, alleged counterintelligence activity, and his authorized account of a recovered craft whose hull was reportedly breached.",low,do_not_recommend,"This episode substantively addresses Witness Accounts and offers a distinct research contribution through its series perspective, evidence, or educational context.",pending,
WEAPONIZED,103,"2025 Year in Review — Progress, Evidence, and Pushback",2026-weaponized-episode-103,Witness Accounts,Metadata Discovery,2017 Iraq Jellyfish UAP Incident; Roswell Incident; Skinwalker Ranch,fail,pass,not_applicable,"Jeremy Corbell and George Knapp review WEAPONIZED’s 2025 reporting, including new witnesses, released UAP imagery, congressional engagement, major books and films, mystery-drone incursions, and the organized pushback against UFO transparency.",low,do_not_recommend,"This episode substantively addresses Witness Accounts and offers a distinct research contribution through its series perspective, evidence, or educational context.",pending,
WEAPONIZED,105,James Fox — New Varginha Witnesses and the Continuing Cover-Up,2026-weaponized-episode-105,Witness Accounts,Metadata Discovery,2017 Iraq Jellyfish UAP Incident; Skinwalker Ranch; Varginha Ufo Incident,pass,pass,not_applicable,"Filmmaker James Fox discusses new witnesses connected to the 1996 Varginha incident, alleged intimidation, efforts to locate medical personnel and video evidence, and a Washington press event intended to bring firsthand testimony before the public and Congress.",medium,recommend_approval,"This episode substantively addresses Witness Accounts and offers a distinct research contribution through its series perspective, evidence, or educational context.",pending,
WEAPONIZED,106,Ryan “Neo” Bodenheimer — Four Pilot UAP Encounters,2026-weaponized-episode-106,Witness Accounts,Metadata Discovery,2017 Iraq Jellyfish UAP Incident; Skinwalker Ranch,fail,pass,not_applicable,"Retired Air Force lieutenant colonel and former Thunderbird Ryan Bodenheimer describes four aerial UAP encounters, including a close call, and explains why the observed objects did not resemble conventional aerodynamic craft.",low,do_not_recommend,"This episode substantively addresses Witness Accounts and offers a distinct research contribution through its series perspective, evidence, or educational context.",pending,
WEAPONIZED,112,Eric Burlison — Classified Site Visit and Congressional UAP Oversight,2026-weaponized-episode-112,Witness Accounts,Metadata Discovery,2017 Iraq Jellyfish UAP Incident; Skinwalker Ranch,fail,pass,not_applicable,"Representative Eric Burlison discusses a classified facility visit, limits on what he can reveal, the credibility of whistleblowers, congressional efforts to obtain concealed UAP records, and his evolving view after reviewing sensitive information firsthand.",low,do_not_recommend,"This episode substantively addresses Witness Accounts and offers a distinct research contribution through its series perspective, evidence, or educational context.",pending,
WEAPONIZED,116,UAP Transparency at the National Space Symposium,2026-weaponized-episode-116,Witness Accounts,Metadata Discovery,2017 Iraq Jellyfish UAP Incident; Skinwalker Ranch,pass,pass,not_applicable,"Jeremy Corbell and George Knapp review a National Space Symposium panel featuring David Grusch, Representative Eric Burlison, Mike Gold, and Rod Roddenberry discussing UAP transparency, credible testimony, space-sector responsibilities, and serious evaluation of anomalous reports.",medium,recommend_approval,"This episode substantively addresses Witness Accounts and offers a distinct research contribution through its series perspective, evidence, or educational context.",pending,
WEAPONIZED,119,The Price Paid by UAP Whistleblowers,2026-weaponized-episode-119,Witness Accounts,Metadata Discovery,2017 Iraq Jellyfish UAP Incident; Skinwalker Ranch,fail,pass,not_applicable,"Recorded at Contact in the Desert, Dylan Borland, Matthew Brown, and Alex Wiggins describe unemployment, surveillance, break-ins, intimidation, legal threats, and financial harm after coming forward, while proposing practical support and protection for future UAP witnesses.",low,do_not_recommend,"This episode substantively addresses Witness Accounts and offers a distinct research contribution through its series perspective, evidence, or educational context.",pending,
WEAPONIZED,120,Whitley Strieber — Transformation 2026 and the Meaning of Close Encounters,2026-weaponized-episode-120,Witness Accounts,Metadata Discovery,2017 Iraq Jellyfish UAP Incident; Skinwalker Ranch,pass,pass,not_applicable,"Whitley Strieber discusses Communion, his continuing interpretation of encounters with non-human beings, the impact his writing had on others with similar experiences, and how Transformation 2026 revisits childhood memories and possible implications for humanity.",medium,recommend_approval,"This episode substantively addresses Witness Accounts and offers a distinct research contribution through its series perspective, evidence, or educational context.",pending,
